Cluster,ID,Description,GeneRatio,BgRatio,RichFactor,FoldEnrichment,zScore,pvalue,p.adjust,qvalue,geneID,Count
M0,GO:0006596,polyamine biosynthetic process,3/85,13/18805,0.23076923076923078,51.05429864253394,12.164890852024115,2.467028717043269e-5,0.01804338986777897,0.016790950143928562,262/4947/6723,3
M0,GO:0042401,biogenic amine biosynthetic process,4/85,39/18805,0.10256410256410256,22.69079939668175,9.137000892001831,2.833915287965001e-5,0.01804338986777897,0.016790950143928562,217/262/4947/6723,4
M0,GO:0009309,amine biosynthetic process,4/85,40/18805,0.1,22.123529411764707,9.011640475050266,3.137980846570256e-5,0.01804338986777897,0.016790950143928562,217/262/4947/6723,4
M0,GO:0006595,polyamine metabolic process,3/85,18/18805,0.16666666666666666,36.87254901960784,10.260096240360708,6.924670734198194e-5,0.029862642541229712,0.027789797025400652,262/4947/6723,3
M1,GO:0030199,collagen fibril organization,6/87,69/18805,0.08695652173913043,18.79560219890055,10.096104139929732,7.81479529824258e-7,0.0014902814633748602,0.0013424995712349361,302/1277/1278/1281/60681/4060,6
M1,GO:0042060,wound healing,11/87,450/18805,0.024444444444444446,5.283652618135377,6.2704445707144645,7.113582848905081e-6,0.006782801246430995,0.006110193268112155,301/302/308/977/1281/1465/60681/3998/389/710/7076,11
M1,GO:0001503,ossification,10/87,458/18805,0.021834061135371178,4.719419766099483,5.493895941877223,4.9867901638130086e-5,0.03169936280797136,0.028555935253834496,1052/1277/1278/2719/3399/3481/3486/4256/5764/51119,10
M2,GO:0000377,"RNA splicing, via transesterification reactions with bulged adenosine as nucleophile",18/92,336/18805,0.05357142857142857,10.950116459627328,12.903972774724826,3.8789661238398375e-14,2.0822665200196755e-11,1.9216302419792245e-11,708/9879/4670/3312/23658/4691/84844/6421/79622/6627/6628/6632/6636/6637/6427/6428/6432/6434,18
M2,GO:0000398,"mRNA splicing, via spliceosome",18/92,336/18805,0.05357142857142857,10.950116459627328,12.903972774724826,3.8789661238398375e-14,2.0822665200196755e-11,1.9216302419792245e-11,708/9879/4670/3312/23658/4691/84844/6421/79622/6627/6628/6632/6636/6637/6427/6428/6432/6434,18
M2,GO:0000375,"RNA splicing, via transesterification reactions",18/92,340/18805,0.052941176470588235,10.821291560102301,12.813882361004472,4.754033150729853e-14,2.0822665200196755e-11,1.9216302419792245e-11,708/9879/4670/3312/23658/4691/84844/6421/79622/6627/6628/6632/6636/6637/6427/6428/6432/6434,18
M2,GO:0008380,RNA splicing,19/92,482/18805,0.03941908713692946,8.05734710445607,11.005607810951439,1.6716467399054047e-12,5.491359540589254e-10,5.067729064134279e-10,708/9879/2521/4670/3312/23658/4691/84844/6421/79622/6627/6628/6632/6636/6637/6427/6428/6432/6434,19
M2,GO:1903241,U2-type prespliceosome assembly,7/92,25/18805,0.28,57.23260869565218,19.72685116397317,2.379147468213694e-11,6.2523995464655874e-9,5.770058701857211e-9,9879/84844/6627/6628/6632/6636/6637,7
M2,GO:0000966,RNA 5'-end processing,6/92,38/18805,0.15789473684210525,32.27402745995423,13.530863429042768,2.8288871536142207e-8,6.195262866415143e-6,5.717329826251898e-6,10248/6628/6632/6636/6637/6741,6
M2,GO:0006457,protein folding,10/92,227/18805,0.04405286343612335,9.00450105343804,8.50736451806433,1.637300921273069e-7,3.073447729361161e-5,2.836346859107632e-5,22948/908/8872/2280/2896/3312/3336/8195/10726/5034,10
M2,GO:0000245,spliceosomal complex assembly,7/92,96/18805,0.07291666666666667,14.904325181159422,9.576516719966763,4.4531358041808977e-7,7.314275558367124e-5,6.750016376863675e-5,9879/84844/6627/6628/6632/6636/6637,7
M2,GO:0022613,ribonucleoprotein complex biogenesis,13/92,494/18805,0.02631578947368421,5.379004576659039,6.915604820789761,8.163603791224242e-7,1.1918861535187393e-4,1.0999381950281081e-4,708/9879/1964/55651/10528/84844/10248/6627/6628/6632/6636/6637/7520,13
M2,GO:0036260,RNA capping,4/92,16/18805,0.25,51.10054347826087,14.057170785611484,9.333389422068665e-7,1.2264073700598226e-4,1.1317962751813791e-4,6628/6632/6636/6637,4
M2,GO:0006458,'de novo' protein folding,5/92,49/18805,0.10204081632653061,20.857364685004438,9.758810075597406,4.040219194204647e-6,4.82622547380446e-4,4.4539067097834964e-4,22948/908/2280/3312/3336,5
M2,GO:0022618,protein-RNA complex assembly,8/92,228/18805,0.03508771929824561,7.172006102212051,6.574357340075613,1.6024952030860004e-5,0.0017547322473791705,0.0016193635736448005,9879/84844/6627/6628/6632/6636/6637/7520,8
M2,GO:0048024,"regulation of mRNA splicing, via spliceosome",6/92,111/18805,0.05405405405405406,11.048766157461811,7.445098301249493,1.7429639777969127e-5,0.001761734359096264,0.0016258255080340432,708/4691/6427/6428/6432/6434,6
M2,GO:0009451,RNA modification,7/92,171/18805,0.04093567251461988,8.367340452580725,6.785831560446246,2.080304695281135e-5,0.001855006754657313,0.0017119024123730068,3182/55651/6628/6632/6636/6637/6741,7
M2,GO:0071826,protein-RNA complex organization,8/92,237/18805,0.03375527426160337,6.8996514401027325,6.4086313370046994,2.1175876194718186e-5,0.001855006754657313,0.0017119024123730068,9879/84844/6627/6628/6632/6636/6637/7520,8
M2,GO:0043484,regulation of RNA splicing,7/92,187/18805,0.0374331550802139,7.651418274819809,6.409377858614619,3.692098274111719e-5,0.003032135707614249,0.002798221849853092,708/2521/4691/6427/6428/6432/6434,7
M2,GO:0050684,regulation of mRNA processing,6/92,133/18805,0.045112781954887216,9.221150702844067,6.671297939711558,4.8429286314627816e-5,0.0037432989539659383,0.0034545224665294885,708/4691/6427/6428/6432/6434,6
M2,GO:0051084,'de novo' post-translational protein folding,4/92,44/18805,0.09090909090909091,18.58201581027668,8.186802978614054,6.269388278720917e-5,0.004576653443466269,0.004223587893033038,22948/908/3312/3336,4
M2,GO:0006403,RNA localization,7/92,206/18805,0.03398058252427184,6.945704938792739,6.016438645936306,6.815095389658061e-5,0.0047131764957951015,0.004349578885809466,22948/908/3182/55651/6428/6432/6741,7
M2,GO:0090670,RNA localization to Cajal body,3/92,19/18805,0.15789473684210525,32.27402745995423,9.562925683933566,1.0374526925122429e-4,0.0059270123389612486,0.005469773463497043,22948/908/55651,3
M2,GO:0090671,telomerase RNA localization to Cajal body,3/92,19/18805,0.15789473684210525,32.27402745995423,9.562925683933566,1.0374526925122429e-4,0.0059270123389612486,0.005469773463497043,22948/908/55651,3
M2,GO:0090672,telomerase RNA localization,3/92,19/18805,0.15789473684210525,32.27402745995423,9.562925683933566,1.0374526925122429e-4,0.0059270123389612486,0.005469773463497043,22948/908/55651,3
M2,GO:0090685,RNA localization to nucleus,3/92,19/18805,0.15789473684210525,32.27402745995423,9.562925683933566,1.0374526925122429e-4,0.0059270123389612486,0.005469773463497043,22948/908/55651,3
M2,GO:0000387,spliceosomal snRNP assembly,4/92,53/18805,0.07547169811320754,15.426579163248563,7.3743683522322225,1.307680863854856e-4,0.007159552729605336,0.00660722962789822,6628/6632/6636/6637,4
M2,GO:1990830,cellular response to leukemia inhibitory factor,5/92,105/18805,0.047619047619047616,9.73343685300207,6.292255612940929,1.6495892509185177e-4,0.00867024110282773,0.008001376071823715,9521/4691/6428/6432/7520,5
M2,GO:1990823,response to leukemia inhibitory factor,5/92,107/18805,0.04672897196261682,9.551503453880537,6.219910173033147,1.8022360723602264e-4,0.00910822384262053,0.008405570669469557,9521/4691/6428/6432/7520,5
M2,GO:0009147,pyrimidine nucleoside triphosphate metabolic process,3/92,24/18805,0.125,25.550271739130434,8.438201544644043,2.1289217179799692e-4,0.01036075236083585,0.009561472978997756,79077/1854/4830,3
M2,GO:0007004,telomere maintenance via telomerase,4/92,62/18805,0.06451612903225806,13.187237026647967,6.739518596294276,2.408987334946984e-4,0.011305033421858348,0.010432907555860621,22948/908/55651/7520,4
M2,GO:0006278,RNA-templated DNA biosynthetic process,4/92,69/18805,0.057971014492753624,11.849401386263391,6.330517437075038,3.637167389384179e-4,0.016480130860864868,0.015208772532016605,22948/908/55651/7520,4
M2,GO:0000725,recombinational repair,6/92,194/18805,0.030927835051546393,6.321716718960107,5.224143397512907,3.8122160443587435e-4,0.016697506274291295,0.015409378537197446,708/2521/6119/6421/7334/7520,6
M2,GO:0034508,centromere complex assembly,3/92,30/18805,0.1,20.440217391304348,7.47169435360108,4.180719315243116e-4,0.017167078688217045,0.01584272582618444,201161/201254/4678,3
M2,GO:0070198,"protein localization to chromosome, telomeric region",3/92,30/18805,0.1,20.440217391304348,7.47169435360108,4.180719315243116e-4,0.017167078688217045,0.01584272582618444,22948/908/7520,3
M2,GO:0010833,telomere maintenance via telomere lengthening,4/92,75/18805,0.05333333333333334,10.90144927536232,6.024317273075069,5.000772585907191e-4,0.019743763022969738,0.01822063206157265,22948/908/55651/7520,4
M2,GO:0000380,"alternative mRNA splicing, via spliceosome",4/92,76/18805,0.05263157894736842,10.758009153318078,5.976653094343468,5.258993194854953e-4,0.019743763022969738,0.01822063206157265,4670/6421/6427/6434,4
M2,GO:0061077,chaperone-mediated protein folding,4/92,76/18805,0.05263157894736842,10.758009153318078,5.976653094343468,5.258993194854953e-4,0.019743763022969738,0.01822063206157265,22948/908/3312/3336,4
M2,GO:0001510,RNA methylation,4/92,81/18805,0.04938271604938271,10.093934514224369,5.750986416971636,6.694142441534754e-4,0.024433619911601853,0.022548690329380224,6628/6632/6636/6637,4
M2,GO:1903311,regulation of mRNA metabolic process,8/92,404/18805,0.019801980198019802,4.047567800258287,4.3418085778731506,8.177646990686502e-4,0.029041697691248824,0.02680127833078478,708/2521/3182/4691/6427/6428/6432/6434,8
M2,GO:0018208,peptidyl-proline modification,2/92,10/18805,0.2,40.880434782608695,8.84475984868511,0.0010385511195304265,0.031772080986372714,0.029321026432989956,2280/5034,2
M2,GO:0070203,regulation of establishment of protein localization to telomere,2/92,10/18805,0.2,40.880434782608695,8.84475984868511,0.0010385511195304265,0.031772080986372714,0.029321026432989956,22948/908,2
M2,GO:1904816,"positive regulation of protein localization to chromosome, telomeric region",2/92,10/18805,0.2,40.880434782608695,8.84475984868511,0.0010385511195304265,0.031772080986372714,0.029321026432989956,22948/908,2
M2,GO:1904869,regulation of protein localization to Cajal body,2/92,10/18805,0.2,40.880434782608695,8.84475984868511,0.0010385511195304265,0.031772080986372714,0.029321026432989956,22948/908,2
M2,GO:1904871,positive regulation of protein localization to Cajal body,2/92,10/18805,0.2,40.880434782608695,8.84475984868511,0.0010385511195304265,0.031772080986372714,0.029321026432989956,22948/908,2
M2,GO:0006302,double-strand break repair,7/92,323/18805,0.021671826625386997,4.429768474895679,4.359522350029942,0.0010397256334962151,0.031772080986372714,0.029321026432989956,708/7913/2521/6119/6421/7334/7520,7
M2,GO:0000723,telomere maintenance,5/92,162/18805,0.030864197530864196,6.30870907139023,4.75812513376221,0.001199907338717898,0.03583359643352995,0.03306921660772771,22948/908/55651/6119/7520,5
M2,GO:0042797,tRNA transcription by RNA polymerase III,2/92,11/18805,0.18181818181818182,37.16403162055336,8.412225341025103,0.0012653015305843197,0.03614361328669122,0.03335531723645621,112495/5441,2
M2,GO:0070202,regulation of establishment of protein localization to chromosome,2/92,11/18805,0.18181818181818182,37.16403162055336,8.412225341025103,0.0012653015305843197,0.03614361328669122,0.03335531723645621,22948/908,2
M2,GO:0009143,nucleoside triphosphate catabolic process,2/92,12/18805,0.16666666666666666,34.06702898550724,8.03405995452663,0.001513532543523938,0.03899572082726382,0.035987399177287445,79077/1854,2
M2,GO:0009304,tRNA transcription,2/92,12/18805,0.16666666666666666,34.06702898550724,8.03405995452663,0.001513532543523938,0.03899572082726382,0.035987399177287445,112495/5441,2
M2,GO:1903405,protein localization to nuclear body,2/92,12/18805,0.16666666666666666,34.06702898550724,8.03405995452663,0.001513532543523938,0.03899572082726382,0.035987399177287445,22948/908,2
M2,GO:1904867,protein localization to Cajal body,2/92,12/18805,0.16666666666666666,34.06702898550724,8.03405995452663,0.001513532543523938,0.03899572082726382,0.035987399177287445,22948/908,2
M2,GO:1904872,regulation of telomerase RNA localization to Cajal body,2/92,12/18805,0.16666666666666666,34.06702898550724,8.03405995452663,0.001513532543523938,0.03899572082726382,0.035987399177287445,22948/908,2
M2,GO:1903312,negative regulation of mRNA metabolic process,4/92,103/18805,0.038834951456310676,7.937948501477416,4.950544674695959,0.0016394124757634577,0.04142669217602276,0.03823083344290493,708/2521/3182/6432,4
M2,GO:0006356,regulation of transcription by RNA polymerase I,3/92,48/18805,0.0625,12.775135869565217,5.727329675780083,0.0016713429545613032,0.04143375947626631,0.03823735553685716,7913/4691/5441,3
M2,GO:0006310,DNA recombination,7/92,352/18805,0.019886363636363636,4.0648159584980235,4.069954624564635,0.0017027572387506703,0.04143375947626631,0.03823735553685716,708/201254/2521/6119/6421/7334/7520,7
M2,GO:0001682,tRNA 5'-leader removal,2/92,13/18805,0.15384615384615385,31.446488294314385,7.69962738763386,0.001783033158453656,0.0425982830946928,0.039312042077293996,10248/6741,2
M2,GO:1904814,"regulation of protein localization to chromosome, telomeric region",2/92,14/18805,0.14285714285714285,29.20031055900621,7.400998032588768,0.002073593886890416,0.047801795918842226,0.044114130336062034,22948/908,2
M2,GO:1990173,protein localization to nucleoplasm,2/92,14/18805,0.14285714285714285,29.20031055900621,7.400998032588768,0.002073593886890416,0.047801795918842226,0.044114130336062034,22948/908,2
M3,GO:0006091,generation of precursor metabolites and energy,17/63,484/18805,0.03512396694214876,10.484225370589007,12.255679301485134,2.4588853786153567e-13,3.72275246322365e-10,2.9144262487588335e-10,400916/10063/1349/2109/4190/4191/4694/4700/4711/4723/4731/5214/5502/6389/291/8802/27089,17
M3,GO:0045333,cellular respiration,13/63,245/18805,0.053061224489795916,15.838354389374796,13.553991992310623,1.3314003872025066e-12,1.0078700931122974e-9,7.890299136789592e-10,400916/1349/2109/4190/4191/4694/4700/4711/4723/4731/6389/8802/27089,13
M3,GO:0009060,aerobic respiration,12/63,201/18805,0.05970149253731343,17.820421701018713,13.900139928967365,2.647955183886758e-12,1.3363347161348505e-9,1.0461745744057858e-9,400916/1349/4190/4191/4694/4700/4711/4723/4731/6389/8802/27089,12
M3,GO:0015980,energy derivation by oxidation of organic compounds,14/63,352/18805,0.03977272727272727,11.871843434343434,11.937914374653156,8.181217461564172e-12,3.096590809202039e-9,2.424223910979279e-9,400916/1349/2109/4190/4191/4694/4700/4711/4723/4731/5502/6389/8802/27089,14
M3,GO:0022904,respiratory electron transport chain,9/63,117/18805,0.07692307692307693,22.960927960927965,13.814960092070407,1.8265729584950714e-10,5.041938004502799e-8,3.9471752715498516e-8,1349/2109/4694/4700/4711/4723/4731/6389/27089,9
M3,GO:0006163,purine nucleotide metabolic process,14/63,448/18805,0.03125,9.327876984126984,10.343318155754547,1.998126025562536e-10,5.041938004502799e-8,3.9471752715498516e-8,203/481/2805/4190/4191/4625/4694/4700/4711/4723/4731/11163/5214/6389,14
M3,GO:0022900,electron transport chain,9/63,127/18805,0.07086614173228346,21.152980877390327,13.211842779524028,3.819137108541595e-10,8.260247974759964e-8,6.466689299575694e-8,1349/2109/4694/4700/4711/4723/4731/6389/27089,9
M3,GO:1902600,proton transmembrane transport,10/63,190/18805,0.05263157894736842,15.710108604845447,11.815404344127925,7.024811829185235e-10,1.3294456386733056e-7,1.0407813315345494e-7,476/481/10063/1349/4694/4700/4711/4723/4731/291,10
M3,GO:0019646,aerobic electron transport chain,8/63,93/18805,0.08602150537634409,25.67673664447858,13.831093757893603,8.16101342731158e-10,1.3728638143277482e-7,1.0747720607196306e-7,1349/4694/4700/4711/4723/4731/6389/27089,8
M3,GO:0042773,ATP synthesis coupled electron transport,8/63,101/18805,0.07920792079207921,23.642935722143644,13.228591417333133,1.5860479110717222e-9,2.1829786703296248e-7,1.7089855960447457e-7,1349/4694/4700/4711/4723/4731/6389/27089,8
M3,GO:0042775,mitochondrial ATP synthesis coupled electron transport,8/63,101/18805,0.07920792079207921,23.642935722143644,13.228591417333133,1.5860479110717222e-9,2.1829786703296248e-7,1.7089855960447457e-7,1349/4694/4700/4711/4723/4731/6389/27089,8
M3,GO:0006119,oxidative phosphorylation,9/63,151/18805,0.059602649006622516,17.790917691579946,12.01059020663848,1.785967742991459e-9,2.2532959690742244e-7,1.7640348057968276e-7,400916/1349/4694/4700/4711/4723/4731/6389/27089,9
M3,GO:0046034,ATP metabolic process,10/63,230/18805,0.043478260869565216,12.97791580400276,10.596640285635202,4.466871524660837e-9,5.20218729872039e-7,4.072629422484294e-7,203/481/4625/4694/4700/4711/4723/4731/5214/6389,10
M3,GO:0009205,purine ribonucleoside triphosphate metabolic process,10/63,254/18805,0.03937007874015748,11.751656042994627,10.002210431185976,1.1544915962106474e-8,1.2485001976163714e-6,9.774116822054053e-7,203/481/4625/4694/4700/4711/4723/4731/5214/6389,10
M3,GO:0009144,purine nucleoside triphosphate metabolic process,10/63,261/18805,0.038314176245210725,11.43647752843155,9.843735050329279,1.4952732557797724e-8,1.4149023182816096e-6,1.1076826881631736e-6,203/481/4625/4694/4700/4711/4723/4731/5214/6389,10
M3,GO:0009199,ribonucleoside triphosphate metabolic process,10/63,261/18805,0.038314176245210725,11.43647752843155,9.843735050329279,1.4952732557797724e-8,1.4149023182816096e-6,1.1076826881631736e-6,203/481/4625/4694/4700/4711/4723/4731/5214/6389,10
M3,GO:0009150,purine ribonucleotide metabolic process,11/63,350/18805,0.03142857142857143,9.381179138321995,9.176341127208016,2.0591634967462172e-8,1.8338667847492783e-6,1.4356768404558767e-6,203/481/4625/4694/4700/4711/4723/4731/11163/5214/6389,11
M3,GO:0009141,nucleoside triphosphate metabolic process,10/63,277/18805,0.036101083032490974,10.77588676866655,9.503185470748809,2.62776238867381e-8,2.2102401424734158e-6,1.7303277483314097e-6,203/481/4625/4694/4700/4711/4723/4731/5214/6389,10
M3,GO:0009259,ribonucleotide metabolic process,11/63,371/18805,0.029649595687331536,8.850168998416976,8.854083202900474,3.737578062057111e-8,2.9782595715549823e-6,2.3315860930062648e-6,203/481/4625/4694/4700/4711/4723/4731/11163/5214/6389,11
M3,GO:0003012,muscle system process,12/63,467/18805,0.02569593147751606,7.670031610074436,8.462482379188623,4.0456042180462436e-8,3.0625223930610064e-6,2.3975528155368793e-6,476/481/1410/2934/4625/57644/51778/1482/5350/23676/8470/7171,12
M3,GO:0019693,ribose phosphate metabolic process,11/63,379/18805,0.029023746701846966,8.663358043305273,8.73797137564297,4.6448713391467783e-8,3.348731051175344e-6,2.6216166054532694e-6,203/481/4625/4694/4700/4711/4723/4731/11163/5214/6389,11
M3,GO:0042776,proton motive force-driven mitochondrial ATP synthesis,6/63,68/18805,0.08823529411764706,26.337535014005606,12.1354593271534,1.0312799405103118e-7,7.097081045148236e-6,5.556082358921585e-6,4694/4700/4711/4723/4731/6389,6
M3,GO:0009142,nucleoside triphosphate biosynthetic process,7/63,125/18805,0.056,16.715555555555554,10.220772885686914,1.9670915527330667e-7,1.294859396016462e-5,1.0137048459393289e-5,203/4694/4700/4711/4723/4731/6389,7
M3,GO:0015986,proton motive force-driven ATP synthesis,6/63,77/18805,0.07792207792207792,23.259121830550402,11.347367438471371,2.1822383997798213e-7,1.376628723861104e-5,1.0777194904175787e-5,4694/4700/4711/4723/4731/6389,6
M3,GO:0006941,striated muscle contraction,8/63,194/18805,0.041237113402061855,12.308951071837669,9.17964243084459,2.6470250903025494e-7,1.6030383946872238e-5,1.2549685270234403e-5,476/481/2934/4625/57644/1482/5350/23676,8
M3,GO:0006936,muscle contraction,10/63,359/18805,0.027855153203342618,8.3145421585533,8.112798674139766,2.9515026573540136e-7,1.7186827012438374e-5,1.3455028308423562e-5,476/481/1410/2934/4625/57644/1482/5350/23676/7171,10
M3,GO:0055119,relaxation of cardiac muscle,4/63,18/18805,0.2222222222222222,66.331569664903,16.07748291744873,3.3783346037073484e-7,1.8943698481529354e-5,1.4830427928945321e-5,476/481/2934/5350,4
M3,GO:0060048,cardiac muscle contraction,7/63,147/18805,0.047619047619047616,14.213907785336357,9.324913758606334,5.929354248665661e-7,3.2060865473142177e-5,2.5099446932321564e-5,476/481/2934/4625/57644/1482/5350,7
M3,GO:0006120,"mitochondrial electron transport, NADH to ubiquinone",5/63,51/18805,0.09803921568627451,29.263927793339555,11.718123649074272,7.489111169489112e-7,3.9098325208987985e-5,3.0608853636460044e-5,4694/4700/4711/4723/4731,5
M3,GO:0009152,purine ribonucleotide biosynthetic process,7/63,157/18805,0.044585987261146494,13.308563340410474,8.979010719855294,9.242937475929784e-7,4.664602446185898e-5,3.651771086981382e-5,203/4694/4700/4711/4723/4731/6389,7
M3,GO:0006754,ATP biosynthetic process,6/63,100/18805,0.06,17.909523809523808,9.829692916534032,1.0334827470735391e-6,5.047396384094639e-5,3.95144846589068e-5,4694/4700/4711/4723/4731/6389,6
M3,GO:0006942,regulation of striated muscle contraction,6/63,101/18805,0.0594059405940594,17.73220179160773,9.775387066840695,1.095902294830456e-6,5.184987732416594e-5,4.05916442098386e-5,476/481/4625/57644/1482/5350,6
M3,GO:0009260,ribonucleotide biosynthetic process,7/63,173/18805,0.04046242774566474,12.077713551701992,8.48654413117049,1.7709489514757389e-6,8.124899128891722e-5,6.360728929383357e-5,203/4694/4700/4711/4723/4731/6389,7
M3,GO:0009206,purine ribonucleoside triphosphate biosynthetic process,6/63,111/18805,0.05405405405405406,16.134706134706136,9.27196518542435,1.9077034200742353e-6,8.49489111174233e-5,6.650384058834642e-5,4694/4700/4711/4723/4731/6389,6
M3,GO:0009145,purine nucleoside triphosphate biosynthetic process,6/63,112/18805,0.05357142857142857,15.9906462585034,9.225231932033989,2.010453322261903e-6,8.69664665687006e-5,6.808332152983167e-5,4694/4700/4711/4723/4731/6389,6
M3,GO:0046390,ribose phosphate biosynthetic process,7/63,180/18805,0.03888888888888889,11.608024691358024,8.291060094799736,2.306498391398877e-6,9.7001071238275e-5,7.593909908523789e-5,203/4694/4700/4711/4723/4731/6389,7
M3,GO:0009201,ribonucleoside triphosphate biosynthetic process,6/63,117/18805,0.05128205128205128,15.307285307285307,9.000283407771805,2.5943249743927913e-6,1.0615697327650502e-4,8.310696788524278e-5,4694/4700/4711/4723/4731/6389,6
M3,GO:0072522,purine-containing compound biosynthetic process,8/63,264/18805,0.030303030303030304,9.045214045214045,7.632387626817525,2.6963376075749737e-6,1.0742776678601343e-4,8.410183230275403e-5,203/25874/4694/4700/4711/4723/4731/6389,8
M3,GO:0006164,purine nucleotide biosynthetic process,7/63,198/18805,0.03535353535353535,10.552749719416386,7.834481240318706,4.33511181234175e-6,1.6829126368936946e-4,1.3174995683392203e-4,203/4694/4700/4711/4723/4731/6389,7
M3,GO:0006099,tricarboxylic acid cycle,4/63,34/18805,0.11764705882352941,35.11671335200747,11.543841880261846,4.918479875367096e-6,1.861644632826446e-4,1.457423247279829e-4,4190/4191/6389/8802,4
M3,GO:0090075,relaxation of muscle,4/63,35/18805,0.11428571428571428,34.11337868480725,11.368228933125694,5.539207097683575e-6,2.0454535477787642e-4,1.6013214870325306e-4,476/481/2934/5350,4
M3,GO:0006734,NADH metabolic process,4/63,40/18805,0.1,29.849206349206348,10.589537937681563,9.547714891206298e-6,3.441723891734842e-4,2.694417786340424e-4,2805/4190/4191/5214,4
M3,GO:1901293,nucleoside phosphate biosynthetic process,8/63,322/18805,0.024844720496894408,7.415951888001577,6.7327150154912285,1.1571717459894641e-5,4.0743209847163926e-4,3.189658227623346e-4,203/25874/4694/4700/4711/4723/4731/6389,8
M3,GO:0006116,NADH oxidation,3/63,14/18805,0.21428571428571427,63.9625850340136,13.663408449242544,1.2704925152472665e-5,4.346780233465138e-4,3.402958035793469e-4,2805/4190/4191,3
M3,GO:0009165,nucleotide biosynthetic process,7/63,234/18805,0.029914529914529916,8.929249762583098,7.076358237859883,1.2919756308185681e-5,4.346780233465138e-4,3.402958035793469e-4,203/4694/4700/4711/4723/4731/6389,7
M3,GO:0019722,calcium-mediated signaling,7/63,235/18805,0.029787234042553193,8.891252955082743,7.057670414954969,1.328168182463058e-5,4.3714057135849343e-4,3.422236552524951e-4,481/2274/57644/51778/11163/5350/58515,7
M3,GO:0030007,intracellular potassium ion homeostasis,3/63,15/18805,0.2,59.698412698412696,13.185482481250284,1.5843196414440272e-5,5.103531781162249e-4,3.995395109218308e-4,476/481/483,3
M3,GO:0060047,heart contraction,7/63,254/18805,0.027559055118110236,8.226159230096236,6.72245884165656,2.1928996327021652e-5,6.916770924814747e-4,5.414923215839119e-4,476/481/2934/4625/57644/1482/5350,7
M3,GO:0006937,regulation of muscle contraction,6/63,175/18805,0.03428571428571429,10.234013605442177,7.115256098638468,2.609955574902649e-5,8.064230082454306e-4,6.31323303402875e-4,476/481/4625/57644/1482/5350,6
M3,GO:0022898,regulation of transmembrane transporter activity,6/63,176/18805,0.03409090909090909,10.1758658008658,7.090813209095752,2.6950620546726354e-5,8.137109953522413e-4,6.370288401353153e-4,60/88/481/483/10063/5350,6
M3,GO:0003015,heart process,7/63,263/18805,0.026615969581749048,7.944655682298268,6.575635527882304,2.741034396496982e-5,8.137109953522413e-4,6.370288401353153e-4,476/481/2934/4625/57644/1482/5350,7
M3,GO:1901018,positive regulation of potassium ion transmembrane transporter activity,3/63,18/18805,0.16666666666666666,49.74867724867725,11.996589546735999,2.8210082641746896e-5,8.213474061462462e-4,6.430071468543929e-4,88/481/483,3
M3,GO:0070252,actin-mediated cell contraction,5/63,116/18805,0.04310344827586207,12.866037219485497,7.432400400225135,4.327281369275897e-5,0.0012361328288837186,9.677296567635872e-4,476/2934/4625/57644/5350,5
M3,GO:0006883,intracellular sodium ion homeostasis,3/63,22/18805,0.13636363636363635,40.7034632034632,10.803007581505977,5.2732744805350996e-5,0.0014515886479145711,0.001136403266044502,476/481/483,3
M3,GO:0036376,sodium ion export across plasma membrane,3/63,22/18805,0.13636363636363635,40.7034632034632,10.803007581505977,5.2732744805350996e-5,0.0014515886479145711,0.001136403266044502,476/481/483,3
M3,GO:0033108,mitochondrial respiratory chain complex assembly,5/63,122/18805,0.040983606557377046,12.233281290658338,7.216899736884702,5.5071792780982336e-5,0.001488905254828701,0.0011656172682591374,84987/10063/4694/4700/4711,5
M3,GO:0032409,regulation of transporter activity,6/63,202/18805,0.0297029702970297,8.866100895803864,6.516751094581877,5.822847302460864e-5,0.0015466299677062716,0.001210808137132213,60/88/481/483/10063/5350,6
M3,GO:0032414,positive regulation of ion transmembrane transporter activity,4/63,68/18805,0.058823529411764705,17.558356676003736,7.930655600675783,7.931557235065128e-5,0.0020308051237294417,0.0015898536948615392,88/481/483/10063,4
M3,GO:0008016,regulation of heart contraction,6/63,214/18805,0.028037383177570093,8.368936359590565,6.285614562216225,8.013461680513398e-5,0.0020308051237294417,0.0015898536948615392,476/481/4625/57644/1482/5350,6
M3,GO:0014706,striated muscle tissue development,8/63,423/18805,0.018912529550827423,5.6452399714811055,5.602339023155859,8.048104849654327e-5,0.0020308051237294417,0.0015898536948615392,88/1655/2274/4625/51778/1482/5350/8470,8
M3,GO:0002026,regulation of the force of heart contraction,3/63,26/18805,0.11538461538461539,34.44139194139194,9.892868086462693,8.818210341385901e-5,0.002188650894566927,0.001713426202657554,476/4625/5350,3
M3,GO:0060343,trabecula formation,3/63,27/18805,0.1111111111111111,33.1657848324515,9.697031277357977,9.896808133966189e-5,0.0024167366959394854,0.0018919874293456588,2201/2274/1482,3
M3,GO:0030048,actin filament-based movement,5/63,139/18805,0.03597122302158273,10.737124586045448,6.68036089949225,1.022656867053378e-4,0.0024576230106647845,0.0019239960439467068,476/2934/4625/57644/5350,5
M3,GO:0060537,muscle tissue development,8/63,446/18805,0.017937219730941704,5.354117730799346,5.395485321661782,1.1614822509552974e-4,0.0027093741853082016,0.0021210841497997885,88/1655/2274/4625/51778/1482/5350/8470,8
M3,GO:0032411,positive regulation of transporter activity,4/63,75/18805,0.05333333333333334,15.919576719576721,7.505950123799787,1.1632055617241289e-4,0.0027093741853082016,0.0021210841497997885,88/481/483/10063,4
M3,GO:0055117,regulation of cardiac muscle contraction,4/63,79/18805,0.05063291139240506,15.113522202129797,7.288092501317641,1.4235985670195408e-4,0.003265648834041795,0.0025565741410909144,481/57644/1482/5350,4
M3,GO:0002028,regulation of sodium ion transport,4/63,80/18805,0.05,14.924603174603174,7.236096283644335,1.4947806527614515e-4,0.0033777580720609516,0.002644340950525365,476/481/483/1482,4
M3,GO:0086003,cardiac muscle cell contraction,4/63,85/18805,0.047058823529411764,14.046685340802988,6.989468598755654,1.8898788514451178e-4,0.004202556534860413,0.0032900498214926137,476/2934/57644/5350,4
M3,GO:0048738,cardiac muscle tissue development,6/63,251/18805,0.02390438247011952,7.135268450009486,5.673343560923667,1.9152998738795806e-4,0.004202556534860413,0.0032900498214926137,88/2274/4625/1482/5350/8470,6
M3,GO:0055075,potassium ion homeostasis,3/63,34/18805,0.08823529411764706,26.337535014005606,8.57329059864051,1.991129913770748e-4,0.004306529556355589,0.003371447041963703,476/481/483,3
M3,GO:0055013,cardiac muscle cell development,4/63,87/18805,0.04597701149425287,13.72377303411786,6.896571572031407,2.0672249288906683e-4,0.004408138792028834,0.0034509937285854596,88/2274/1482/8470,4
M3,GO:0090257,regulation of muscle system process,6/63,256/18805,0.0234375,6.995907738095238,5.600181502810389,2.130664479388188e-4,0.00448031391915794,0.003507497373963597,476/481/4625/57644/1482/5350,6
M3,GO:0010765,positive regulation of sodium ion transport,3/63,36/18805,0.08333333333333333,24.874338624338623,8.312840771509734,2.3644640094563495e-4,0.004837565554482315,0.0037871784845630867,481/483/1482,3
M3,GO:1901381,positive regulation of potassium ion transmembrane transport,3/63,36/18805,0.08333333333333333,24.874338624338623,8.312840771509734,2.3644640094563495e-4,0.004837565554482315,0.0037871784845630867,88/481/483,3
M3,GO:0032412,regulation of monoatomic ion transmembrane transporter activity,5/63,168/18805,0.02976190476190476,8.883692365835223,5.9509148560348315,2.479915407947261e-4,0.005006122570176204,0.003919136490313847,88/481/483/10063/5350,5
M3,GO:1903522,regulation of blood circulation,6/63,269/18805,0.022304832713754646,6.657815542573907,5.418815235644704,2.7809379780587966e-4,0.005472015681879263,0.0042838696084238695,476/481/4625/57644/1482/5350,6
M3,GO:0055006,cardiac cell development,4/63,94/18805,0.0425531914893617,12.701789935832489,6.594094310603615,2.782993444548899e-4,0.005472015681879263,0.0042838696084238695,88/2274/1482/8470,4
M3,GO:0055002,striated muscle cell development,5/63,174/18805,0.028735632183908046,8.577358146323665,5.821860370287887,2.916569272559049e-4,0.005661135741864616,0.004431925777194993,88/2274/51778/1482/8470,5
M3,GO:0061337,cardiac conduction,4/63,97/18805,0.041237113402061855,12.308951071837669,6.47413782742727,3.1384173628991633e-4,0.006014637832189029,0.004708671486508272,476/481/1482/5350,4
M3,GO:0050848,regulation of calcium-mediated signaling,4/63,99/18805,0.04040404040404041,12.060285393618729,6.39706693480868,3.3927377123343884e-4,0.0064207561205928305,0.005026608768537529,2274/57644/51778/58515,4
M3,GO:0043648,dicarboxylic acid metabolic process,4/63,100/18805,0.04,11.93968253968254,6.3593582634706225,3.5252835391405335e-4,0.006589233676862676,0.005158504567995115,2805/4190/4191/6389,4
M3,GO:0043268,positive regulation of potassium ion transport,3/63,43/18805,0.06976744186046512,20.825027685492802,7.545636739787613,4.0191250966958283e-4,0.007420677312679859,0.005809415736687425,88/481/483,3
M3,GO:1901016,regulation of potassium ion transmembrane transporter activity,3/63,45/18805,0.06666666666666667,19.899470899470902,7.359137460215755,4.599306270786992e-4,0.008389577944543982,0.006567937680286816,88/481/483,3
M3,GO:0055015,ventricular cardiac muscle cell development,2/63,10/18805,0.2,59.698412698412696,10.764469251896257,4.885453486690683e-4,0.00874285405267887,0.0068445064752252005,2274/1482,2
M3,GO:1990573,potassium ion import across plasma membrane,3/63,46/18805,0.06521739130434782,19.46687370600414,7.270342698036749,4.90847156193992e-4,0.00874285405267887,0.0068445064752252005,476/481/483,3
M3,GO:0055078,sodium ion homeostasis,3/63,47/18805,0.06382978723404255,19.052684903748734,7.184307198673013,5.230656018669017e-4,0.009208387456121967,0.007208957989010174,476/481/483,3
M3,GO:0019674,NAD metabolic process,3/63,48/18805,0.0625,18.65575396825397,7.1008874164432765,5.56608343177898e-4,0.00957619354058338,0.007496901847109011,2805/4190/4191,3
M3,GO:0061383,trabecula morphogenesis,3/63,48/18805,0.0625,18.65575396825397,7.1008874164432765,5.56608343177898e-4,0.00957619354058338,0.007496901847109011,2201/2274/1482,3
M3,GO:0055001,muscle cell development,5/63,202/18805,0.024752475247524754,7.388417413169888,5.292549221194078,5.771441429160743e-4,0.009699725211320629,0.007593610921189619,88/2274/51778/1482/8470,5
M3,GO:0006107,oxaloacetate metabolic process,2/63,11/18805,0.18181818181818182,54.27128427128427,10.246306136513647,5.958219581590611e-4,0.009699725211320629,0.007593610921189619,2805/4190,2
M3,GO:0010248,establishment or maintenance of transmembrane electrochemical gradient,2/63,11/18805,0.18181818181818182,54.27128427128427,10.246306136513647,5.958219581590611e-4,0.009699725211320629,0.007593610921189619,476/481,2
M3,GO:1903276,regulation of sodium ion export across plasma membrane,2/63,11/18805,0.18181818181818182,54.27128427128427,10.246306136513647,5.958219581590611e-4,0.009699725211320629,0.007593610921189619,481/483,2
M3,GO:1903278,positive regulation of sodium ion export across plasma membrane,2/63,11/18805,0.18181818181818182,54.27128427128427,10.246306136513647,5.958219581590611e-4,0.009699725211320629,0.007593610921189619,481/483,2
M3,GO:0043270,positive regulation of monoatomic ion transport,5/63,210/18805,0.023809523809523808,7.106953892668178,5.159690199850396,6.879728856379333e-4,0.011080754775062032,0.008674775691246505,88/481/483/10063/1482,5
M3,GO:0007005,mitochondrion organization,7/63,445/18805,0.015730337078651686,4.69538077403246,4.573938187706094,6.994250437812984e-4,0.011146626487209325,0.008726344590556698,400916/84987/10063/4694/4700/4711/291,7
M3,GO:1904035,regulation of epithelial cell apoptotic process,3/63,53/18805,0.05660377358490566,16.89577717879605,6.71867035236706,7.449518956178477e-4,0.011748512187139806,0.009197542044580008,2934/1482/677,3
M3,GO:0071801,regulation of podosome assembly,2/63,13/18805,0.15384615384615385,45.92185592185593,9.393561738396249,8.413408307772943e-4,0.0131318558535755,0.010280518453122446,6624/2934,2
M3,GO:0042391,regulation of membrane potential,7/63,463/18805,0.01511879049676026,4.512838972882169,4.43723901099521,8.824547656561828e-4,0.013633025665341436,0.010672868594294973,88/10550/476/481/483/400916/5350,7
M3,GO:0014888,striated muscle adaptation,3/63,57/18805,0.05263157894736842,15.710108604845447,6.448567702175982,9.21653263455603e-4,0.014094778190624069,0.011034360177044221,2934/4625/51778,3
M3,GO:0055007,cardiac muscle cell differentiation,4/63,130/18805,0.03076923076923077,9.184371184371185,5.4289284475259745,9.475295711612343e-4,0.014345597707381088,0.011230718917132105,88/2274/1482/8470,4
M3,GO:0043462,regulation of ATP-dependent activity,3/63,58/18805,0.05172413793103448,15.439244663382595,6.3852809613938675,9.696142267611955e-4,0.014510697428599947,0.011359970315374777,481/483/5350,3
M3,GO:0007512,adult heart development,2/63,14/18805,0.14285714285714285,42.64172335600907,9.036602840181155,9.79446815048098e-4,0.014510697428599947,0.011359970315374777,4625/1482,2
M3,GO:0043269,regulation of monoatomic ion transport,7/63,472/18805,0.014830508474576272,4.426789077212806,4.371485409886207,9.871874736762183e-4,0.014510697428599947,0.011359970315374777,88/476/481/483/10063/1482/5350,7
M3,GO:0086009,membrane repolarization,3/63,59/18805,0.05084745762711865,15.177562550443907,6.323546270708368,0.0010191290998408042,0.014836167857297862,0.011614770915189735,476/481/483,3
M3,GO:0034762,regulation of transmembrane transport,7/63,478/18805,0.014644351464435146,4.371222687122269,4.328556877173455,0.0010622990140412977,0.015317340069128807,0.011991465562010037,60/88/10550/481/483/10063/5350,7
M3,GO:0055012,ventricular cardiac muscle cell differentiation,2/63,15/18805,0.13333333333333333,39.798941798941804,8.715444657923953,0.0011276935256071211,0.015663559612561297,0.012262509993564642,2274/1482,2
M3,GO:0060347,heart trabecula formation,2/63,15/18805,0.13333333333333333,39.798941798941804,8.715444657923953,0.0011276935256071211,0.015663559612561297,0.012262509993564642,2274/1482,2
M3,GO:0070885,negative regulation of calcineurin-NFAT signaling cascade,2/63,15/18805,0.13333333333333333,39.798941798941804,8.715444657923953,0.0011276935256071211,0.015663559612561297,0.012262509993564642,2274/51778,2
M3,GO:0106057,negative regulation of calcineurin-mediated signaling,2/63,15/18805,0.13333333333333333,39.798941798941804,8.715444657923953,0.0011276935256071211,0.015663559612561297,0.012262509993564642,2274/51778,2
M3,GO:0010257,NADH dehydrogenase complex assembly,3/63,63/18805,0.047619047619047616,14.213907785336357,6.090893542133299,0.0012331123910744083,0.016819208649429318,0.013167231411567417,4694/4700/4711,3
M3,GO:0032981,mitochondrial respiratory chain complex I assembly,3/63,63/18805,0.047619047619047616,14.213907785336357,6.090893542133299,0.0012331123910744083,0.016819208649429318,0.013167231411567417,4694/4700/4711,3
M3,GO:0010927,cellular component assembly involved in morphogenesis,4/63,141/18805,0.028368794326241134,8.467859957221659,5.160488181764322,0.0012805074766335414,0.017156533801975057,0.013431312703207897,88/51778/1482/5350,4
M3,GO:0032989,cellular anatomical entity morphogenesis,4/63,141/18805,0.028368794326241134,8.467859957221659,5.160488181764322,0.0012805074766335414,0.017156533801975057,0.013431312703207897,88/51778/1482/5350,4
M3,GO:0098974,postsynaptic actin cytoskeleton organization,2/63,18/18805,0.1111111111111111,33.1657848324515,7.9156961760232685,0.0016326064261447091,0.02168215902792184,0.016974282879399286,60/88,2
M3,GO:0034767,positive regulation of monoatomic ion transmembrane transport,4/63,152/18805,0.02631578947368421,7.855054302422723,4.9197810741414,0.0016878880947367963,0.022221413699404433,0.017396448463831878,88/481/483/10063,4
M3,GO:0030239,myofibril assembly,3/63,75/18805,0.04,11.93968253968254,5.503689082902489,0.0020378285119519285,0.026597175578407066,0.02082209532175927,88/51778/1482,3
M3,GO:0050849,negative regulation of calcium-mediated signaling,2/63,21/18805,0.09523809523809523,28.427815570672713,7.291120188918228,0.0022263817176771308,0.028565609496298102,0.022363120554009363,2274/51778,2
M3,GO:0071800,podosome assembly,2/63,21/18805,0.09523809523809523,28.427815570672713,7.291120188918228,0.0022263817176771308,0.028565609496298102,0.022363120554009363,6624/2934,2
M3,GO:0010959,regulation of metal ion transport,6/63,403/18805,0.01488833746898263,4.444050573082832,4.05207018611833,0.002264215096898476,0.028806904678187334,0.022552022990780046,88/476/481/483/1482/5350,6
M3,GO:0035051,cardiocyte differentiation,4/63,166/18805,0.024096385542168676,7.192579843182253,4.6462415458623,0.002326715008851638,0.029355387695011503,0.022981413157604783,88/2274/1482/8470,4
M3,GO:1902307,positive regulation of sodium ion transmembrane transport,2/63,22/18805,0.09090909090909091,27.135642135642136,7.1113076129399495,0.002443746614964305,0.030406964874961147,0.023804659979980707,481/483,2
M3,GO:1904019,epithelial cell apoptotic process,3/63,80/18805,0.0375,11.193452380952381,5.297156548478594,0.002450230987282206,0.030406964874961147,0.023804659979980707,2934/1482/677,3
M3,GO:0099188,postsynaptic cytoskeleton organization,2/63,23/18805,0.08695652173913043,25.95583160800552,6.943084896796871,0.002670722688450793,0.03287377357979269,0.025735847216051287,60/88,2
M3,GO:0045822,negative regulation of heart contraction,2/63,24/18805,0.08333333333333333,24.874338624338623,6.785237336376007,0.0029072451777055826,0.03493308888131946,0.0273480206357267,476/5350,2
M3,GO:0086064,cell communication by electrical coupling involved in cardiac conduction,2/63,24/18805,0.08333333333333333,24.874338624338623,6.785237336376007,0.0029072451777055826,0.03493308888131946,0.0273480206357267,476/481,2
M3,GO:1901028,regulation of mitochondrial outer membrane permeabilization involved in apoptotic signaling pathway,2/63,24/18805,0.08333333333333333,24.874338624338623,6.785237336376007,0.0029072451777055826,0.03493308888131946,0.0273480206357267,400916/291,2
M3,GO:0140694,membraneless organelle assembly,6/63,427/18805,0.01405152224824356,4.194267871082859,3.871003610306916,0.0030173226183041733,0.03597028696151589,0.028160010511483625,88/6624/2934/3297/51778/1482,6
M3,GO:0072659,protein localization to plasma membrane,5/63,295/18805,0.01694915254237288,5.059187516814635,4.074124929428229,0.003071909075015743,0.0360066688934831,0.028188492785970926,60/88/10550/481/483,5
M3,GO:1901379,regulation of potassium ion transmembrane transport,3/63,87/18805,0.034482758620689655,10.292829775588396,5.036923048077083,0.003108983988346517,0.0360066688934831,0.028188492785970926,88/481/483,3
M3,GO:0019362,pyridine nucleotide metabolic process,4/63,180/18805,0.022222222222222223,6.6331569664903,4.4027841461058825,0.0031155043758561997,0.0360066688934831,0.028188492785970926,2805/4190/4191/5214,4
M3,GO:0046496,nicotinamide nucleotide metabolic process,4/63,180/18805,0.022222222222222223,6.6331569664903,4.4027841461058825,0.0031155043758561997,0.0360066688934831,0.028188492785970926,2805/4190/4191/5214,4
M3,GO:0033617,mitochondrial cytochrome c oxidase assembly,2/63,25/18805,0.08,23.87936507936508,6.636721719171102,0.003153249636356871,0.03616681779882047,0.028313868345596786,84987/10063,2
M3,GO:0043501,skeletal muscle adaptation,2/63,26/18805,0.07692307692307693,22.960927960927965,6.496636376695256,0.0034086719307687982,0.03822762446802934,0.029927209310297603,4625/51778,2
M3,GO:0060561,apoptotic process involved in morphogenesis,2/63,26/18805,0.07692307692307693,22.960927960927965,6.496636376695256,0.0034086719307687982,0.03822762446802934,0.029927209310297603,1410/1482,2
M3,GO:1903523,negative regulation of blood circulation,2/63,26/18805,0.07692307692307693,22.960927960927965,6.496636376695256,0.0034086719307687982,0.03822762446802934,0.029927209310297603,476/5350,2
M3,GO:0072524,pyridine-containing compound metabolic process,4/63,187/18805,0.0213903743315508,6.384856973092267,4.290578893421219,0.0035711210287645255,0.03975497968786391,0.031122927851306936,2805/4190/4191/5214,4
M3,GO:0051146,striated muscle cell differentiation,5/63,311/18805,0.01607717041800643,4.7989077731842995,3.9166155812593875,0.003847429031074848,0.04211963117808727,0.03297413940521885,88/2274/51778/1482/8470,5
M3,GO:1904062,regulation of monoatomic cation transmembrane transport,5/63,311/18805,0.01607717041800643,4.7989077731842995,3.9166155812593875,0.003847429031074848,0.04211963117808727,0.03297413940521885,88/481/483/10063/5350,5
M3,GO:0140115,export across plasma membrane,3/63,94/18805,0.031914893617021274,9.526342451874367,4.804692834213229,0.0038669938796262425,0.04211963117808727,0.03297413940521885,476/481/483,3
M3,GO:0010882,regulation of cardiac muscle contraction by calcium ion signaling,2/63,28/18805,0.07142857142857142,21.320861678004533,6.238719524655437,0.003947515048106221,0.04238679278604836,0.03318329185642109,481/5350,2
M3,GO:0086013,membrane repolarization during cardiac muscle cell action potential,2/63,28/18805,0.07142857142857142,21.320861678004533,6.238719524655437,0.003947515048106221,0.04238679278604836,0.03318329185642109,476/481,2
M3,GO:0071480,cellular response to gamma radiation,2/63,29/18805,0.06896551724137931,20.585659551176793,6.119600774963723,0.004230809155600996,0.04510876803929513,0.0353142409874479,1410/3297,2
M3,GO:0008535,respiratory chain complex IV assembly,2/63,30/18805,0.06666666666666667,19.899470899470902,6.006309811382691,0.004523267665383967,0.047557133648550874,0.037230989701917745,84987/10063,2
M3,GO:0031579,membrane raft organization,2/63,30/18805,0.06666666666666667,19.899470899470902,6.006309811382691,0.004523267665383967,0.047557133648550874,0.037230989701917745,10347/2934,2
M4,GO:0055008,cardiac muscle tissue morphogenesis,9/58,60/18805,0.15,48.633620689655174,20.55510621094603,1.72641458809589e-13,2.047428161401061e-10,1.6756149761713212e-10,70/9421/4624/4634/5318/7134/7135/7139/7168,9
M4,GO:0003229,ventricular cardiac muscle tissue development,9/58,63/18805,0.14285714285714285,46.31773399014778,20.040277092514774,2.7445417713150953e-13,2.047428161401061e-10,1.6756149761713212e-10,9421/3398/4624/4634/5318/7134/7135/7139/7168,9
M4,GO:0048738,cardiac muscle tissue development,13/58,251/18805,0.05179282868525897,16.79248523148784,14.010117975728326,5.790242699883141e-13,2.513086702242825e-10,2.0567098734314074e-10,70/652/8048/9421/3398/4624/4634/58498/5318/7134/7135/7139/7168,13
M4,GO:0060047,heart contraction,13/58,254/18805,0.051181102362204724,16.59414879174586,13.91772008550487,6.737497861240817e-13,2.513086702242825e-10,2.0567098734314074e-10,70/490/8048/27129/4624/4634/4635/58498/5318/7134/7135/7139/7168,13
M4,GO:0003015,heart process,13/58,263/18805,0.049429657794676805,16.026288186705127,13.649744684422817,1.0495895213557656e-12,2.734350942436251e-10,2.2377925026287936e-10,70/490/8048/27129/4624/4634/4635/58498/5318/7134/7135/7139/7168,13
M4,GO:0060415,muscle tissue morphogenesis,9/58,73/18805,0.1232876712328767,39.97283892300425,18.556865772867617,1.0996049366365623e-12,2.734350942436251e-10,2.2377925026287936e-10,70/9421/4624/4634/5318/7134/7135/7139/7168,9
M4,GO:0055010,ventricular cardiac muscle tissue morphogenesis,8/58,47/18805,0.1702127659574468,55.187087307410124,20.68829492689082,1.4190894600029567e-12,3.0246878204634447e-10,2.475404170832225e-10,9421/4624/4634/5318/7134/7135/7139/7168,8
M4,GO:0048644,muscle organ morphogenesis,9/58,81/18805,0.1111111111111111,36.024904214559385,17.570874540748804,2.899860127081174e-12,5.40823913700639e-10,4.426102299229161e-10,70/9421/4624/4634/5318/7134/7135/7139/7168,9
M4,GO:0003007,heart morphogenesis,12/58,272/18805,0.04411764705882353,14.3040060851927,12.293265247656532,3.2496823847720644e-11,5.387251242311022e-9,4.408925808579643e-9,70/652/2013/9421/4624/4634/5318/5460/7134/7135/7139/7168,12
M4,GO:0003208,cardiac ventricle morphogenesis,8/58,71/18805,0.11267605633802817,36.53229723166586,16.6843937704552,4.5358378766652065e-11,6.767470111984488e-9,5.538496775717516e-9,9421/4624/4634/5318/7134/7135/7139/7168,8
M4,GO:0060537,muscle tissue development,14/58,446/18805,0.03139013452914798,10.177439307252204,10.910324502452038,5.6962512463555536e-11,7.726188054147714e-9,6.323111431361189e-9,70/652/1466/8048/9421/3398/4624/4634/58498/5318/7134/7135/7139/7168,14
M4,GO:0030239,myofibril assembly,8/58,75/18805,0.10666666666666667,34.58390804597701,16.209372529398287,7.124866797391877e-11,8.858584384757233e-9,7.249864460504015e-9,70/1466/8048/3856/4624/10398/7139/7168,8
M4,GO:0003206,cardiac chamber morphogenesis,9/58,129/18805,0.06976744186046512,22.62028869286287,13.705271383554534,2.034396871365125e-10,2.1680858086262618e-8,1.7743611810402592e-8,652/9421/4624/4634/5318/7134/7135/7139/7168,9
M4,GO:0003231,cardiac ventricle development,9/58,129/18805,0.06976744186046512,22.62028869286287,13.705271383554534,2.034396871365125e-10,2.1680858086262618e-8,1.7743611810402592e-8,652/9421/4624/4634/5318/7134/7135/7139/7168,9
M4,GO:0014706,striated muscle tissue development,13/58,423/18805,0.030732860520094562,9.964335208282384,10.372062357878589,3.957380991496556e-10,3.936274959541907e-8,3.221446982551582e-8,70/652/8048/9421/3398/4624/4634/58498/5318/7134/7135/7139/7168,13
M4,GO:0010927,cellular component assembly involved in morphogenesis,9/58,141/18805,0.06382978723404255,20.6951577402788,13.056894206131817,4.514313190182217e-10,3.961973693971687e-8,3.24247882390797e-8,70/1466/8048/3856/4624/10398/5819/7139/7168,9
M4,GO:0032989,cellular anatomical entity morphogenesis,9/58,141/18805,0.06382978723404255,20.6951577402788,13.056894206131817,4.514313190182217e-10,3.961973693971687e-8,3.24247882390797e-8,70/1466/8048/3856/4624/10398/5819/7139/7168,9
M4,GO:0060048,cardiac muscle contraction,9/58,147/18805,0.061224489795918366,19.85045742434905,12.762073590660474,6.547075101903818e-10,5.426797806689165e-8,4.44129071240259e-8,8048/4624/4634/4635/5318/7134/7135/7139/7168,9
M4,GO:0006936,muscle contraction,12/58,359/18805,0.033426183844011144,10.837575641148785,10.467848659995848,7.90587935358346e-10,6.208195787129748e-8,5.080786731388816e-8,490/8048/4624/4634/4635/10398/5318/7134/7135/7139/7168/7169,12
M4,GO:0033275,actin-myosin filament sliding,5/58,16/18805,0.3125,101.32004310344827,22.328990891287358,9.957702142031424e-10,7.428445797955441e-8,6.079439202503395e-8,70/4624/7134/7139/7168,5
M4,GO:0003205,cardiac chamber development,9/58,172/18805,0.05232558139534884,16.965216519647154,11.699596196161925,2.6326122618895103e-9,1.8704083308281665e-7,1.5307419668129484e-7,652/9421/4624/4634/5318/7134/7135/7139/7168,9
M4,GO:0055002,striated muscle cell development,9/58,174/18805,0.05172413793103448,16.77021403091558,11.62431465185886,2.9147828630474364e-9,1.976752741666716e-7,1.6177742206387687e-7,70/652/1466/8048/3856/4624/10398/7139/7168,9
M4,GO:0006941,striated muscle contraction,9/58,194/18805,0.04639175257731959,15.041325986491291,10.934460520845928,7.567468742888479e-9,4.908984071473743e-7,4.0175120099545246e-7,8048/4624/4634/4635/5318/7134/7135/7139/7168,9
M4,GO:0045214,sarcomere organization,6/58,51/18805,0.11764705882352941,38.14401622718053,14.774072332235706,1.0674382777702655e-8,6.424135451488833e-7,5.257511728324428e-7,1466/8048/3856/4624/7139/7168,6
M4,GO:0055001,muscle cell development,9/58,202/18805,0.04455445544554455,14.445629907818367,10.686575863086667,1.0764302029974585e-8,6.424135451488833e-7,5.257511728324428e-7,70/652/1466/8048/3856/4624/10398/7139/7168,9
M4,GO:0007517,muscle organ development,11/58,369/18805,0.02981029810298103,9.665218203906177,9.350451138221043,1.4277460282237579e-8,8.193065669653257e-7,6.705204019188499e-7,70/652/8048/9421/4624/4634/5318/7134/7135/7139/7168,11
M4,GO:0003012,muscle system process,12/58,467/18805,0.02569593147751606,8.331241231632577,8.923458217191353,1.513012156008442e-8,8.36079309912813e-7,6.842472128537204e-7,490/8048/4624/4634/4635/10398/5318/7134/7135/7139/7168/7169,12
M4,GO:0008016,regulation of heart contraction,9/58,214/18805,0.04205607476635514,13.635594585884627,10.34009247137035,1.7770943551809774e-8,9.469374206892922e-7,7.749734781992232e-7,490/8048/27129/4624/4634/4635/5318/7139/7168,9
M4,GO:0031032,actomyosin structure organization,9/58,215/18805,0.04186046511627907,13.572173215717722,10.31248000231898,1.850361747660262e-8,9.519792163824522e-7,7.790996832253735e-7,70/1466/8048/3856/4624/10398/6281/7139/7168,9
M4,GO:0043462,regulation of ATP-dependent activity,6/58,58/18805,0.10344827586206896,33.54042806183116,13.80526021684643,2.359487482612088e-8,1.173451774685745e-6,9.603527999403588e-7,4634/4635/7134/7139/7168/7169,6
M4,GO:0006937,regulation of muscle contraction,8/58,175/18805,0.045714285714285714,14.82167487684729,10.217543567483805,6.178754406427615e-8,2.9737747014161297e-6,2.4337368799511152e-6,490/4634/10398/5318/7134/7135/7139/7168,8
M4,GO:0070252,actin-mediated cell contraction,7/58,116/18805,0.0603448275862069,19.56524970273484,11.156038023346458,6.56412212683811e-8,3.0605219416382686e-6,2.504730811556647e-6,70/2013/4624/5318/7134/7139/7168,7
M4,GO:0030049,muscle filament sliding,4/58,14/18805,0.2857142857142857,92.63546798029556,19.077695031016773,7.967915455620447e-8,3.6024635938744567e-6,2.948255798570883e-6,4624/7134/7139/7168,4
M4,GO:1903522,regulation of blood circulation,9/58,269/18805,0.03345724907063197,10.847647737469554,9.048443166181986,1.2666198970401065e-7,5.558226136423056e-6,4.548851642620816e-6,490/8048/27129/4624/4634/4635/5318/7139/7168,9
M4,GO:0030048,actin filament-based movement,7/58,139/18805,0.050359712230215826,16.3278342842967,10.088713617575682,2.2739617033662417e-7,9.693573889778378e-6,7.933219777157414e-6,70/2013/4624/5318/7134/7139/7168,7
M4,GO:0051146,striated muscle cell differentiation,9/58,311/18805,0.028938906752411574,9.382692094467235,8.291278641645214,4.3112331415648136e-7,1.786766624226306e-5,1.4622896035716912e-5,70/652/1466/8048/3856/4624/10398/7139/7168,9
M4,GO:0042692,muscle cell differentiation,10/58,429/18805,0.023310023310023312,7.557672212844627,7.642335297674594,6.745362025205527e-7,2.720021659893688e-5,2.226065419413488e-5,70/652/1466/8048/3398/3856/4624/10398/7139/7168,10
M4,GO:0090257,regulation of muscle system process,8/58,256/18805,0.03125,10.132004310344827,8.182745956978188,1.1258587517913027e-6,4.4204769938753255e-5,3.617717872791998e-5,490/4634/10398/5318/7134/7135/7139/7168,8
M4,GO:0002026,regulation of the force of heart contraction,4/58,26/18805,0.15384615384615385,49.88063660477454,13.872684988844854,1.1576384813386214e-6,4.428709267069803e-5,3.624455164245077e-5,8048/4624/4634/4635,4
M4,GO:0032781,positive regulation of ATP-dependent activity,4/58,37/18805,0.10810810810810811,35.05125815470643,11.53183065694249,4.986522425219268e-6,1.859972864606787e-4,1.5222015824353555e-4,4634/4635/7139/7168,4
M4,GO:0008217,regulation of blood pressure,6/58,194/18805,0.030927835051546393,10.02755065766086,7.030062286218299,2.8912351740154283e-5,0.0010521275316173217,8.610610531085743e-4,490/2013/3398/4624/4852/7168,6
M4,GO:0140694,membraneless organelle assembly,8/58,427/18805,0.01873536299765808,6.074456916740693,5.899668532212726,4.694585235530776e-5,0.0016676955170028375,0.0013648418228610778,70/1466/8048/3856/4624/10398/7139/7168,8
M4,GO:0055013,cardiac muscle cell development,4/58,87/18805,0.04597701149425287,14.906856916369401,7.231562092255196,1.4985261826912704e-4,0.0051995373594776175,0.004255300788058442,70/652/8048/4624,4
M4,GO:0060914,heart formation,3/58,34/18805,0.08823529411764706,28.6080121703854,8.961983082281325,1.5567144308203658e-4,0.0052539184136474164,0.004299806236652323,652/2013/5460,3
M4,GO:0035051,cardiocyte differentiation,5/58,166/18805,0.030120481927710843,9.765787287079352,6.309673632092452,1.5846268673869553e-4,0.0052539184136474164,0.004299806236652323,70/652/8048/4624/5460,5
M4,GO:0055006,cardiac cell development,4/58,94/18805,0.0425531914893617,13.796771826852531,6.918135788943046,2.0203560064674581e-4,0.006552980786194451,0.005362958735703092,70/652/8048/4624,4
M4,GO:0032964,collagen biosynthetic process,3/58,53/18805,0.05660377358490566,18.3523096942095,7.036304995238762,5.846140783942205e-4,0.018558387339663338,0.01518818210385881,652/871/7431,3
M4,GO:0055007,cardiac muscle cell differentiation,4/58,130/18805,0.03076923076923077,9.976127320954907,5.712202611173458,6.930789178476521e-4,0.02117627926320407,0.017330664558569717,70/652/8048/4624,4
M4,GO:0002934,desmosome organization,2/58,13/18805,0.15384615384615385,49.88063660477454,9.80607602608302,7.134921250621301e-4,0.02117627926320407,0.017330664558569717,64065/5318,2
M4,GO:0009415,response to water,2/58,13/18805,0.15384615384615385,49.88063660477454,9.80607602608302,7.134921250621301e-4,0.02117627926320407,0.017330664558569717,80781/3856,2
M4,GO:0014888,striated muscle adaptation,3/58,57/18805,0.05263157894736842,17.06442831215971,6.756137171902484,7.238540498816404e-4,0.02117627926320407,0.017330664558569717,4624/7134/7135,3
M4,GO:0001765,membrane raft assembly,2/58,14/18805,0.14285714285714285,46.31773399014778,9.434751931934136,8.307585447923044e-4,0.023237372424975998,0.01901746296950202,2013/6281,2
M4,GO:0014733,regulation of skeletal muscle adaptation,2/58,14/18805,0.14285714285714285,46.31773399014778,9.434751931934136,8.307585447923044e-4,0.023237372424975998,0.01901746296950202,7134/7135,2
M4,GO:0010718,positive regulation of epithelial to mesenchymal transition,3/58,60/18805,0.05,16.211206896551722,6.564018624416663,8.410309054615978e-4,0.023237372424975998,0.01901746296950202,25805/652/2013,3
M4,GO:0045620,negative regulation of lymphocyte differentiation,3/58,64/18805,0.046875,15.198006465517242,6.328404120120042,0.0010150826305347065,0.027536423359232405,0.022535805768808797,652/3149/3398,3
M4,GO:1903729,regulation of plasma membrane organization,2/58,17/18805,0.11764705882352941,38.14401622718053,8.52209308642758,0.0012342125374838616,0.03288294832010574,0.026911401193257134,6281/51100,2
M4,GO:0048645,animal organ formation,3/58,69/18805,0.043478260869565216,14.096701649175412,6.062074495101307,0.0012626557475635654,0.03305056798885684,0.027048581111241664,652/2013/5460,3
M4,GO:0003128,heart field specification,2/58,18/18805,0.1111111111111111,36.024904214559385,8.269090013242568,0.0013857409383257772,0.035646991034173445,0.02917349343843742,652/5460,2
M4,GO:0055003,cardiac myofibril assembly,2/58,19/18805,0.10526315789473684,34.12885662431942,8.035988695958286,0.001545704531959233,0.039087985791240266,0.03198960315919197,70/8048,2
M4,GO:0007009,plasma membrane organization,4/58,173/18805,0.023121387283236993,7.496511859677097,4.774707566316754,0.0019936741336881864,0.04876330831906187,0.03990788602378423,8048/2013/6281/51100,4
M4,GO:0051250,negative regulation of lymphocyte activation,4/58,173/18805,0.023121387283236993,7.496511859677097,4.774707566316754,0.0019936741336881864,0.04876330831906187,0.03990788602378423,652/51083/3149/3398,4
M4,GO:0001759,organ induction,2/58,22/18805,0.09090909090909091,29.474921630094045,7.433008457791564,0.0020756910119804437,0.049157634759917815,0.04023060273846808,652/5460,2
M4,GO:0003228,atrial cardiac muscle tissue development,2/58,22/18805,0.09090909090909091,29.474921630094045,7.433008457791564,0.0020756910119804437,0.049157634759917815,0.04023060273846808,652/4624,2
M4,GO:0072659,protein localization to plasma membrane,5/58,295/18805,0.01694915254237288,5.4953243717124485,4.328546245346666,0.002133687818072475,0.04974159725881458,0.04070851758164591,8048/2013/5318/6281/92162,5
M5,GO:0006090,pyruvate metabolic process,7/55,127/18805,0.05511811023622047,18.845382963493197,10.928696800407348,8.410511958963378e-8,9.307444840890436e-5,7.346201439967878e-5,1291/54541/2821/5230/5236/5315/9123,7
M5,GO:0006096,glycolytic process,6/55,97/18805,0.061855670103092786,21.149015932521085,10.775361689766484,3.808237380016666e-7,9.307444840890436e-5,7.346201439967878e-5,1291/54541/2821/5230/5236/5315,6
M5,GO:0046032,ADP catabolic process,6/55,99/18805,0.06060606060606061,20.72176308539945,10.655619394641805,4.299045151648336e-7,9.307444840890436e-5,7.346201439967878e-5,1291/54541/2821/5230/5236/5315,6
M5,GO:0019364,pyridine nucleotide catabolic process,6/55,101/18805,0.0594059405940594,20.31143114311431,10.539347638736208,4.840602625551537e-7,9.307444840890436e-5,7.346201439967878e-5,1291/54541/2821/5230/5236/5315,6
M5,GO:0009137,purine nucleoside diphosphate catabolic process,6/55,102/18805,0.058823529411764705,20.112299465240643,10.48246016177062,5.131651205457459e-7,9.307444840890436e-5,7.346201439967878e-5,1291/54541/2821/5230/5236/5315,6
M5,GO:0009181,purine ribonucleoside diphosphate catabolic process,6/55,102/18805,0.058823529411764705,20.112299465240643,10.48246016177062,5.131651205457459e-7,9.307444840890436e-5,7.346201439967878e-5,1291/54541/2821/5230/5236/5315,6
M5,GO:0072526,pyridine-containing compound catabolic process,6/55,104/18805,0.057692307692307696,19.725524475524477,10.37108216625857,5.7568830987404e-7,9.307444840890436e-5,7.346201439967878e-5,1291/54541/2821/5230/5236/5315,6
M5,GO:0009191,ribonucleoside diphosphate catabolic process,6/55,105/18805,0.05714285714285714,19.537662337662336,10.31655370873145,6.092145714037377e-7,9.307444840890436e-5,7.346201439967878e-5,1291/54541/2821/5230/5236/5315,6
M5,GO:0046031,ADP metabolic process,6/55,105/18805,0.05714285714285714,19.537662337662336,10.31655370873145,6.092145714037377e-7,9.307444840890436e-5,7.346201439967878e-5,1291/54541/2821/5230/5236/5315,6
M5,GO:0009134,nucleoside diphosphate catabolic process,6/55,108/18805,0.05555555555555555,18.994949494949495,10.157395799820684,7.195292505461251e-7,9.893527195009221e-5,7.80878586645321e-5,1291/54541/2821/5230/5236/5315,6
M5,GO:0009135,purine nucleoside diphosphate metabolic process,6/55,117/18805,0.05128205128205128,17.533799533799534,9.716056146089274,1.1525965394240173e-6,1.3206835347566865e-4,1.0423921334615455e-4,1291/54541/2821/5230/5236/5315,6
M5,GO:0009179,purine ribonucleoside diphosphate metabolic process,6/55,117/18805,0.05128205128205128,17.533799533799534,9.716056146089274,1.1525965394240173e-6,1.3206835347566865e-4,1.0423921334615455e-4,1291/54541/2821/5230/5236/5315,6
M5,GO:0009185,ribonucleoside diphosphate metabolic process,6/55,128/18805,0.046875,16.026988636363637,9.23909033413676,1.9501695782064375e-6,2.0626793615645013e-4,1.6280363037496657e-4,1291/54541/2821/5230/5236/5315,6
M5,GO:0009154,purine ribonucleotide catabolic process,6/55,130/18805,0.046153846153846156,15.780419580419583,9.158702743100108,2.1346974329395273e-6,2.09657783592275e-4,1.6547917694441e-4,1291/54541/2821/5230/5236/5315,6
M5,GO:0009132,nucleoside diphosphate metabolic process,6/55,134/18805,0.04477611940298507,15.309362279511532,9.003154828231523,2.54659074035709e-6,2.3343748453273324e-4,1.8424807391636207e-4,1291/54541/2821/5230/5236/5315,6
M5,GO:0009261,ribonucleotide catabolic process,6/55,136/18805,0.04411764705882353,15.084224598930483,8.927866722589327,2.7755975543898117e-6,2.3852791483037445e-4,1.8826586043262474e-4,1291/54541/2821/5230/5236/5315,6
M5,GO:0006195,purine nucleotide catabolic process,6/55,139/18805,0.04316546762589928,14.758665794637018,8.817874650910687,3.1503637286304835e-6,0.00025480883099217143,2.0111609933238568e-4,1291/54541/2821/5230/5236/5315,6
M5,GO:0009612,response to mechanical stimulus,7/55,223/18805,0.03139013452914798,10.732572360375052,7.918440813909614,3.7556478118255323e-6,2.8688976340333927e-4,2.2643701134456864e-4,664/1000/26047/1291/2821/5270/6513,7
M5,GO:0072523,purine-containing compound catabolic process,6/55,156/18805,0.038461538461538464,13.150349650349652,8.253328484326182,6.134077067781645e-6,4.4188217413201046e-4,3.487697772479256e-4,1291/54541/2821/5230/5236/5315,6
M5,GO:0046434,organophosphate catabolic process,7/55,242/18805,0.028925619834710745,9.889932381667919,7.538551191195999,6.427377078283789e-6,4.4188217413201046e-4,3.487697772479256e-4,341/1291/54541/2821/5230/5236/5315,7
M5,GO:0051281,positive regulation of release of sequestered calcium ion into cytosol,4/55,43/18805,0.09302325581395349,31.80549682875264,10.952889579783196,7.424517502182125e-6,4.7613350230099854e-4,3.7580374420848186e-4,187/9446/7070/10345,4
M5,GO:0009166,nucleotide catabolic process,6/55,162/18805,0.037037037037037035,12.663299663299663,8.074708841973033,7.618136036815976e-6,4.7613350230099854e-4,3.7580374420848186e-4,1291/54541/2821/5230/5236/5315,6
M5,GO:0009205,purine ribonucleoside triphosphate metabolic process,7/55,254/18805,0.027559055118110236,9.422691481746599,7.319643317138211,8.816393737798265e-6,5.27067016933592e-4,4.160046656141881e-4,1291/54541/2821/3615/5230/5236/5315,7
M5,GO:0009144,purine nucleoside triphosphate metabolic process,7/55,261/18805,0.02681992337164751,9.169975618251481,7.198551810969733,1.0522095210259702e-5,5.787152365642836e-4,4.5676969102222115e-4,1291/54541/2821/3615/5230/5236/5315,7
M5,GO:0009199,ribonucleoside triphosphate metabolic process,7/55,261/18805,0.02681992337164751,9.169975618251481,7.198551810969733,1.0522095210259702e-5,5.787152365642836e-4,4.5676969102222115e-4,1291/54541/2821/3615/5230/5236/5315,7
M5,GO:0016052,carbohydrate catabolic process,6/55,179/18805,0.0335195530726257,11.460639918740476,7.616067754863621,1.3467078403649497e-5,6.826064102071106e-4,5.387691551567702e-4,1291/54541/2821/5230/5236/5315,6
M5,GO:0019362,pyridine nucleotide metabolic process,6/55,180/18805,0.03333333333333333,11.396969696969698,7.591030213557054,1.3900348716944798e-5,6.826064102071106e-4,5.387691551567702e-4,1291/54541/2821/5230/5236/5315,6
M5,GO:0046496,nicotinamide nucleotide metabolic process,6/55,180/18805,0.03333333333333333,11.396969696969698,7.591030213557054,1.3900348716944798e-5,6.826064102071106e-4,5.387691551567702e-4,1291/54541/2821/5230/5236/5315,6
M5,GO:0009141,nucleoside triphosphate metabolic process,7/55,277/18805,0.02527075812274368,8.640301936330816,6.93812252760769,1.5468507452097275e-5,7.217690891532013e-4,5.696795643383354e-4,1291/54541/2821/3615/5230/5236/5315,7
M5,GO:1901292,nucleoside phosphate catabolic process,6/55,184/18805,0.03260869565217391,11.149209486166006,7.49282273411754,1.574768921788803e-5,7.217690891532013e-4,5.696795643383354e-4,1291/54541/2821/5230/5236/5315,6
M5,GO:0072524,pyridine-containing compound metabolic process,6/55,187/18805,0.03208556149732621,10.970345162858534,7.421134685773623,1.7259421809422604e-5,7.655388705792284e-4,6.0422627794617e-4,1291/54541/2821/5230/5236/5315,6
M5,GO:0090200,positive regulation of release of cytochrome c from mitochondria,3/55,21/18805,0.14285714285714285,48.844155844155836,11.880927176609479,3.0332954202691267e-5,0.0013033691258968903,0.001028726177071536,664/26355/10962,3
M5,GO:0046034,ATP metabolic process,6/55,230/18805,0.02608695652173913,8.919367588932806,6.5447918464682076,5.511000671740456e-5,0.0022962502798918563,0.0018123896945978976,1291/54541/2821/5230/5236/5315,6
M5,GO:0009150,purine ribonucleotide metabolic process,7/55,350/18805,0.02,6.838181818181819,5.971183854678134,6.861643274047e-5,0.0027749292652395952,0.0021902025435115964,1291/54541/2821/3615/5230/5236/5315,7
M5,GO:0006091,generation of precursor metabolites and energy,8/55,484/18805,0.01652892561983471,5.651389932381668,5.614830779563099,7.647794617399734e-5,0.0030044907425498956,0.0023713913535456017,664/1291/54541/2821/5230/5236/5315/5501,8
M5,GO:1904427,positive regulation of calcium ion transmembrane transport,4/55,82/18805,0.04878048780487805,16.67849223946785,7.706005823562137,9.670064553109736e-5,0.003670319980063182,0.002896918583307285,187/9446/7070/10345,4
M5,GO:0009259,ribonucleotide metabolic process,7/55,371/18805,0.018867924528301886,6.451114922813036,5.743390312596051,9.87649740089729e-5,0.003670319980063182,0.002896918583307285,1291/54541/2821/3615/5230/5236/5315,7
M5,GO:1901136,carbohydrate derivative catabolic process,6/55,258/18805,0.023255813953488372,7.95137420718816,6.089049647246493,1.0387872023388524e-4,0.0037251797098480934,0.0029402183968255573,1291/54541/2821/5230/5236/5315,6
M5,GO:0051279,regulation of release of sequestered calcium ion into cytosol,4/55,84/18805,0.047619047619047616,16.28138528138528,7.602276775195277,1.0621599296396192e-4,0.0037251797098480934,0.0029402183968255573,187/9446/7070/10345,4
M5,GO:0005996,monosaccharide metabolic process,6/55,260/18805,0.023076923076923078,7.890209790209791,6.059147578682379,1.0836886428649e-4,0.0037251797098480934,0.0029402183968255573,2821/9446/5230/5236/5315/6513,6
M5,GO:0019693,ribose phosphate metabolic process,7/55,379/18805,0.018469656992084433,6.314943631566323,5.661200866265662,1.1276921816495452e-4,0.0037818945116295725,0.0029849823858297334,1291/54541/2821/3615/5230/5236/5315,7
M5,GO:0090199,regulation of release of cytochrome c from mitochondria,3/55,41/18805,0.07317073170731707,25.017738359201775,8.338101080583456,2.3325619315606096e-4,0.007636363466418663,0.006027246494834558,664/26355/10962,3
M5,GO:0006163,purine nucleotide metabolic process,7/55,448/18805,0.015625,5.342329545454546,5.038099758090666,3.1417513758351644e-4,0.010046298004124073,0.007929365161532568,1291/54541/2821/3615/5230/5236/5315,7
M5,GO:1903596,regulation of gap junction assembly,2/55,10/18805,0.2,68.38181818181818,11.543231098562888,3.723187829035645e-4,0.011611345616721712,0.009164629535571357,187/26047,2
M5,GO:0051928,positive regulation of calcium ion transport,4/55,117/18805,0.03418803418803419,11.689199689199691,6.281488058731621,3.800076747290742e-4,0.011611345616721712,0.009164629535571357,187/9446/7070/10345,4
M5,GO:0036293,response to decreased oxygen levels,6/55,330/18805,0.01818181818181818,6.216528925619834,5.177882563859925,3.922995943619609e-4,0.011726346570602092,0.009255397752567085,664/1291/54541/26355/5230/6513,6
M5,GO:0019320,hexose catabolic process,3/55,51/18805,0.058823529411764705,20.112299465240643,7.402133335367464,4.4635546931912724e-4,0.013011009670770768,0.01026935959469065,5230/5236/5315,3
M5,GO:0019852,L-ascorbic acid metabolic process,2/55,11/18805,0.18181818181818182,62.16528925619834,10.98999753935953,4.542025194159977e-4,0.013011009670770768,0.01026935959469065,9446/6513,2
M5,GO:0001836,release of cytochrome c from mitochondria,3/55,54/18805,0.05555555555555555,18.994949494949495,7.17201394083713,5.283543611735277e-4,0.014826270339053073,0.011702112703972225,664/26355/10962,3
M5,GO:0051280,negative regulation of release of sequestered calcium ion into cytosol,2/55,12/18805,0.16666666666666666,56.984848484848484,10.506762208307897,5.440206218198198e-4,0.014960567100045044,0.011808110759920718,9446/10345,2
M5,GO:0046365,monosaccharide catabolic process,3/55,55/18805,0.05454545454545454,18.649586776859504,7.099390753045471,5.576829901369214e-4,0.014969230758083348,0.011814948831834588,5230/5236/5315,3
M5,GO:0021987,cerebral cortex development,4/55,130/18805,0.03076923076923077,10.52027972027972,5.899251473531646,5.661090904875157e-4,0.014969230758083348,0.011814948831834588,664/1000/26047/6513,4
M5,GO:0051209,release of sequestered calcium ion into cytosol,4/55,131/18805,0.030534351145038167,10.439972241498959,5.872101013298809,5.826800885762529e-4,0.015072322952260903,0.011896317675621812,187/9446/7070/10345,4
M5,GO:0051283,negative regulation of sequestering of calcium ion,4/55,132/18805,0.030303030303030304,10.360881542699724,5.845242003882501,5.9959315217749e-4,0.015072322952260903,0.011896317675621812,187/9446/7070/10345,4
M5,GO:0070482,response to oxygen levels,6/55,358/18805,0.01675977653631285,5.730319959370238,4.894124205233614,6.028929180904361e-4,0.015072322952260903,0.011896317675621812,664/1291/54541/26355/5230/6513,6
M5,GO:0051282,regulation of sequestering of calcium ion,4/55,134/18805,0.029850746268656716,10.206241519674354,5.792376778830921,6.344614571811127e-4,0.015578294707571964,0.01229567222469412,187/9446/7070/10345,4
M5,GO:0051208,sequestering of calcium ion,4/55,138/18805,0.028985507246376812,9.910408432147564,5.6899142443366575,7.084789150613537e-4,0.017090500144023885,0.013489229204584592,187/9446/7070/10345,4
M5,GO:0051284,positive regulation of sequestering of calcium ion,2/55,14/18805,0.14285714285714285,48.844155844155836,9.698929396504115,7.472784477360222e-4,0.01741538755317001,0.013745657085028347,9446/10345,2
M5,GO:1901334,lactone metabolic process,2/55,14/18805,0.14285714285714285,48.844155844155836,9.698929396504115,7.472784477360222e-4,0.01741538755317001,0.013745657085028347,9446/6513,2
M5,GO:1904064,positive regulation of cation transmembrane transport,4/55,142/18805,0.028169014084507043,9.631241997439181,5.591554566180888,7.884183724614758e-4,0.017861690403683742,0.014097916023883588,187/9446/7070/10345,4
M5,GO:0050879,multicellular organismal movement,3/55,62/18805,0.04838709677419355,16.54398826979472,6.639640754333337,7.924095379088788e-4,0.017861690403683742,0.014097916023883588,1291/9446/7138,3
M5,GO:0034767,positive regulation of monoatomic ion transmembrane transport,4/55,152/18805,0.02631578947368421,8.997607655502392,5.361834115537683,0.0010158690719689841,0.022529354418666984,0.017782020597623474,187/9446/7070/10345,4
M5,GO:0016264,gap junction assembly,2/55,18/18805,0.1111111111111111,37.98989898989899,8.503476389664813,0.001247020817616554,0.027216724194012092,0.021481678579159016,187/26047,2
M5,GO:0051881,regulation of mitochondrial membrane potential,3/55,75/18805,0.04,13.676363636363638,5.957475457895114,0.0013773529126491191,0.02854907121736834,0.022533276497689388,664/1291/10962,3
M5,GO:0060314,regulation of ryanodine-sensitive calcium-release channel activity,2/55,19/18805,0.10526315789473684,35.99043062200957,8.264465266245834,0.0013911183793190393,0.02854907121736834,0.022533276497689388,9446/10345,2
M5,GO:0061621,canonical glycolysis,2/55,19/18805,0.10526315789473684,35.99043062200957,8.264465266245834,0.0013911183793190393,0.02854907121736834,0.022533276497689388,5230/5315,2
M5,GO:0061718,glucose catabolic process to pyruvate,2/55,19/18805,0.10526315789473684,35.99043062200957,8.264465266245834,0.0013911183793190393,0.02854907121736834,0.022533276497689388,5230/5315,2
M5,GO:0043116,negative regulation of vascular permeability,2/55,20/18805,0.1,34.19090909090909,8.04330200988998,0.001542792240598956,0.0311961666297583,0.02462258204423411,9590/10979,2
M5,GO:0061620,glycolytic process through glucose-6-phosphate,2/55,21/18805,0.09523809523809523,32.56277056277056,7.837842928398454,0.0017019984812722488,0.03354150465580851,0.02647371582785728,5230/5315,2
M5,GO:1903169,regulation of calcium ion transmembrane transport,4/55,175/18805,0.022857142857142857,7.815064935064935,4.905558115266791,0.0017075675097502517,0.03354150465580851,0.02647371582785728,187/9446/7070/10345,4
M5,GO:0006874,intracellular calcium ion homeostasis,5/55,306/18805,0.016339869281045753,5.5867498514557346,4.381244323129883,0.0019749087978366683,0.03824647319754111,0.030187264204145366,187/664/9446/7070/10345,5
M5,GO:0006094,gluconeogenesis,3/55,89/18805,0.033707865168539325,11.52502553626149,5.39035630562411,0.002250584460588168,0.04269365636498399,0.033697347148171096,2821/5230/5236,3
M5,GO:0001666,response to hypoxia,5/55,316/18805,0.015822784810126583,5.409953970080553,4.281803339024245,0.0022712466598317762,0.04269365636498399,0.033697347148171096,664/54541/26355/5230/6513,5
M5,GO:0097553,calcium ion transmembrane import into cytosol,4/55,191/18805,0.020942408376963352,7.16039980961447,4.634592532901861,0.002347828548982362,0.04269365636498399,0.033697347148171096,187/9446/7070/10345,4
M5,GO:0035994,response to muscle stretch,2/55,25/18805,0.08,27.352727272727275,7.140910794597322,0.0024132752600030394,0.04269365636498399,0.033697347148171096,1000/2821,2
M5,GO:0061615,glycolytic process through fructose-6-phosphate,2/55,25/18805,0.08,27.352727272727275,7.140910794597322,0.0024132752600030394,0.04269365636498399,0.033697347148171096,5230/5315,2
M5,GO:1901020,negative regulation of calcium ion transmembrane transporter activity,2/55,25/18805,0.08,27.352727272727275,7.140910794597322,0.0024132752600030394,0.04269365636498399,0.033697347148171096,9446/10345,2
M5,GO:0006006,glucose metabolic process,4/55,193/18805,0.02072538860103627,7.086198775317946,4.602927080509824,0.002438016870378609,0.04269365636498399,0.033697347148171096,2821/5230/5236/5315,4
M5,GO:0019319,hexose biosynthetic process,3/55,92/18805,0.03260869565217391,11.149209486166006,5.285185703738646,0.002473394273127228,0.04269365636498399,0.033697347148171096,2821/5230/5236,3
M5,GO:0021543,pallium development,4/55,194/18805,0.020618556701030927,7.049671977507028,4.587263289946337,0.002483994552144523,0.04269365636498399,0.033697347148171096,664/1000/26047/6513,4
M5,GO:0051894,positive regulation of focal adhesion assembly,2/55,26/18805,0.07692307692307693,26.300699300699304,6.991796799614773,0.0026094910113319517,0.04355695234021171,0.03437873137818814,10979/7070,2
M5,GO:1901021,positive regulation of calcium ion transmembrane transporter activity,2/55,26/18805,0.07692307692307693,26.300699300699304,6.991796799614773,0.0026094910113319517,0.04355695234021171,0.03437873137818814,9446/10345,2
M5,GO:0046364,monosaccharide biosynthetic process,3/55,94/18805,0.031914893617021274,10.911992263056092,5.217737325058756,0.002629256032172779,0.04355695234021171,0.03437873137818814,2821/5230/5236,3
M5,GO:0055074,calcium ion homeostasis,5/55,331/18805,0.015105740181268883,5.16478989288657,4.140306134198691,0.0027749577668561834,0.04497496232054088,0.03549794155213599,187/664/9446/7070/10345,5
M5,GO:0031639,plasminogen activation,2/55,27/18805,0.07407407407407407,25.326599326599325,6.850849812236515,0.0028129794615029203,0.04497496232054088,0.03549794155213599,5230/5270,2
M5,GO:0051882,mitochondrial depolarization,2/55,27/18805,0.07407407407407407,25.326599326599325,6.850849812236515,0.0028129794615029203,0.04497496232054088,0.03549794155213599,1291/10962,2
M5,GO:0006007,glucose catabolic process,2/55,28/18805,0.07142857142857142,24.422077922077918,6.717337420078724,0.003023697964323705,0.04778832989592063,0.037718482773354385,5230/5315,2
M5,GO:0060485,mesenchyme development,5/55,342/18805,0.014619883040935672,4.998670919723551,4.041879971268923,0.003192716241375475,0.0498861912714918,0.039374287617920035,187/1000/10979/8928/10630,5
M6,GO:1905818,regulation of chromosome separation,10/31,77/18805,0.12987012987012986,78.780896522832,27.79074365665344,2.989356375879525e-17,1.9909113463357634e-14,1.2083293140397238e-14,9212/332/9184/891/991/1063/4085/10051/11065/11130,10
M6,GO:0051304,chromosome separation,10/31,84/18805,0.11904761904761904,72.215821812596,26.581480932640165,7.470435707281486e-17,2.4876550905247348e-14,1.5098143745242583e-14,9212/332/9184/891/991/1063/4085/10051/11065/11130,10
M6,GO:0051983,regulation of chromosome segregation,11/31,137/18805,0.08029197080291971,48.70614551448081,22.772634585545116,1.5254551786024088e-16,3.3865104964973474e-14,2.0553501353800878e-14,9212/332/9184/891/991/983/1063/4085/10051/11065/11130,11
M6,GO:0033047,regulation of mitotic sister chromatid segregation,9/31,58/18805,0.15517241379310345,94.12958843159065,28.864454357430017,2.520467431230432e-16,4.1965782729986694e-14,2.5469986673486473e-14,9212/332/9184/891/991/983/1063/4085/11130,9
M6,GO:0010965,regulation of mitotic sister chromatid separation,9/31,62/18805,0.14516129032258066,88.05671175858481,27.900122675524152,4.781366768444133e-16,6.368780535567585e-14,3.865357555963258e-14,9212/332/9184/891/991/1063/4085/11065/11130,9
M6,GO:0051306,mitotic sister chromatid separation,9/31,65/18805,0.13846153846153847,83.99255583126552,27.235702755854376,7.510441420651207e-16,8.33658997692284e-14,5.059665799175551e-14,9212/332/9184/891/991/1063/4085/11065/11130,9
M6,GO:0033045,regulation of sister chromatid segregation,10/31,108/18805,0.09259259259259259,56.16786140979689,23.363592560092957,1.0223822719393809e-15,9.727237044451824e-14,5.903681089093568e-14,9212/332/9184/891/991/983/1063/4085/11065/11130,10
M6,GO:0033044,regulation of chromosome organization,12/31,244/18805,0.04918032786885246,29.83342147012163,18.421202195078127,1.970589529872894e-15,1.6405157836191843e-13,9.956662887778834e-14,9212/332/9184/891/991/983/1063/2237/4085/10051/11065/11130,12
M6,GO:0000280,nuclear division,14/31,448/18805,0.03125,18.956653225806452,15.63115646088068,2.8429551830012375e-15,2.1037868354209158e-13,1.276836012014591e-13,9212/332/9184/891/991/983/1063/1164/4085/9232/10051/11065/27338/11130,14
M6,GO:0044772,mitotic cell cycle phase transition,14/31,457/18805,0.030634573304157548,18.583327451118794,15.462950288326683,3.742033170080992e-15,2.492194091273941e-13,1.5125691971695802e-13,9212/332/9184/891/991/983/1033/1063/1163/1164/4085/11065/27338/11130,14
M6,GO:0000070,mitotic sister chromatid segregation,11/31,193/18805,0.05699481865284974,34.57379241183352,19.050663011373008,7.073387765718759e-15,3.9253926028458953e-13,2.382409924913583e-13,9212/332/9184/891/991/983/1063/4085/10051/11065/11130,11
M6,GO:0007094,mitotic spindle assembly checkpoint signaling,8/31,49/18805,0.16326530612244897,99.0388413429888,27.922458835758093,8.785213178755514e-15,3.9253926028458953e-13,2.382409924913583e-13,9212/332/9184/891/991/1063/4085/11130,8
M6,GO:0071173,spindle assembly checkpoint signaling,8/31,49/18805,0.16326530612244897,99.0388413429888,27.922458835758093,8.785213178755514e-15,3.9253926028458953e-13,2.382409924913583e-13,9212/332/9184/891/991/1063/4085/11130,8
M6,GO:0071174,mitotic spindle checkpoint signaling,8/31,49/18805,0.16326530612244897,99.0388413429888,27.922458835758093,8.785213178755514e-15,3.9253926028458953e-13,2.382409924913583e-13,9212/332/9184/891/991/1063/4085/11130,8
M6,GO:0031577,spindle checkpoint signaling,8/31,50/18805,0.16,97.05806451612904,27.63680670749681,1.04471959291891e-14,3.9253926028458953e-13,2.382409924913583e-13,9212/332/9184/891/991/1063/4085/11130,8
M6,GO:0140014,mitotic nuclear division,12/31,282/18805,0.0425531914893617,25.81331503088538,17.06008700128423,1.1210826585082585e-14,3.9253926028458953e-13,2.382409924913583e-13,9212/332/9184/891/991/983/1063/4085/10051/11065/27338/11130,12
M6,GO:0048285,organelle fission,14/31,498/18805,0.028112449799196786,17.0533747894805,14.753667344886395,1.222869804816474e-14,3.9253926028458953e-13,2.382409924913583e-13,9212/332/9184/891/991/983/1063/1164/4085/9232/10051/11065/27338/11130,14
M6,GO:0033046,negative regulation of sister chromatid segregation,8/31,51/18805,0.1568627450980392,95.15496521189121,27.359548165496825,1.2377364063027597e-14,3.9253926028458953e-13,2.382409924913583e-13,9212/332/9184/891/991/1063/4085/11130,8
M6,GO:0033048,negative regulation of mitotic sister chromatid segregation,8/31,51/18805,0.1568627450980392,95.15496521189121,27.359548165496825,1.2377364063027597e-14,3.9253926028458953e-13,2.382409924913583e-13,9212/332/9184/891/991/1063/4085/11130,8
M6,GO:0045841,negative regulation of mitotic metaphase/anaphase transition,8/31,51/18805,0.1568627450980392,95.15496521189121,27.359548165496825,1.2377364063027597e-14,3.9253926028458953e-13,2.382409924913583e-13,9212/332/9184/891/991/1063/4085/11130,8
M6,GO:2000816,negative regulation of mitotic sister chromatid separation,8/31,51/18805,0.1568627450980392,95.15496521189121,27.359548165496825,1.2377364063027597e-14,3.9253926028458953e-13,2.382409924913583e-13,9212/332/9184/891/991/1063/4085/11130,8
M6,GO:1902100,negative regulation of metaphase/anaphase transition of cell cycle,8/31,53/18805,0.1509433962264151,91.5642118076689,26.828618555285765,1.7190778716463835e-14,4.977851576158658e-13,3.021171179460921e-13,9212/332/9184/891/991/1063/4085/11130,8
M6,GO:1905819,negative regulation of chromosome separation,8/31,53/18805,0.1509433962264151,91.5642118076689,26.828618555285765,1.7190778716463835e-14,4.977851576158658e-13,3.021171179460921e-13,9212/332/9184/891/991/1063/4085/11130,8
M6,GO:0051985,negative regulation of chromosome segregation,8/31,54/18805,0.14814814814814814,89.86857825567502,26.57421575314774,2.0158496369166143e-14,5.593982742443604e-13,3.3951151779648245e-13,9212/332/9184/891/991/1063/4085/11130,8
M6,GO:0030071,regulation of mitotic metaphase/anaphase transition,9/31,93/18805,0.0967741935483871,58.704474505723205,22.668272341113912,2.1939047781003438e-14,5.844562328859316e-13,3.547197620170661e-13,9212/332/9184/891/991/1063/4085/11065/11130,9
M6,GO:1902099,regulation of metaphase/anaphase transition of cell cycle,9/31,96/18805,0.09375,56.86995967741935,22.30058461644705,2.9479915218260307e-14,7.551393667446679e-13,4.583112325429943e-13,9212/332/9184/891/991/1063/4085/11065/11130,9
M6,GO:0007091,metaphase/anaphase transition of mitotic cell cycle,9/31,97/18805,0.09278350515463918,56.283671433322255,22.18179182258918,3.24605635750093e-14,8.006939015168961e-13,4.859593143393205e-13,9212/332/9184/891/991/1063/4085/11065/11130,9
M6,GO:0045839,negative regulation of mitotic nuclear division,8/31,59/18805,0.13559322033898305,82.25259704756698,25.40016348769348,4.272886892876351e-14,9.891037203235914e-13,6.003095125719285e-13,9212/332/9184/891/991/1063/4085/11130,8
M6,GO:0044784,metaphase/anaphase transition of cell cycle,9/31,100/18805,0.09,54.59516129032258,21.836060422850856,4.3069080914991214e-14,9.891037203235914e-13,6.003095125719285e-13,9212/332/9184/891/991/1063/4085/11065/11130,9
M6,GO:0098813,nuclear chromosome segregation,12/31,322/18805,0.037267080745341616,22.60669204568223,15.89123125074011,5.46322707969898e-14,1.2128364116931734e-12,7.360979644225995e-13,9212/332/9184/891/991/983/1063/4085/9232/10051/11065/11130,12
M6,GO:0007059,chromosome segregation,13/31,431/18805,0.030162412993039442,18.296908914003442,14.761579808641999,5.707102176969756e-14,1.2261064676973734e-12,7.441518628035268e-13,9212/332/9184/891/991/983/1063/387103/4085/9232/10051/11065/11130,13
M6,GO:0000819,sister chromatid segregation,11/31,234/18805,0.04700854700854701,28.5159911772815,17.21087722894892,5.953529435499463e-14,1.2390783137633258e-12,7.520247707999323e-13,9212/332/9184/891/991/983/1063/4085/10051/11065/11130,11
M6,GO:0051784,negative regulation of nuclear division,8/31,65/18805,0.12307692307692308,74.66004962779157,24.173050179619,9.662480298251037e-14,1.9500642056470274e-12,1.1835382566278782e-12,9212/332/9184/891/991/1063/4085/11130,8
M6,GO:0007088,regulation of mitotic nuclear division,9/31,121/18805,0.0743801652892562,45.11996800853106,19.784291676042148,2.501558448356958e-13,4.900111548840395e-12,2.9739889912355167e-12,9212/332/9184/891/991/1063/4085/11065/11130,9
M6,GO:0007093,mitotic cell cycle checkpoint signaling,9/31,137/18805,0.06569343065693431,39.85048269366612,18.545364256819934,7.799401645804898e-13,1.4841147131731605e-11,9.007429269140096e-12,9212/332/9184/891/991/983/1063/4085/11130,9
M6,GO:0051783,regulation of nuclear division,9/31,147/18805,0.061224489795918366,37.1395655036208,17.8746114985583,1.482245363395446e-12,2.7421539222815752e-11,1.6642754957422553e-11,9212/332/9184/891/991/1063/4085/11065/11130,9
M6,GO:2001251,negative regulation of chromosome organization,8/31,98/18805,0.08163265306122448,49.5194206714944,19.568346632437397,2.9060251114996045e-12,5.230845200699288e-11,3.1747187562328546e-11,9212/332/9184/891/991/1063/4085/11130,8
M6,GO:0000075,cell cycle checkpoint signaling,9/31,186/18805,0.04838709677419355,29.352237252861602,15.7904021939821,1.246880327496347e-11,2.1853218371383344e-10,1.3263214563950062e-10,9212/332/9184/891/991/983/1063/4085/11130,9
M6,GO:1901991,negative regulation of mitotic cell cycle phase transition,9/31,192/18805,0.046875,28.434979838709676,15.526538068803195,1.659062050475269e-11,2.833167501580844e-10,1.7195137041363114e-10,9212/332/9184/891/991/983/1063/4085/11130,9
M6,GO:0045930,negative regulation of mitotic cell cycle,9/31,246/18805,0.036585365853658534,22.19315499606609,13.596071613135136,1.5205944388805468e-10,2.53178974073611e-9,1.536600696131921e-9,9212/332/9184/891/991/983/1063/4085/11130,9
M6,GO:1901990,regulation of mitotic cell cycle phase transition,10/31,358/18805,0.027932960893854747,16.944494503514147,12.377044602450722,1.7151477254379523e-10,2.7860692320528685e-9,1.6909286946551316e-9,9212/332/9184/891/991/983/1063/4085/11065/11130,10
M6,GO:0051310,metaphase chromosome alignment,7/31,103/18805,0.06796116504854369,41.22611963670529,16.634520567133453,2.8391066799264363e-10,4.502012021026207e-9,2.732373346094615e-9,9212/332/9184/891/983/1063/11130,7
M6,GO:1901988,negative regulation of cell cycle phase transition,9/31,273/18805,0.03296703296703297,19.99822757887274,12.848748398248423,3.8283586462601306e-10,5.92950432188197e-9,3.5987508449544436e-9,9212/332/9184/891/991/983/1063/4085/11130,9
M6,GO:0090068,positive regulation of cell cycle process,9/31,274/18805,0.032846715328467155,19.92524134683306,12.82315351080017,3.9541670265313544e-10,5.985170999249732e-9,3.632536215760862e-9,9212/332/891/991/983/2237/4085/10051/11065,9
M6,GO:0090231,regulation of spindle checkpoint,5/31,25/18805,0.2,121.3225806451613,24.462278697315835,4.5039082230124853e-10,6.665784170058479e-9,4.045615807337531e-9,9212/332/891/4085/11130,5
M6,GO:0045786,negative regulation of cell cycle,10/31,405/18805,0.024691358024691357,14.978096375945837,11.555645015288901,5.693882235211429e-10,8.243751236197416e-9,5.0033198588585555e-9,9212/332/9184/891/991/983/1063/51053/4085/11130,10
M6,GO:0051303,establishment of chromosome localization,7/31,115/18805,0.06086956521739131,36.92426367461431,15.702171131041695,6.194248489199584e-10,8.777381901716855e-9,5.327192429681165e-9,9212/332/9184/891/983/1063/11130,7
M6,GO:0050000,chromosome localization,7/31,123/18805,0.056910569105691054,34.52268554943614,15.156790109049748,9.9517044895929e-10,1.380798997931015e-8,8.380382728078233e-9,9212/332/9184/891/983/1063/11130,7
M6,GO:0051984,positive regulation of chromosome segregation,5/31,30/18805,0.16666666666666666,101.1021505376344,22.296753041928184,1.2010971894927507e-9,1.6325116902085142e-8,9.908084226964904e-9,9212/332/891/983/10051,5
M6,GO:0010948,negative regulation of cell cycle process,9/31,315/18805,0.02857142857142857,17.33179723502304,11.87813787681363,1.3511379326737602e-9,1.7997157263214485e-8,1.0922883497825768e-8,9212/332/9184/891/991/983/1063/4085/11130,9
M6,GO:1905820,positive regulation of chromosome separation,5/31,32/18805,0.15625,94.78326612903226,21.575509688515858,1.6933657877564204e-9,2.211336499305443e-8,1.3421103457140672e-8,9212/332/991/10051/11065,5
M6,GO:1901987,regulation of cell cycle phase transition,10/31,468/18805,0.021367521367521368,12.961814171491591,10.648376461970797,2.2994445164604916e-9,2.9450577845436298e-8,1.7874224581393294e-8,9212/332/9184/891/991/983/1063/4085/11065/11130,10
M6,GO:0045787,positive regulation of cell cycle,9/31,344/18805,0.02616279069767442,15.870686421605402,11.311239219227081,2.9224953577329624e-9,3.672418694811609e-8,2.2288743145371556e-8,9212/332/891/991/983/2237/4085/10051/11065,9
M6,GO:1901976,regulation of cell cycle checkpoint,5/31,49/18805,0.10204081632653061,61.89927583936801,17.344732959492873,1.57235263054447e-8,1.9392349110048465e-7,1.1769657117525857e-7,9212/332/891/4085/11130,5
M6,GO:1904666,regulation of ubiquitin protein ligase activity,4/31,19/18805,0.21052631578947367,127.70797962648557,22.45386819443719,2.3013337740886074e-8,2.786705988260023e-7,1.691315156459379e-7,991/4085/11065/27338,4
M6,GO:0008608,attachment of spindle microtubules to kinetochore,5/31,54/18805,0.09259259259259259,56.16786140979689,16.496749250628145,2.5926991945801275e-8,3.083460113554223e-7,1.8714219750352805e-7,9212/332/9184/891/983,5
M6,GO:1901970,positive regulation of mitotic sister chromatid separation,4/31,21/18805,0.19047619047619047,115.54531490015361,21.341281752204967,3.5453701322200264e-8,4.1424851018570836e-7,2.5141682932086613e-7,9212/332/991/11065,4
M6,GO:0051988,regulation of attachment of spindle microtubules to kinetochore,4/31,23/18805,0.17391304347826086,105.49789621318372,20.37643054417598,5.233444036734887e-8,6.009437462871439e-7,3.6472640836773083e-7,9212/332/891/983,4
M6,GO:0090266,regulation of mitotic cell cycle spindle assembly checkpoint,4/31,24/18805,0.16666666666666666,101.1021505376344,19.939636352526605,6.272918274283845e-8,6.962939284455067e-7,4.2259659953070117e-7,9212/332/891/4085,4
M6,GO:1903504,regulation of mitotic spindle checkpoint,4/31,24/18805,0.16666666666666666,101.1021505376344,19.939636352526605,6.272918274283845e-8,6.962939284455067e-7,4.2259659953070117e-7,9212/332/891/4085,4
M6,GO:0010639,negative regulation of organelle organization,8/31,362/18805,0.022099447513812154,13.405810016039922,9.684811886538263,9.353973573528702e-8,1.021269901634445e-6,6.198318985737744e-7,9212/332/9184/891/991/1063/4085/11130,8
M6,GO:0006261,DNA-templated DNA replication,6/31,162/18805,0.037037037037037035,22.467144563918755,11.150682493623686,2.2948784258780638e-7,2.4651435994109526e-6,1.4961516392821333e-6,2237/51053/4172/4176/23594/5111,6
M6,GO:0006260,DNA replication,7/31,280/18805,0.025,15.165322580645162,9.704070381695157,2.9153110137930764e-7,3.0655471483343337e-6,1.8605501896007338e-6,983/2237/51053/4172/4176/23594/5111,7
M6,GO:1902850,microtubule cytoskeleton organization involved in mitosis,6/31,169/18805,0.03550295857988166,21.536552777247568,10.897380328775068,2.945871133534495e-7,3.0655471483343337e-6,1.8605501896007338e-6,9212/332/891/991/983/4085,6
M6,GO:0051438,regulation of ubiquitin-protein transferase activity,4/31,36/18805,0.1111111111111111,67.40143369175627,16.20450246009673,3.429744140458605e-7,3.514168611608355e-6,2.132828744835797e-6,991/4085/11065/27338,4
M6,GO:0006270,DNA replication initiation,4/31,38/18805,0.10526315789473684,63.853989813242784,15.75994812117125,4.288010494339422e-7,4.326992407924326e-6,2.626149967825101e-6,51053/4172/4176/23594,4
M6,GO:1902423,regulation of attachment of mitotic spindle microtubules to kinetochore,3/31,10/18805,0.3,181.98387096774192,23.261958106732564,4.829636482739578e-7,4.800802832096357e-6,2.913716275525527e-6,9212/332/983,3
M6,GO:0033260,nuclear DNA replication,4/31,41/18805,0.0975609756097561,59.181746656176244,15.154567015589368,5.862657468313891e-7,5.741955696907429e-6,3.4849233248181646e-6,2237/51053/4172/5111,4
M6,GO:0051987,positive regulation of attachment of spindle microtubules to kinetochore,3/31,11/18805,0.2727272727272727,165.43988269794718,22.1677416316915,6.633334760219109e-7,6.40261007290714e-6,3.885889470517373e-6,9212/332/891,3
M6,GO:1901992,positive regulation of mitotic cell cycle phase transition,5/31,105/18805,0.047619047619047616,28.886328725038403,11.643746728500032,7.463736046552831e-7,7.101211724291694e-6,4.309886679513214e-6,332/891/991/983/11065,5
M6,GO:0044786,cell cycle DNA replication,4/31,45/18805,0.08888888888888889,53.92114695340502,14.442642102688541,8.585958057105095e-7,8.028191368593369e-6,4.87249167937388e-6,2237/51053/4172/5111,4
M6,GO:0000727,double-strand break repair via break-induced replication,3/31,12/18805,0.25,151.65322580645162,21.212827621255865,8.834570501099693e-7,8.028191368593369e-6,4.87249167937388e-6,51659/4172/4176,3
M6,GO:0090267,positive regulation of mitotic cell cycle spindle assembly checkpoint,3/31,12/18805,0.25,151.65322580645162,21.212827621255865,8.834570501099693e-7,8.028191368593369e-6,4.87249167937388e-6,9212/332/4085,3
M6,GO:0051656,establishment of organelle localization,8/31,487/18805,0.01642710472279261,9.96489368748758,8.145132591420488,8.920212631770409e-7,8.028191368593369e-6,4.87249167937388e-6,9212/332/9184/891/983/1063/4085/11130,8
M6,GO:0090232,positive regulation of spindle checkpoint,3/31,13/18805,0.23076923076923078,139.9875930521092,20.369894029786806,1.1472117801325826e-6,1.0187240607577335e-5,6.182867699240867e-6,9212/332/4085,3
M6,GO:0006275,regulation of DNA replication,5/31,121/18805,0.04132231404958678,25.066648893628365,10.791975218213524,1.5084574941251485e-6,1.3218851198517749e-5,8.022821021385832e-6,983/51053/4172/4176/5111,5
M6,GO:0006271,DNA strand elongation involved in DNA replication,3/31,15/18805,0.2,121.3225806451613,18.94335677999,1.8210363629938542e-6,1.5149575624246118e-5,9.194621526332402e-6,4172/4176/5111,3
M6,GO:0034501,protein localization to kinetochore,3/31,15/18805,0.2,121.3225806451613,18.94335677999,1.8210363629938542e-6,1.5149575624246118e-5,9.194621526332402e-6,9212/9184/983,3
M6,GO:0090235,regulation of metaphase plate congression,3/31,15/18805,0.2,121.3225806451613,18.94335677999,1.8210363629938542e-6,1.5149575624246118e-5,9.194621526332402e-6,9212/332/983,3
M6,GO:1903083,protein localization to condensed chromosome,3/31,15/18805,0.2,121.3225806451613,18.94335677999,1.8210363629938542e-6,1.5149575624246118e-5,9.194621526332402e-6,9212/9184/983,3
M6,GO:1901989,positive regulation of cell cycle phase transition,5/31,126/18805,0.03968253968253968,24.071940604198666,10.558935766311732,1.8425159543002037e-6,1.5149575624246118e-5,9.194621526332402e-6,332/891/991/983/11065,5
M6,GO:0030174,regulation of DNA-templated DNA replication initiation,3/31,16/18805,0.1875,113.7399193548387,18.33215157098992,2.23877320412051e-6,1.81832067554178e-5,1.1035801160234608e-5,51053/4172/4176,3
M6,GO:0045931,positive regulation of mitotic cell cycle,5/31,136/18805,0.03676470588235294,22.301944971537,10.131080033273179,2.684303273892161e-6,2.15391081977371e-5,1.307257396543551e-5,332/891/991/983/11065,5
M6,GO:0007080,mitotic metaphase chromosome alignment,4/31,63/18805,0.06349206349206349,38.51510496671787,12.119816244811531,3.362286360055041e-6,2.6658127569007825e-5,1.6179423085979146e-5,9212/332/891/983,4
M6,GO:0000086,G2/M transition of mitotic cell cycle,5/31,143/18805,0.03496503496503497,21.210241371531694,9.857981253388235,3.434817414189404e-6,2.6912804680589918e-5,1.6333992409272213e-5,9212/332/891/983/1063,5
M6,GO:1901978,positive regulation of cell cycle checkpoint,3/31,19/18805,0.15789473684210525,95.78098471986416,16.796098750152762,3.86091730826336e-6,2.9899661945388347e-5,1.8146783921335745e-5,9212/332/4085,3
M6,GO:0051443,positive regulation of ubiquitin-protein transferase activity,3/31,20/18805,0.15,90.99193548387096,16.3621568653441,4.537185017124098e-6,3.473293357936378e-5,2.108020625015915e-5,991/11065/27338,3
M6,GO:0051383,kinetochore organization,3/31,21/18805,0.14285714285714285,86.6589861751152,15.95938306306854,5.287473569757742e-6,4.0016561334757455e-5,2.4286959937643217e-5,1063/387103/10051,3
M6,GO:0044839,cell cycle G2/M phase transition,5/31,160/18805,0.03125,18.956653225806452,9.268975935765239,5.950965444822045e-6,4.453194366574699e-5,2.7027448028523543e-5,9212/332/891/983/1063,5
M6,GO:0051321,meiotic cell cycle,6/31,293/18805,0.020477815699658702,12.422107233292966,8.007204750234875,7.210637175691777e-6,5.335871510011915e-5,3.2384616087317454e-5,9184/991/1164/9232/10051/11130,6
M6,GO:0031145,anaphase-promoting complex-dependent catabolic process,3/31,24/18805,0.125,75.82661290322581,14.904929042664868,8.019586264781016e-6,5.869279617960611e-5,3.562199104309902e-5,991/11065/27338,3
M6,GO:0051315,attachment of mitotic spindle microtubules to kinetochore,3/31,26/18805,0.11538461538461539,69.9937965260546,14.305006121206734,1.0278856588121925e-5,7.440998356183915e-5,4.516110903705743e-5,9212/332/983,3
M6,GO:0140013,meiotic nuclear division,5/31,197/18805,0.025380710659898477,15.396266579335188,8.253928563329456,1.6328183576463245e-5,1.1693086303144646e-4,7.096799652928e-5,991/1164/9232/10051/11130,5
M6,GO:0006310,DNA recombination,6/31,352/18805,0.017045454545454544,10.339992668621699,7.188064038909808,2.0434756942545974e-5,1.4478242684825125e-4,8.787174317959299e-5,2237/51659/3148/3838/4172/4176,6
M6,GO:0010458,exit from mitosis,3/31,33/18805,0.09090909090909091,55.146627565982406,12.65029552001302,2.14018508856325e-5,1.5003823884032888e-4,9.106161484856376e-5,332/11065/27338,3
M6,GO:2001252,positive regulation of chromosome organization,4/31,105/18805,0.0380952380952381,23.10906298003072,9.23148874426027,2.5711105452783707e-5,1.7837079407868696e-4,1.0825728611698403e-4,9212/983/2237/10051,4
M6,GO:1903046,meiotic cell cycle process,5/31,220/18805,0.022727272727272728,13.786656891495602,7.75201547264632,2.7766006168842595e-5,1.906408258603007e-4,1.1570424708448787e-4,991/1164/9232/10051/11130,5
M6,GO:0010389,regulation of G2/M transition of mitotic cell cycle,4/31,109/18805,0.03669724770642202,22.26102397158923,9.045876159320452,2.9785479799476656e-5,2.0241968924950463e-4,1.2285310679913036e-4,9212/891/983/1063,4
M6,GO:0022616,DNA strand elongation,3/31,37/18805,0.08108108108108109,49.1848299912816,11.92146854090139,3.0343008274442045e-5,2.0412569202806467e-4,1.2388851863249066e-4,4172/4176/5111,3
M6,GO:0048144,fibroblast proliferation,4/31,110/18805,0.03636363636363636,22.05865102639296,9.001019798698502,3.087396620826888e-5,2.0562061494707072e-4,1.2479582130500263e-4,891/983/1163/1164,4
M6,GO:0070979,protein K11-linked ubiquitination,3/31,39/18805,0.07692307692307693,46.66253101736973,11.599358976067611,3.5609568609693805e-5,2.3481161083223833e-4,1.4251249969903515e-4,11065/27338/29089,3
M6,GO:0071459,"protein localization to chromosome, centromeric region",3/31,41/18805,0.07317073170731707,44.38630999213218,11.300807901495087,4.14434329197165e-5,2.679740419857397e-4,1.6263953235739535e-4,9212/9184/983,3
M6,GO:0090329,regulation of DNA-templated DNA replication,3/31,41/18805,0.07317073170731707,44.38630999213218,11.300807901495087,4.14434329197165e-5,2.679740419857397e-4,1.6263953235739535e-4,51053/4172/4176,3
M6,GO:1902749,regulation of cell cycle G2/M phase transition,4/31,122/18805,0.03278688524590164,19.888947646747752,8.505344966175885,4.6328836087925836e-5,2.966827387938328e-4,1.8006349248748507e-4,9212/891/983/1063,4
M6,GO:0007052,mitotic spindle organization,4/31,135/18805,0.02962962962962963,17.973715651135006,8.042650734502491,6.876317036239842e-5,4.361549662986414e-4,2.6471235507930825e-4,9212/332/891/991,4
M6,GO:0046686,response to cadmium ion,3/31,50/18805,0.06,36.39677419354839,10.183984149417775,7.543841581882216e-5,4.739809899559958e-4,2.876698279486366e-4,983/1841/5111,3
M6,GO:0061982,meiosis I cell cycle process,4/31,140/18805,0.02857142857142857,17.33179723502304,7.881548665232378,7.920264318721149e-5,4.929809379689987e-4,2.9920132792807887e-4,991/1164/9232/11130,4
M6,GO:0051338,regulation of transferase activity,6/31,463/18805,0.012958963282937365,7.861074339859263,6.074168528571741,9.4107811814693e-5,5.803315061906068e-4,3.522163717041142e-4,991/1033/4085/5111/11065/27338,6
M6,GO:0035519,protein K29-linked ubiquitination,2/31,11/18805,0.18181818181818182,110.29325513196481,14.733558563175635,1.4331859042122897e-4,8.677289201867136e-4,5.266443896818367e-4,27338/29089,2
M6,GO:0051256,mitotic spindle midzone assembly,2/31,11/18805,0.18181818181818182,110.29325513196481,14.733558563175635,1.4331859042122897e-4,8.677289201867136e-4,5.266443896818367e-4,9212/332,2
M6,GO:0006302,double-strand break repair,5/31,323/18805,0.015479876160990712,9.390292619594526,6.180611521732475,1.7062642633297137e-4,0.001012588858279394,6.145631761961235e-4,2237/51659/3148/4172/4176,5
M6,GO:0000022,mitotic spindle elongation,2/31,12/18805,0.16666666666666666,101.1021505376344,14.09494985922106,1.7180561709545275e-4,0.001012588858279394,6.145631761961235e-4,9212/332,2
M6,GO:0044314,protein K27-linked ubiquitination,2/31,12/18805,0.16666666666666666,101.1021505376344,14.09494985922106,1.7180561709545275e-4,0.001012588858279394,6.145631761961235e-4,27338/29089,2
M6,GO:0010992,ubiquitin recycling,2/31,13/18805,0.15384615384615385,93.32506203473946,13.531076325899411,2.0283441806187444e-4,0.0011746758472105077,7.129374511282361e-4,11065/27338,2
M6,GO:1903490,positive regulation of mitotic cytokinesis,2/31,13/18805,0.15384615384615385,93.32506203473946,13.531076325899411,2.0283441806187444e-4,0.0011746758472105077,7.129374511282361e-4,9212/332,2
M6,GO:0006287,"base-excision repair, gap-filling",2/31,14/18805,0.14285714285714285,86.6589861751152,13.028354373319054,2.363970781607141e-4,0.0013342411360596238,8.097812490072635e-4,2237/5111,2
M6,GO:0051231,spindle elongation,2/31,14/18805,0.14285714285714285,86.6589861751152,13.028354373319054,2.363970781607141e-4,0.0013342411360596238,8.097812490072635e-4,9212/332,2
M6,GO:0051255,spindle midzone assembly,2/31,14/18805,0.14285714285714285,86.6589861751152,13.028354373319054,2.363970781607141e-4,0.0013342411360596238,8.097812490072635e-4,9212/332,2
M6,GO:0000724,double-strand break repair via homologous recombination,4/31,188/18805,0.02127659574468085,12.90665751544269,6.667169530759881,2.4645498069048586e-4,0.0013793194717635594,8.371403147735213e-4,2237/51659/4172/4176,4
M6,GO:0090307,mitotic spindle assembly,3/31,75/18805,0.04,24.26451612903226,8.20320053904804,2.527500591218959e-4,0.001402762828126522,8.513686202000704e-4,9212/332/991,3
M6,GO:0000725,recombinational repair,4/31,194/18805,0.020618556701030927,12.507482540738277,6.546721955257957,2.778143656618559e-4,0.0015291270043867441,9.280619087790576e-4,2237/51659/4172/4176,4
M6,GO:0085020,protein K6-linked ubiquitination,2/31,16/18805,0.125,75.82661290322581,12.167232486377081,3.1109240380026564e-4,0.0016844515522843654,0.001022331904658126,27338/29089,2
M6,GO:1902412,regulation of mitotic cytokinesis,2/31,16/18805,0.125,75.82661290322581,12.167232486377081,3.1109240380026564e-4,0.0016844515522843654,0.001022331904658126,9212/332,2
M6,GO:0031396,regulation of protein ubiquitination,4/31,201/18805,0.01990049751243781,12.071898571657838,6.412753159360687,3.1791748113155617e-4,0.0017075245357549712,0.0010363354223643258,991/4085/11065/27338,4
M6,GO:0007051,spindle organization,4/31,206/18805,0.019417475728155338,11.778891324772939,6.321068077452467,3.489987997834695e-4,0.0018325891576847983,0.001112239981904477,9212/332/891/991,4
M6,GO:0044771,meiotic cell cycle phase transition,2/31,17/18805,0.11764705882352941,71.36622390891841,11.794403795224792,3.5220932760308434e-4,0.0018325891576847983,0.001112239981904477,991/11130,2
M6,GO:0045842,positive regulation of mitotic metaphase/anaphase transition,2/31,17/18805,0.11764705882352941,71.36622390891841,11.794403795224792,3.5220932760308434e-4,0.0018325891576847983,0.001112239981904477,991/11065,2
M6,GO:0051382,kinetochore assembly,2/31,17/18805,0.11764705882352941,71.36622390891841,11.794403795224792,3.5220932760308434e-4,0.0018325891576847983,0.001112239981904477,1063/387103,2
M6,GO:1902101,positive regulation of metaphase/anaphase transition of cell cycle,2/31,18/18805,0.1111111111111111,67.40143369175627,11.45282310127819,3.9582862699461837e-4,0.002043580353321053,0.0012402953306073724,991/11065,2
M6,GO:0007096,regulation of exit from mitosis,2/31,20/18805,0.1,60.66129032258065,10.84749856526711,4.90543062990334e-4,0.002513089845781249,0.001525251305168326,332/11065,2
M6,GO:0045132,meiotic chromosome segregation,3/31,96/18805,0.03125,18.956653225806452,7.1674271290397735,5.22436946812239e-4,0.0026560534853202382,0.0016120191850212918,9232/10051/11130,3
M6,GO:0140694,membraneless organelle assembly,5/31,427/18805,0.0117096018735363,7.103195588124199,5.183817020028015,6.154475434876706e-4,0.003105212605778702,0.001884624056612963,9212/332/991/1063/387103,5
M6,GO:0065004,protein-DNA complex assembly,4/31,242/18805,0.01652892561983471,10.026659557451346,5.742992185241593,6.405724692202042e-4,0.00320767868045606,0.001946813044563185,1063/387103/51053/3148,4
M6,GO:1903320,regulation of protein modification by small protein conjugation or removal,4/31,243/18805,0.01646090534979424,9.985397583963893,5.7286938362955775,6.505461443737813e-4,0.003233311433977152,0.001962370144850998,991/4085/11065/27338,4
M6,GO:1901873,regulation of post-translational protein modification,4/31,248/18805,0.016129032258064516,9.784079084287201,5.658427491311231,7.020780529286768e-4,0.003463585061114806,0.0021021284391782606,991/4085/11065/27338,4
M6,GO:0031398,positive regulation of protein ubiquitination,3/31,110/18805,0.02727272727272727,16.54398826979472,6.643908291742294,7.769303983600755e-4,0.003804673862557429,0.002309142979646045,991/11065/27338,3
M6,GO:0071824,protein-DNA complex organization,4/31,262/18805,0.015267175572519083,9.261265698103914,5.471857742285537,8.617310298626713e-4,0.004189145006485687,0.0025424872490761876,1063/387103/51053/3148,4
M6,GO:0051347,positive regulation of transferase activity,4/31,263/18805,0.015209125475285171,9.22605176008831,5.459069019202124,8.740358898313555e-4,0.004218173207446977,0.00256010512353349,991/5111/11065/27338,4
M6,GO:0010971,positive regulation of G2/M transition of mitotic cell cycle,2/31,28/18805,0.07142857142857142,43.3294930875576,9.108283537950173,9.679390586946337e-4,0.004637751173313857,0.002814756520550847,891/983,2
M6,GO:0034508,centromere complex assembly,2/31,30/18805,0.06666666666666667,40.44086021505377,8.785057216584413,0.0011116140911168297,0.005288107033455776,0.0032094722630741554,1063/387103,2
M6,GO:1902751,positive regulation of cell cycle G2/M phase transition,2/31,31/18805,0.06451612903225806,39.136316337148806,8.635127271375966,0.0011870583992514671,0.005606956694336717,0.003402989364035561,891/983,2
M6,GO:0007127,meiosis I,3/31,130/18805,0.023076923076923078,13.99875930521092,6.043253808672857,0.0012595451500327743,0.005907444154379069,0.0035853620282623087,1164/9232/11130,3
M6,GO:0034502,protein localization to chromosome,3/31,131/18805,0.022900763358778626,13.891898547155872,6.016742304550214,0.0012876321887295785,0.005996944319537758,0.003639681711241503,9212/9184/983,3
M6,GO:1903322,positive regulation of protein modification by small protein conjugation or removal,3/31,133/18805,0.022556390977443608,13.682997817123454,5.964580169077955,0.0013449864357453734,0.0061782872278431725,0.0037497428409858993,991/11065/27338,3
M6,GO:0040020,regulation of meiotic nuclear division,2/31,33/18805,0.06060606060606061,36.764418377321604,8.355653563523909,0.0013451225946505406,0.0061782872278431725,0.0037497428409858993,991/11130,2
M6,GO:1901875,positive regulation of post-translational protein modification,3/31,134/18805,0.022388059701492536,13.580885893115068,5.938918896823924,0.001374257824904634,0.006268874735523879,0.003804722456837631,991/11065/27338,3
M6,GO:0051225,spindle assembly,3/31,136/18805,0.022058823529411766,13.381166982922203,5.888410367077094,0.0014339994947523704,0.006496895670102577,0.003943113540887292,9212/332/991,3
M6,GO:0009411,response to UV,3/31,157/18805,0.01910828025477707,11.591329361002671,5.415165459500855,0.0021616497249752906,0.009727423762388807,0.005903794412450296,9212/2237/5111,3
M6,GO:0000723,telomere maintenance,3/31,162/18805,0.018518518518518517,11.233572281959377,5.31562616313077,0.002363070099030437,0.010562447556740075,0.006410589318457703,9212/2237/5111,3
M6,GO:0045740,positive regulation of DNA replication,2/31,44/18805,0.045454545454545456,27.573313782991203,7.170866275480752,0.002382980236303337,0.010580432249186818,0.0064215046367753085,983/5111,2
M6,GO:0006284,base-excision repair,2/31,45/18805,0.044444444444444446,26.96057347670251,7.084866694871189,0.002491262039862995,0.010987950453965263,0.0066688366908845605,2237/5111,2
M6,GO:0030261,chromosome condensation,2/31,47/18805,0.0425531914893617,25.81331503088538,6.920986689734355,0.002714687577472967,0.011816875337235267,0.007171930029237148,983/10051,2
M6,GO:0045840,positive regulation of mitotic nuclear division,2/31,47/18805,0.0425531914893617,25.81331503088538,6.920986689734355,0.002714687577472967,0.011816875337235267,0.007171930029237148,991/11065,2
M6,GO:0032467,positive regulation of cytokinesis,2/31,51/18805,0.0392156862745098,23.788741302972802,6.621952054324462,0.0031887812329013023,0.013790443513716022,0.00836973337959057,9212/332,2
M6,GO:0032200,telomere organization,3/31,189/18805,0.015873015873015872,9.628776241679468,4.844673185658231,0.003651330390190666,0.01568894219269022,0.00952197534691488,9212/2237/5111,3
M6,GO:0007062,sister chromatid cohesion,2/31,62/18805,0.03225806451612903,19.568158168574403,5.950763362144509,0.004676441162498055,0.019837642128813407,0.01203991556419211,991/2237,2
M6,GO:0051785,positive regulation of nuclear division,2/31,62/18805,0.03225806451612903,19.568158168574403,5.950763362144509,0.004676441162498055,0.019837642128813407,0.01203991556419211,991/11065,2
M6,GO:0031100,animal organ regeneration,2/31,66/18805,0.030303030303030304,18.382209188660802,5.7481923951266145,0.005282920448323234,0.022268512775843508,0.013515266170260642,983/5111,2
M6,GO:0045143,homologous chromosome segregation,2/31,67/18805,0.029850746268656716,18.107847857486757,5.700313284759534,0.00543990514208928,0.022502961643673665,0.013657558512993028,9232/11130,2
M6,GO:0070301,cellular response to hydrogen peroxide,2/31,67/18805,0.029850746268656716,18.107847857486757,5.700313284759534,0.00543990514208928,0.022502961643673665,0.013657558512993028,983/5111,2
M6,GO:0070534,protein K63-linked ubiquitination,2/31,67/18805,0.029850746268656716,18.107847857486757,5.700313284759534,0.00543990514208928,0.022502961643673665,0.013657558512993028,27338/29089,2
M6,GO:0051445,regulation of meiotic cell cycle,2/31,68/18805,0.029411764705882353,17.841555977229604,5.653458421516801,0.005599021752145834,0.023018200536599538,0.013970268699311245,991/11130,2
M6,GO:0009410,response to xenobiotic stimulus,4/31,453/18805,0.008830022075055188,5.356405326497187,3.8138467895358605,0.006246974391433086,0.025524447513462795,0.015491366911916729,983/1063/4176/5111,4
M6,GO:0010972,negative regulation of G2/M transition of mitotic cell cycle,2/31,73/18805,0.0273972602739726,16.619531595227574,5.433315482713543,0.006426339513874483,0.02609720802585613,0.01583898827553146,9212/983,2
M6,GO:1902750,negative regulation of cell cycle G2/M phase transition,2/31,75/18805,0.02666666666666667,16.176344086021505,5.351265132562583,0.00677194666751177,0.027334039276138415,0.016589649252469026,9212/983,2
M6,GO:0032481,positive regulation of type I interferon production,2/31,76/18805,0.02631578947368421,15.963497453310696,5.311414279003217,0.006947868365284533,0.0278751827185512,0.01691808149821979,3148/3838,2
M6,GO:0000082,G1/S transition of mitotic cell cycle,3/31,240/18805,0.0125,7.582661290322581,4.170491252458803,0.007089381737836206,0.028272624176041396,0.017159297745534846,891/983/1033,3
M6,GO:0000209,protein polyubiquitination,3/31,264/18805,0.011363636363636364,6.893328445747801,3.918533768129483,0.009198968531261347,0.0364673395346432,0.022132856616568657,11065/27338/29089,3
M6,GO:0034644,cellular response to UV,2/31,91/18805,0.02197802197802198,13.332151719248495,4.791856502030335,0.009831239785931393,0.03869224186887466,0.023483200375609085,9212/5111,2
M6,GO:0044843,cell cycle G1/S phase transition,3/31,271/18805,0.01107011070110701,6.715271991429591,3.8509203046310008,0.009876398074637676,0.03869224186887466,0.023483200375609085,891/983/1033,3
M6,GO:0032465,regulation of cytokinesis,2/31,95/18805,0.021052631578947368,12.770797962648556,4.673673566183097,0.010675874635831285,0.041579722265869215,0.025235677809536557,9212/332,2
M6,GO:0000281,mitotic cytokinesis,2/31,98/18805,0.02040816326530612,12.3798551678736,4.5896044814631125,0.011329766730751924,0.04386991071326036,0.026625645193443938,9212/332,2
M6,GO:0042542,response to hydrogen peroxide,2/31,99/18805,0.020202020202020204,12.25480612577387,4.562393207401665,0.011551584586609435,0.04421468583150508,0.026834897043303226,983/5111,2
M6,GO:0051781,positive regulation of cell division,2/31,99/18805,0.020202020202020204,12.25480612577387,4.562393207401665,0.011551584586609435,0.04421468583150508,0.026834897043303226,9212/332,2
M6,GO:0070936,protein K48-linked ubiquitination,2/31,100/18805,0.02,12.13225806451613,4.535571008411828,0.011775318495674508,0.04481349781782413,0.027198329638129393,11065/29089,2
M6,GO:0042773,ATP synthesis coupled electron transport,2/31,101/18805,0.019801980198019802,12.012136697540722,4.509128326623891,0.012000961965156775,0.0451561619705899,0.027406300295094867,891/983,2
M6,GO:0042775,mitochondrial ATP synthesis coupled electron transport,2/31,101/18805,0.019801980198019802,12.012136697540722,4.509128326623891,0.012000961965156775,0.0451561619705899,0.027406300295094867,891/983,2
M6,GO:0051054,positive regulation of DNA metabolic process,3/31,293/18805,0.010238907849829351,6.211053616646483,3.6530889108901183,0.012192354036077819,0.04561858307880802,0.027686954168266605,9212/983/5111,3
M7,GO:0016126,sterol biosynthetic process,4/21,74/18805,0.05405405405405406,48.40411840411841,13.661304797496847,1.2567400817537625e-6,3.235545408824692e-4,2.1114355058297042e-4,2222/3422/6307/6713,4
M7,GO:0019646,aerobic electron transport chain,4/21,93/18805,0.043010752688172046,38.51510496671787,12.126298781068911,3.1454088046304286e-6,3.235545408824692e-4,2.1114355058297042e-4,54205/4537/4540/4726,4
M7,GO:0006754,ATP biosynthetic process,4/21,100/18805,0.04,35.81904761904762,11.67289988074328,4.202935808018844e-6,3.235545408824692e-4,2.1114355058297042e-4,4537/4540/4726/142,4
M7,GO:0042773,ATP synthesis coupled electron transport,4/21,101/18805,0.039603960396039604,35.464403583215464,11.611944090806912,4.373082925006127e-6,3.235545408824692e-4,2.1114355058297042e-4,54205/4537/4540/4726,4
M7,GO:0042775,mitochondrial ATP synthesis coupled electron transport,4/21,101/18805,0.039603960396039604,35.464403583215464,11.611944090806912,4.373082925006127e-6,3.235545408824692e-4,2.1114355058297042e-4,54205/4537/4540/4726,4
M7,GO:0009206,purine ribonucleoside triphosphate biosynthetic process,4/21,111/18805,0.036036036036036036,32.26941226941227,11.047673163465713,6.368305905221195e-6,3.235545408824692e-4,2.1114355058297042e-4,4537/4540/4726/142,4
M7,GO:0009145,purine nucleoside triphosphate biosynthetic process,4/21,112/18805,0.03571428571428571,31.9812925170068,10.995368006462947,6.59938482763084e-6,3.235545408824692e-4,2.1114355058297042e-4,4537/4540/4726/142,4
M7,GO:0009201,ribonucleoside triphosphate biosynthetic process,4/21,117/18805,0.03418803418803419,30.61457061457062,10.743794358482884,7.849031989062595e-6,3.235545408824692e-4,2.1114355058297042e-4,4537/4540/4726/142,4
M7,GO:0022904,respiratory electron transport chain,4/21,117/18805,0.03418803418803419,30.61457061457062,10.743794358482884,7.849031989062595e-6,3.235545408824692e-4,2.1114355058297042e-4,54205/4537/4540/4726,4
M7,GO:0009142,nucleoside triphosphate biosynthetic process,4/21,125/18805,0.032,28.655238095238094,10.372530039288124,1.0201124282513715e-5,3.663608061460257e-4,2.3907784200194614e-4,4537/4540/4726/142,4
M7,GO:0022900,electron transport chain,4/21,127/18805,0.031496062992125984,28.203974503187098,10.285129468161506,1.0862449777914508e-5,3.663608061460257e-4,2.3907784200194614e-4,54205/4537/4540/4726,4
M7,GO:0008203,cholesterol metabolic process,4/21,150/18805,0.02666666666666667,23.87936507936508,9.4066005021233,2.094290980603787e-5,6.034502476430883e-4,3.937964447663791e-4,2222/3422/6307/6713,4
M7,GO:0006119,oxidative phosphorylation,4/21,151/18805,0.026490066225165563,23.721223588773256,9.37292046257792,2.1497192391953237e-5,6.034502476430883e-4,3.937964447663791e-4,54205/4537/4540/4726,4
M7,GO:0006120,"mitochondrial electron transport, NADH to ubiquinone",3/21,51/18805,0.058823529411764705,52.675070028011206,12.355488900492382,2.4147159758368394e-5,6.034502476430883e-4,3.937964447663791e-4,4537/4540/4726,3
M7,GO:0009152,purine ribonucleotide biosynthetic process,4/21,157/18805,0.025477707006369428,22.814680012132243,9.17747630157424,2.5052598998213884e-5,6.034502476430883e-4,3.937964447663791e-4,4537/4540/4726/142,4
M7,GO:0016125,sterol metabolic process,4/21,161/18805,0.024844720496894408,22.24785566400473,9.053139808567499,2.7651359056421836e-5,6.034502476430883e-4,3.937964447663791e-4,2222/3422/6307/6713,4
M7,GO:1902652,secondary alcohol metabolic process,4/21,161/18805,0.024844720496894408,22.24785566400473,9.053139808567499,2.7651359056421836e-5,6.034502476430883e-4,3.937964447663791e-4,2222/3422/6307/6713,4
M7,GO:0006694,steroid biosynthetic process,4/21,169/18805,0.023668639053254437,21.19470273316427,8.817494449989185,3.3436233614452994e-5,6.891579261645589e-4,4.4972711879088823e-4,2222/3422/6307/6713,4
M7,GO:0009260,ribonucleotide biosynthetic process,4/21,173/18805,0.023121387283236993,20.7046518029177,8.705682166748486,3.664008620844794e-5,7.15445893859694e-4,4.668819849275915e-4,4537/4540/4726/142,4
M7,GO:0046390,ribose phosphate biosynthetic process,4/21,180/18805,0.022222222222222223,19.899470899470902,8.51880126526832,4.2780979981618146e-5,7.935871786590166e-4,5.178750208301145e-4,4537/4540/4726/142,4
M7,GO:0006695,cholesterol biosynthetic process,3/21,67/18805,0.04477611940298507,40.095948827292105,10.718851901086348,5.4912656668169906e-5,9.259813969269378e-4,6.042721557474697e-4,2222/3422/6307,3
M7,GO:1902653,secondary alcohol biosynthetic process,3/21,67/18805,0.04477611940298507,40.095948827292105,10.718851901086348,5.4912656668169906e-5,9.259813969269378e-4,6.042721557474697e-4,2222/3422/6307,3
M7,GO:0042776,proton motive force-driven mitochondrial ATP synthesis,3/21,68/18805,0.04411764705882353,39.50630252100841,10.635966855810878,5.740585479600962e-5,9.259813969269378e-4,6.042721557474697e-4,4537/4540/4726,3
M7,GO:0006164,purine nucleotide biosynthetic process,4/21,198/18805,0.020202020202020204,18.090428090428095,8.083288630588621,6.201306104132021e-5,9.58618568597075e-4,6.255703526098092e-4,4537/4540/4726/142,4
M7,GO:0009060,aerobic respiration,4/21,201/18805,0.01990049751243781,17.820421701018716,8.01627249868847,6.574460521740427e-5,9.756499414262794e-4,6.366845978948624e-4,54205/4537/4540/4726,4
M7,GO:0015986,proton motive force-driven ATP synthesis,3/21,77/18805,0.03896103896103896,34.888682745825605,9.963113531434804,8.325068149423476e-5,0.0011879231859369653,7.752087750475303e-4,4537/4540/4726,3
M7,GO:0046034,ATP metabolic process,4/21,230/18805,0.017391304347826087,15.573498964803312,7.435395428587457,1.1078995965889854e-4,0.0015223361123500503,9.934382347581547e-4,4537/4540/4726/142,4
M7,GO:0009165,nucleotide biosynthetic process,4/21,234/18805,0.017094017094017096,15.30728530728531,7.363567126709137,1.1840969347713316e-4,0.0015689284385720145,0.0010238432142759635,4537/4540/4726/142,4
M7,GO:0045333,cellular respiration,4/21,245/18805,0.0163265306122449,14.62001943634597,7.174844819638982,1.413270706106409e-4,0.0018080118343637163,0.001179863021431848,54205/4537/4540/4726,4
M7,GO:0009205,purine ribonucleoside triphosphate metabolic process,4/21,254/18805,0.015748031496062992,14.101987251593549,7.029284109227387,1.623449356212171e-4,0.0020076657038490516,0.001310152112030875,4537/4540/4726/142,4
M7,GO:0009144,purine nucleoside triphosphate metabolic process,4/21,261/18805,0.01532567049808429,13.72377303411786,6.921100997083921,1.8019235599299322e-4,0.0020891051272937653,0.0013632974302101462,4537/4540/4726/142,4
M7,GO:0009199,ribonucleoside triphosphate metabolic process,4/21,261/18805,0.01532567049808429,13.72377303411786,6.921100997083921,1.8019235599299322e-4,0.0020891051272937653,0.0013632974302101462,4537/4540/4726/142,4
M7,GO:0072522,purine-containing compound biosynthetic process,4/21,264/18805,0.015151515151515152,13.567821067821068,6.876003739520852,1.882601972100563e-4,0.0021165010049979055,0.0013811752905362983,4537/4540/4726/142,4
M7,GO:0009141,nucleoside triphosphate metabolic process,4/21,277/18805,0.01444043321299639,12.931064122399862,6.688758596382298,2.2627126349472536e-4,0.0024690187869571504,0.001611219523337054,4537/4540/4726/142,4
M7,GO:1901293,nucleoside phosphate biosynthetic process,4/21,322/18805,0.012422360248447204,11.123927832002366,6.126768538916046,4.0110914811614085e-4,0.0042517569700310925,0.00277458959599135,4537/4540/4726/142,4
M7,GO:0008202,steroid metabolic process,4/21,335/18805,0.011940298507462687,10.69225302061123,5.984865953476365,4.6583493522478676e-4,0.004800687804677664,0.0031328080439093848,2222/3422/6307/6713,4
M7,GO:0009150,purine ribonucleotide metabolic process,4/21,350/18805,0.011428571428571429,10.234013605442177,5.830532712940896,5.494474965511897e-4,0.0054805765926271505,0.003576486356374648,4537/4540/4726/142,4
M7,GO:0015980,energy derivation by oxidation of organic compounds,4/21,352/18805,0.011363636363636364,10.1758658008658,5.810662123958442,5.613528585440208e-4,0.0054805765926271505,0.003576486356374648,54205/4537/4540/4726,4
M7,GO:0046165,alcohol biosynthetic process,3/21,152/18805,0.019736842105263157,17.673872180451127,6.90120050830207,6.188061322092432e-4,0.005886591667939211,0.0038414415764676363,2222/3422/6307,3
M7,GO:0006066,alcohol metabolic process,4/21,368/18805,0.010869565217391304,9.73343685300207,5.657241189831372,6.633296882889106e-4,0.006152382858879646,0.004014890218590775,2222/3422/6307/6713,4
M7,GO:0009259,ribonucleotide metabolic process,4/21,371/18805,0.01078167115902965,9.654729816454884,5.629520522262567,6.83823846892815e-4,0.006187771882859374,0.004037984205015339,4537/4540/4726/142,4
M7,GO:0019693,ribose phosphate metabolic process,4/21,379/18805,0.010554089709762533,9.450936047242115,5.557117960159749,7.406766655760477e-4,0.006542643879255089,0.004269564738909548,4537/4540/4726/142,4
M7,GO:1902600,proton transmembrane transport,3/21,190/18805,0.015789473684210527,14.139097744360903,6.086274734071691,0.0011807974424460133,0.01018781049180165,0.006648308733478166,4537/4540/4726,3
M7,GO:0006163,purine nucleotide metabolic process,4/21,448/18805,0.008928571428571428,7.9953231292517,5.010564558773673,0.0013786476528799938,0.011624506345874492,0.007585860290966473,4537/4540/4726/142,4
M7,GO:0006890,"retrograde vesicle-mediated transport, Golgi to endoplasmic reticulum",2/21,51/18805,0.0392156862745098,35.11671335200747,8.157292731553396,0.0014652471511558277,0.01208014873508471,0.00788320104715416,51614/10945,2
M7,GO:0006091,generation of precursor metabolites and energy,4/21,484/18805,0.008264462809917356,7.400629673356946,4.7699246971781015,0.0018313847214086116,0.014770515905273802,0.009638866954782166,54205/4537/4540/4726,4
M7,GO:0006487,protein N-linked glycosylation,2/21,73/18805,0.0273972602739726,24.533594259621655,6.735942106964034,0.002975807193958944,0.023489882318271663,0.01532890603831035,1650/58505,2
M7,GO:0009416,response to light stimulus,3/21,326/18805,0.009202453987730062,8.240578439964944,4.409441233209501,0.005446312528419062,0.04209545725090567,0.02747043599860492,1292/4537/142,3
M8,GO:1904383,response to sodium phosphate,2/11,10/18805,0.2,341.90909090909093,26.087308264371256,1.3962808502687106e-5,0.004332721449352787,0.002314619645774051,2260/3184,2
M8,GO:1905770,regulation of mesodermal cell differentiation,2/11,10/18805,0.2,341.90909090909093,26.087308264371256,1.3962808502687106e-5,0.004332721449352787,0.002314619645774051,2260/2697,2
M8,GO:0033262,regulation of nuclear cell cycle DNA replication,2/11,14/18805,0.14285714285714285,244.22077922077918,22.02427391175766,2.819987882061412e-5,0.004332721449352787,0.002314619645774051,81620/2260,2
M8,GO:2000105,positive regulation of DNA-templated DNA replication,2/11,14/18805,0.14285714285714285,244.22077922077918,22.02427391175766,2.819987882061412e-5,0.004332721449352787,0.002314619645774051,81620/2260,2
M8,GO:2001028,positive regulation of endothelial cell chemotaxis,2/11,15/18805,0.13333333333333333,227.93939393939397,21.271787348903757,3.252793880895486e-5,0.004332721449352787,0.002314619645774051,2260/3315,2
M8,GO:1902074,response to salt,2/11,23/18805,0.08695652173913043,148.65612648221344,17.141796052733795,7.817698742140516e-5,0.008111572914596129,0.004333351738791673,2260/3184,2
M8,GO:2001026,regulation of endothelial cell chemotaxis,2/11,24/18805,0.08333333333333333,142.46212121212122,16.776381095766954,8.525677237563499e-5,0.008111572914596129,0.004333351738791673,2260/3315,2
M8,GO:0043534,blood vessel endothelial cell migration,3/11,183/18805,0.01639344262295082,28.025335320417287,8.887821576018885,1.4123324047778197e-4,0.011309004249626544,0.0060414784832839765,2260/3315/3397,3
M8,GO:0035767,endothelial cell chemotaxis,2/11,32/18805,0.0625,106.8465909090909,14.49762548685062,1.5282438175171005e-4,0.011309004249626544,0.0060414784832839765,2260/3315,2
M8,GO:0048333,mesodermal cell differentiation,2/11,35/18805,0.05714285714285714,97.68831168831167,13.85121005236209,1.8315219355630088e-4,0.012197936090849638,0.006516362254950494,2260/2697,2
M8,GO:0033260,nuclear DNA replication,2/11,41/18805,0.04878048780487805,83.39246119733924,12.776989707170614,2.5192855016607817e-4,0.013487370399896167,0.007205201825770356,81620/2260,2
M8,GO:0090329,regulation of DNA-templated DNA replication,2/11,41/18805,0.04878048780487805,83.39246119733924,12.776989707170614,2.5192855016607817e-4,0.013487370399896167,0.007205201825770356,81620/2260,2
M8,GO:0044060,regulation of endocrine process,2/11,42/18805,0.047619047619047616,81.4069264069264,12.620565636012305,2.64440568760678e-4,0.013487370399896167,0.007205201825770356,2260/2697,2
M8,GO:0045740,positive regulation of DNA replication,2/11,44/18805,0.045454545454545456,77.70661157024793,12.323753353076407,2.9036138546263663e-4,0.013487370399896167,0.007205201825770356,81620/2260,2
M8,GO:0044786,cell cycle DNA replication,2/11,45/18805,0.044444444444444446,75.97979797979798,12.182767565384868,3.03769603601265e-4,0.013487370399896167,0.007205201825770356,81620/2260,2
M8,GO:2000648,positive regulation of stem cell proliferation,2/11,56/18805,0.03571428571428571,61.055194805194795,10.888483356024711,4.708745334068854e-4,0.019600152453061605,0.010470762650758372,2260/2697,2
M8,GO:0060986,endocrine hormone secretion,2/11,59/18805,0.03389830508474576,57.95069337442219,10.599431390376534,5.226592997968625e-4,0.019736838768430062,0.010543782999414195,2260/2697,2
M8,GO:0043542,endothelial cell migration,3/11,293/18805,0.010238907849829351,17.503878374185543,6.888188230485814,5.630629678681249e-4,0.019736838768430062,0.010543782999414195,2260/3315/3397,3
M8,GO:0051054,positive regulation of DNA metabolic process,3/11,293/18805,0.010238907849829351,17.503878374185543,6.888188230485814,5.630629678681249e-4,0.019736838768430062,0.010543782999414195,81620/2260/3184,3
M8,GO:1905330,regulation of morphogenesis of an epithelium,2/11,66/18805,0.030303030303030304,51.80440771349863,10.002579398260183,6.537711466509324e-4,0.02177057918347605,0.011630244608842903,2260/2697,2
M8,GO:0001707,mesoderm formation,2/11,76/18805,0.02631578947368421,44.98803827751196,9.295996428453865,8.65879166506517e-4,0.026402007619379497,0.014104439031690012,2260/2697,2
M8,GO:0043536,positive regulation of blood vessel endothelial cell migration,2/11,78/18805,0.02564102564102564,43.83449883449884,9.171043189351924,9.117810439125052e-4,0.026402007619379497,0.014104439031690012,2260/3315,2
M8,GO:0048332,mesoderm morphogenesis,2/11,78/18805,0.02564102564102564,43.83449883449884,9.171043189351924,9.117810439125052e-4,0.026402007619379497,0.014104439031690012,2260/2697,2
M8,GO:0050886,endocrine process,2/11,94/18805,0.02127659574468085,36.373307543520305,8.317694208849408,0.0013203784109926736,0.035299050592894156,0.018857403351348546,2260/2697,2
M8,GO:0072091,regulation of stem cell proliferation,2/11,96/18805,0.020833333333333332,35.615530303030305,8.226084586178843,0.0013765920278148408,0.035299050592894156,0.018857403351348546,2260/2697,2
M8,GO:2001233,regulation of apoptotic signaling pathway,3/11,399/18805,0.007518796992481203,12.853725222146274,5.789931788859357,0.001378041014137009,0.035299050592894156,0.018857403351348546,2260/3070/3315,3
M8,GO:0048010,vascular endothelial growth factor receptor signaling pathway,2/11,108/18805,0.018518518518518517,31.658249158249156,7.730100062506183,0.0017376197657892022,0.04286128755613366,0.02289728970123783,2260/3315,2
M8,GO:2001243,negative regulation of intrinsic apoptotic signaling pathway,2/11,112/18805,0.017857142857142856,30.527597402597397,7.582448542803066,0.001866954873473294,0.044406855204757636,0.023722960422329825,3070/3315,2
M8,GO:0048732,gland development,3/11,451/18805,0.0066518847006651885,11.371699254182625,5.393673768161589,0.001958755227534113,0.044983826949576526,0.024031189361398555,2260/2697/3184,3
M8,GO:0006275,regulation of DNA replication,2/11,121/18805,0.01652892561983471,28.256949661908337,7.276907602191773,0.0021742628799133247,0.04604863151832642,0.02460002758526052,81620/2260,2
M8,GO:0035924,cellular response to vascular endothelial growth factor stimulus,2/11,122/18805,0.01639344262295082,28.025335320417287,7.2450193919790005,0.0022097952635725653,0.04604863151832642,0.02460002758526052,2260/3315,2
M8,GO:0030326,embryonic limb morphogenesis,2/11,124/18805,0.016129032258064516,27.573313782991203,7.182379537010899,0.002281688949106264,0.04604863151832642,0.02460002758526052,2260/2697,2
M8,GO:0035113,embryonic appendage morphogenesis,2/11,124/18805,0.016129032258064516,27.573313782991203,7.182379537010899,0.002281688949106264,0.04604863151832642,0.02460002758526052,2260/2697,2
M8,GO:0072089,stem cell proliferation,2/11,128/18805,0.015625,26.711647727272727,7.06143860027181,0.0024287842861366086,0.04757559807549945,0.025415761260500734,2260/2697,2
M8,GO:0001704,formation of primary germ layer,2/11,132/18805,0.015151515151515152,25.902203856749313,6.945916427749659,0.002580275590854445,0.048448414755079224,0.025882036015831795,2260/2697,2
M8,GO:0010595,positive regulation of endothelial cell migration,2/11,133/18805,0.015037593984962405,25.707450444292547,6.9178347994661955,0.002618833230004282,0.048448414755079224,0.025882036015831795,2260/3315,2
