Cluster,ID,Description,GeneRatio,BgRatio,RichFactor,FoldEnrichment,zScore,pvalue,p.adjust,qvalue,geneID,Count
M0,GO:0002064,epithelial cell development,9/123,221/18805,0.04072398190045249,6.2261339807968215,6.341223654048757,1.50008784948784e-5,0.03085716375247191,0.027726397659563768,56913/9076/7852/2487/3572/5155/23236/639/1903,9
M0,GO:0061337,cardiac conduction,6/123,97/18805,0.061855670103092786,9.456877042997233,6.77560681120614,4.211798957434086e-5,0.03085716375247191,0.027726397659563768,10060/59272/817/845/2702/3760,6
M0,GO:0060048,cardiac muscle contraction,7/123,147/18805,0.047619047619047616,7.280294231513744,6.202576180325611,5.1528286372809166e-5,0.03085716375247191,0.027726397659563768,10060/59272/817/845/7852/2702/3760,7
M0,GO:0070673,response to interleukin-18,3/123,12/18805,0.25,38.22154471544715,10.465330590994661,5.7542496508106126e-5,0.03085716375247191,0.027726397659563768,9076/8809/5155,3
M2,GO:0031589,cell-substrate adhesion,13/102,361/18805,0.036011080332409975,6.639101624029113,7.989241248504034,7.776751863033797e-8,7.319290583281098e-5,6.124201855303036e-5,151887/947/1012/1277/1281/10085/3346/182/22998/22795/255743/5581/7010,13
M2,GO:0045765,regulation of angiogenesis,13/102,363/18805,0.03581267217630854,6.602522551720413,7.959806077101061,8.291994772425748e-8,7.319290583281098e-5,6.124201855303036e-5,8038/358/947/1003/10800/641700/2321/3087/3346/23166/7010/7042/7424,13
M2,GO:1901342,regulation of vasculature development,13/102,372/18805,0.03494623655913978,6.442784102888467,7.830042804995824,1.1011971790292525e-7,7.319290583281098e-5,6.124201855303036e-5,8038/358/947/1003/10800/641700/2321/3087/3346/23166/7010/7042/7424,13
M2,GO:0010810,regulation of cell-substrate adhesion,10/102,224/18805,0.044642857142857144,8.23047969187675,8.039446479823031,3.852714354492638e-7,1.92057810571458e-4,1.6069874347028504e-4,151887/1012/1277/10085/3346/182/22998/255743/5581/7010,10
M2,GO:0035115,embryonic forelimb morphogenesis,5/102,33/18805,0.15151515151515152,27.93374925727867,11.435840252765193,8.946830763677162e-7,3.27576897641569e-4,2.740903672923439e-4,8854/3207/3209/3205/340419,5
M2,GO:0045766,positive regulation of angiogenesis,9/102,192/18805,0.046875,8.642003676470589,7.859940133424515,1.0106697699632931e-6,3.27576897641569e-4,2.740903672923439e-4,8038/358/947/1003/10800/2321/3346/7010/7424,9
M2,GO:1904018,positive regulation of vasculature development,9/102,195/18805,0.046153846153846156,8.509049773755658,7.783925531178063,1.1499690488921681e-6,3.27576897641569e-4,2.740903672923439e-4,8038/358/947/1003/10800/2321/3346/7010/7424,9
M2,GO:0035107,appendage morphogenesis,8/102,152/18805,0.05263157894736842,9.70330237358101,7.956115721172505,1.7477604867192113e-6,3.87226045613123e-4,3.2400004344443865e-4,8854/1281/3206/3207/3209/3205/340419/7042,8
M2,GO:0035108,limb morphogenesis,8/102,152/18805,0.05263157894736842,9.70330237358101,7.956115721172505,1.7477604867192113e-6,3.87226045613123e-4,3.2400004344443865e-4,8854/1281/3206/3207/3209/3205/340419/7042,8
M2,GO:0050673,epithelial cell proliferation,13/102,488/18805,0.02663934426229508,4.911302635808422,6.4650774078284945,2.3555894105119254e-6,3.966889467995226e-4,3.319178486392036e-4,8854/653/947/1012/54567/2321/151306/3082/182/4208/7010/7042/7424,13
M2,GO:0060485,mesenchyme development,11/102,342/18805,0.03216374269005848,5.9297958949661735,6.794545749967532,2.498610346113184e-6,3.966889467995226e-4,3.319178486392036e-4,59/70/8854/653/1277/3082/182/4208/4222/7042/55273,11
M2,GO:0072006,nephron development,8/102,161/18805,0.049689440993788817,9.160881744001948,7.679802399292887,2.6889200409228755e-6,3.966889467995226e-4,3.319178486392036e-4,59/358/947/3207/182/4208/255743/7010,8
M2,GO:0035136,forelimb morphogenesis,5/102,41/18805,0.12195121951219512,22.483261597321853,10.169486010556252,2.729513019361321e-6,3.966889467995226e-4,3.319178486392036e-4,8854/3207/3209/3205/340419,5
M2,GO:0032835,glomerulus development,6/102,73/18805,0.0821917808219178,15.15310233682514,8.947270607508965,2.785178162082907e-6,3.966889467995226e-4,3.319178486392036e-4,59/358/947/182/4208/7010,6
M2,GO:1901654,response to ketone,9/102,225/18805,0.04,7.374509803921569,7.103702544958068,3.7399742393405534e-6,4.971672422163376e-4,4.1599011714770374e-4,358/3206/3207/3209/3205/3490/5581/5737/7042,9
M2,GO:0030326,embryonic limb morphogenesis,7/102,124/18805,0.056451612903225805,10.4075743200506,7.761720692929061,5.025699894818885e-6,5.894850347216975e-4,4.932343240425965e-4,8854/3206/3207/3209/3205/340419/7042,7
M2,GO:0035113,embryonic appendage morphogenesis,7/102,124/18805,0.056451612903225805,10.4075743200506,7.761720692929061,5.025699894818885e-6,5.894850347216975e-4,4.932343240425965e-4,8854/3206/3207/3209/3205/340419/7042,7
M2,GO:0010811,positive regulation of cell-substrate adhesion,7/102,126/18805,0.05555555555555555,10.242374727668844,7.68708360537457,5.5874171576663205e-6,6.189616562437024e-4,5.178980230936327e-4,151887/1012/10085/3346/255743/5581/7010,7
M2,GO:0061383,trabecula morphogenesis,5/102,48/18805,0.10416666666666667,19.204452614379086,9.32580058113153,6.0519493973278085e-6,6.351361630669289e-4,5.314315675769849e-4,653/1277/54567/7010/7042,5
M2,GO:0043410,positive regulation of MAPK cascade,12/102,464/18805,0.02586206896551724,4.768002028397566,6.0691543557052015,8.001481643261397e-6,7.592589786577312e-4,6.352876952819005e-4,59/2321/151306/3082/7805/4208/255743/4916/5581/7010/7042/55504,12
M2,GO:0006935,chemotaxis,12/102,466/18805,0.02575107296137339,4.747538500378693,6.049518463684305,8.355544563436168e-6,7.592589786577312e-4,6.352876952819005e-4,9034/1012/10800/641700/2321/3082/100528032/4916/5337/6036/7042/7424,12
M2,GO:0042330,taxis,12/102,468/18805,0.02564102564102564,4.727249874308698,6.029993764210791,8.723297511140336e-6,7.592589786577312e-4,6.352876952819005e-4,9034/1012/10800/641700/2321/3082/100528032/4916/5337/6036/7042/7424,12
M2,GO:0048736,appendage development,8/102,190/18805,0.042105263157894736,7.762641898864809,6.918807401117519,9.138523313834277e-6,7.592589786577312e-4,6.352876952819005e-4,8854/1281/3206/3207/3209/3205/340419/7042,8
M2,GO:0060173,limb development,8/102,190/18805,0.042105263157894736,7.762641898864809,6.918807401117519,9.138523313834277e-6,7.592589786577312e-4,6.352876952819005e-4,8854/1281/3206/3207/3209/3205/340419/7042,8
M2,GO:0001822,kidney development,10/102,325/18805,0.03076923076923077,5.672699849170438,6.275208384681469,1.0811687011002309e-5,8.533453132017586e-4,7.140116778888179e-4,59/8854/358/947/3207/182/4208/255743/7010/7042,10
M2,GO:0060065,uterus development,4/102,26/18805,0.15384615384615385,28.36349924585219,10.31078301432547,1.1126869680664857e-5,8.533453132017586e-4,7.140116778888179e-4,3206/3207/3205/7042,4
M2,GO:0050678,regulation of epithelial cell proliferation,11/102,410/18805,0.026829268292682926,4.946317551410808,5.966280005433198,1.3926069375440336e-5,0.001027252694305551,8.595235815205081e-4,8854/653/1012/54567/2321/151306/182/4208/7010/7042/7424,11
M2,GO:0072001,renal system development,10/102,336/18805,0.02976190476190476,5.486986461251167,6.128755237293098,1.4424812156747957e-5,0.001027252694305551,8.595235815205081e-4,59/8854/358/947/3207/182/4208/255743/7010/7042,10
M2,GO:0072132,mesenchyme morphogenesis,5/102,58/18805,0.08620689655172414,15.893340094658555,8.388992076167334,1.5514551252653084e-5,0.001066759144751388,8.925794459330361e-4,59/70/653/7042/55273,5
M2,GO:0003007,heart morphogenesis,9/102,272/18805,0.03308823529411765,6.100237889273356,6.257078342221031,1.72018492963082e-5,0.0011433495832279517,9.566642503385439e-4,70/8854/653/54567/182/4208/7010/7042/55273,9
M2,GO:0060350,endochondral bone morphogenesis,5/102,60/18805,0.08333333333333333,15.363562091503267,8.229332862339904,1.8334103413959532e-5,0.001179296845401139,9.86742068289503e-4,1277/1281/3207/4208/7010,5
M2,GO:0072012,glomerulus vasculature development,4/102,30/18805,0.13333333333333333,24.58169934640523,9.545865760738224,2.0059729965846692e-5,0.001249971923496822,0.0010458773682850992,59/358/947/7010,4
M2,GO:0061437,renal system vasculature development,4/102,32/18805,0.125,23.045343137254903,9.217106005763291,2.6103465299029918e-5,0.0015307682878342927,0.0012808254955484107,59/358/947/7010,4
M2,GO:0061440,kidney vasculature development,4/102,32/18805,0.125,23.045343137254903,9.217106005763291,2.6103465299029918e-5,0.0015307682878342927,0.0012808254955484107,59/358/947/7010,4
M2,GO:0048010,vascular endothelial growth factor receptor signaling pathway,6/102,108/18805,0.05555555555555555,10.242374727668844,7.113429910926111,2.6869052193681167e-5,0.0015307682878342927,0.0012808254955484107,2321/3087/4916/7010/79652/7424,6
M2,GO:0061384,heart trabecula morphogenesis,4/102,33/18805,0.12121212121212122,22.346999405822935,9.063753907744294,2.958053870905228e-5,0.0016384331718291734,0.0013709109313990604,653/54567/7010/7042,4
M2,GO:0009954,proximal/distal pattern formation,4/102,34/18805,0.11764705882352941,21.68973471741638,8.917030376188128,3.338535203446433e-5,0.0017991997826141048,0.0015054276806436976,8854/3206/3207/3205,4
M2,GO:0003205,cardiac chamber development,7/102,172/18805,0.040697674418604654,7.503134974920202,6.3272525530363675,4.217831107550682e-5,0.0022132513759094896,0.0018518732148110335,653/54567/3209/182/4208/7010/7042,7
M2,GO:0007160,cell-matrix adhesion,8/102,240/18805,0.03333333333333333,6.145424836601308,5.9244624713860095,4.8946661265645263e-5,0.0025025549375306834,0.002093939490041775,947/1012/1281/182/22998/22795/255743/7010,8
M2,GO:0035909,aorta morphogenesis,4/102,38/18805,0.10526315789473684,19.40660474716202,8.387598399363831,5.2261111926403285e-5,0.002605216429531204,0.0021798384842986636,1281/54567/182/7042,4
M2,GO:0072009,nephron epithelium development,6/102,124/18805,0.04838709677419355,8.9207779886148,6.535039142587167,5.8474352471417914e-5,0.0028438502153172516,0.0023795083098125135,358/947/3207/182/4208/255743,6
M2,GO:0010763,positive regulation of fibroblast migration,3/102,15/18805,0.2,36.872549019607845,10.263938648063505,6.723357285237254e-5,0.0031919939111340677,0.002670807342631842,59/358/5581,3
M2,GO:0003206,cardiac chamber morphogenesis,6/102,129/18805,0.046511627906976744,8.575011399908801,6.375375710516194,7.287916927119436e-5,0.0033795596169014313,0.0028277474490781655,653/54567/182/4208/7010/7042,6
M2,GO:0048644,muscle organ morphogenesis,5/102,81/18805,0.06172839506172839,11.380416364076494,6.913970736756202,7.860771877519063e-5,0.0035623588917665936,0.002980699384178879,70/1281/54567/219537/7042,5
M2,GO:0045785,positive regulation of cell adhesion,11/102,499/18805,0.022044088176352707,4.064108609375614,5.123034364908535,8.317549141628997e-5,0.0036855984418684936,0.0030838164653758976,151887/1012/10085/3346/3575/100528032/255743/5581/6401/7010/7042,11
M2,GO:0048844,artery morphogenesis,5/102,83/18805,0.060240963855421686,11.106189463737302,6.8142793242519355,8.831875233063903e-5,0.003828425916245527,0.003203323168056359,1281/54567/3209/182/7042,5
M2,GO:0033574,response to testosterone,4/102,46/18805,0.08695652173913043,16.03154305200341,7.5378451138104525,1.117554994528313e-4,0.00474128650870097,0.003967132511371503,3206/3207/3209/3205,4
M2,GO:0001935,endothelial cell proliferation,7/102,203/18805,0.034482758620689655,6.357336037863421,5.667436429226692,1.196206947447606e-4,0.00496924302752193,0.004157868446720297,8854/947/1012/54567/2321/4208/7010,7
M2,GO:0048762,mesenchymal cell differentiation,8/102,275/18805,0.02909090909090909,5.363279857397504,5.382837591219303,1.2641599684214765e-4,0.0051443570959845385,0.004304390010629517,8854/653/1277/3082/182/4208/7042/55273,8
M2,GO:0030850,prostate gland development,4/102,49/18805,0.08163265306122448,15.050020008003202,7.272344451774836,1.4330375245529475e-4,0.005714953647917155,0.004781819950350362,3206/3207/3209/3205,4
M2,GO:0003158,endothelium development,6/102,147/18805,0.04081632653061224,7.525010004001601,5.865119633930189,1.4971413094951646e-4,0.005853528963006585,0.004897768783384595,947/1003/54567/3209/182/55273,6
M2,GO:0035850,epithelial cell differentiation involved in kidney development,4/102,50/18805,0.08,14.749019607843138,7.188988178416283,1.5511934043625626e-4,0.005948230092882595,0.004977007177964903,59/947/182/4208,4
M2,GO:0003197,endocardial cushion development,4/102,52/18805,0.07692307692307693,14.181749622926095,7.0292489308822415,1.8083960959953006e-4,0.0068036638026691115,0.005692766260481732,653/182/7042/55273,4
M2,GO:0061448,connective tissue development,8/102,291/18805,0.027491408934707903,5.068391617815511,5.165218357447301,1.8618050215915032e-4,0.006874887431580476,0.0057523605442934365,59/653/947/1277/1281/3207/4208/340419,8
M2,GO:0001503,ossification,10/102,458/18805,0.021834061135371178,4.025387447555441,4.840617643150229,1.9202280035491505e-4,0.0069616993437763754,0.005824997867225654,653/1277/3082/182/4208/255743/340419/50964/7010/7424,10
M2,GO:0072073,kidney epithelium development,6/102,155/18805,0.03870967741935484,7.136622390891842,5.6653324708290205,1.997870021514273e-4,0.007113844326606179,0.005952300721992713,358/947/3207/182/4208/255743,6
M2,GO:0060349,bone morphogenesis,5/102,100/18805,0.05,9.218137254901961,6.085049343758027,2.1295094576141943e-4,0.0074495471201450935,0.006233190194493995,1277/1281/3207/4208/7010,5
M2,GO:0072080,nephron tubule development,5/102,101/18805,0.04950495049504951,9.126868569209861,6.047644394308344,2.2308654494594e-4,0.007669561562451799,0.006417280830114608,358/3207/182/4208/255743,5
M2,GO:0071560,cellular response to transforming growth factor beta stimulus,8/102,308/18805,0.025974025974025976,4.788642729819201,4.950829080696989,2.7340284860275047e-4,0.009132740093010735,0.007641552577428081,59/1003/1277/1281/5654/4208/255743/7042,8
M2,GO:0038063,collagen-activated tyrosine kinase receptor signaling pathway,4/102,58/18805,0.06896551724137931,12.714672075726842,6.59853938697183,2.764350951636329e-4,0.009132740093010735,0.007641552577428081,1277/2321/4916/7010,4
M2,GO:0061326,renal tubule development,5/102,106/18805,0.04716981132075472,8.696355900850907,5.868112813775619,2.793867330359352e-4,0.009132740093010735,0.007641552577428081,358/3207/182/4208/255743,5
M2,GO:0061005,cell differentiation involved in kidney development,4/102,59/18805,0.06779661016949153,12.4991691591891,6.532925903107447,2.953119374158069e-4,0.009497612954953532,0.00794684924964438,59/947/182/4208,4
M2,GO:0048012,hepatocyte growth factor receptor signaling pathway,4/102,60/18805,0.06666666666666667,12.290849673202615,6.4688800499139685,3.15096068415939e-4,0.009835328248739181,0.008229422622737476,2321/3082/4916/7010,4
M2,GO:0071559,response to transforming growth factor beta,8/102,315/18805,0.025396825396825397,4.682228446934329,4.867064708807912,3.179046564529692e-4,0.009835328248739181,0.008229422622737476,59/1003/1277/1281/5654/4208/255743/7042,8
M2,GO:0141091,transforming growth factor beta receptor superfamily signaling pathway,9/102,399/18805,0.022556390977443608,4.158558160106147,4.709395748422493,3.2060999807825814e-4,0.009835328248739181,0.008229422622737476,653/1003/1281/3209/5654/255743/50964/7042/55273,9
M2,GO:0034612,response to tumor necrosis factor,7/102,241/18805,0.029045643153526972,5.3549345049223005,5.024859691799621,3.42001550786845e-4,0.010332592307105589,0.008645493747960914,1277/1393/7805/255743/83483/6401/55504,7
M2,GO:0003179,heart valve morphogenesis,4/102,62/18805,0.06451612903225806,11.894370651486401,6.345239355896771,3.574867465436225e-4,0.01048277312658799,0.008771153146619842,54567/182/4208/7042,4
M2,GO:0038065,collagen-activated signaling pathway,4/102,62/18805,0.06451612903225806,11.894370651486401,6.345239355896771,3.574867465436225e-4,0.01048277312658799,0.008771153146619842,1277/2321/4916/7010,4
M2,GO:0050927,positive regulation of positive chemotaxis,3/102,26/18805,0.11538461538461539,21.27262443438914,7.638885282757967,3.678895318988303e-4,0.01063147429864156,0.008895574493663558,1012/4916/7424,3
M2,GO:0030509,BMP signaling pathway,6/102,176/18805,0.03409090909090909,6.2850935828877,5.202161306633745,3.9546786321295753e-4,0.011106519989389258,0.009293055051038366,653/1003/3209/5654/50964/55273,6
M2,GO:0046661,male sex differentiation,6/102,176/18805,0.03409090909090909,6.2850935828877,5.202161306633745,3.9546786321295753e-4,0.011106519989389258,0.009293055051038366,653/3206/3207/3209/3205/7042,6
M2,GO:0050926,regulation of positive chemotaxis,3/102,27/18805,0.1111111111111111,20.48474945533769,7.482067307344959,4.1224976493996267e-4,0.011417028212365076,0.009552863705114632,1012/4916/7424,3
M2,GO:0060840,artery development,5/102,116/18805,0.04310344827586207,7.9466700473292775,5.54220012842839,4.2369341070131285e-4,0.01154658403779675,0.009661265744553582,1281/54567/3209/182/7042,5
M2,GO:0002011,morphogenesis of an epithelial sheet,4/102,65/18805,0.06153846153846154,11.345399698340875,6.17005065757645,4.285091368089065e-4,0.01154658403779675,0.009661265744553582,653/54567/3346/182,4
M2,GO:0048738,cardiac muscle tissue development,7/102,251/18805,0.027888446215139442,5.141590500742129,4.878146183513008,4.365755088799156e-4,0.01160708752942069,0.009711890267714615,70/8854/653/54567/84525/4208/7042,7
M2,GO:0001936,regulation of endothelial cell proliferation,6/102,180/18805,0.03333333333333333,6.145424836601308,5.122464066309247,4.4561478159252214e-4,0.01169152466441433,0.009782540565431408,8854/1012/54567/2321/4208/7010,6
M2,GO:0001655,urogenital system development,4/102,66/18805,0.06060606060606061,11.173499702911467,6.114186884547984,4.5426851218255236e-4,0.01175709013639608,0.009837400552281996,3206/3207/3209/3205,4
M2,GO:0003272,endocardial cushion formation,3/102,28/18805,0.10714285714285714,19.7531512605042,7.333473708941901,4.599062340215116e-4,0.01175709013639608,0.009837400552281996,653/7042/55273,3
M2,GO:0035904,aorta development,4/102,67/18805,0.05970149253731343,11.006731050629206,6.059511049263,4.8111339479173525e-4,0.01214354568626228,0.010160755905994677,1281/54567/182/7042,4
M2,GO:0030198,extracellular matrix organization,8/102,339/18805,0.02359882005899705,4.350743247151367,4.597525584699695,5.176059744843955e-4,0.012735165988903504,0.010655776852880777,151887/1306/1277/1281/22795/255743/7042/79875,8
M2,GO:0007178,cell surface receptor protein serine/threonine kinase signaling pathway,9/102,427/18805,0.02107728337236534,3.8858658217385313,4.4546185255085335,5.242365934832335e-4,0.012735165988903504,0.010655776852880777,653/1003/1281/3209/5654/255743/50964/7042/55273,9
M2,GO:0043062,extracellular structure organization,8/102,340/18805,0.023529411764705882,4.337946943483275,4.586842227253507,5.277355329462599e-4,0.012735165988903504,0.010655776852880777,151887/1306/1277/1281/22795/255743/7042/79875,8
M2,GO:0035924,cellular response to vascular endothelial growth factor stimulus,5/102,122/18805,0.040983606557377046,7.555850208936033,5.364820562860579,5.337417203348562e-4,0.012735165988903504,0.010655776852880777,54567/2321/4916/7010/7424,5
M2,GO:0045229,external encapsulating structure organization,8/102,341/18805,0.02346041055718475,4.3252256914496,4.57619994200284,5.380253744190915e-4,0.012735165988903504,0.010655776852880777,151887/1306/1277/1281/22795/255743/7042/79875,8
M2,GO:0007219,Notch signaling pathway,6/102,187/18805,0.03208556149732621,5.915382195659014,4.988628374145291,5.451899937774149e-4,0.012735165988903504,0.010655776852880777,8788/54567/182/84441/7042/55273,6
M2,GO:0071772,response to BMP,6/102,188/18805,0.031914893617021274,5.883917396745932,4.97006370495073,5.607223317826439e-4,0.012735165988903504,0.010655776852880777,653/1003/3209/5654/50964/55273,6
M2,GO:0071773,cellular response to BMP stimulus,6/102,188/18805,0.031914893617021274,5.883917396745932,4.97006370495073,5.607223317826439e-4,0.012735165988903504,0.010655776852880777,653/1003/3209/5654/50964/55273,6
M2,GO:0001649,osteoblast differentiation,7/102,262/18805,0.026717557251908396,4.9257221972758565,4.725521901330592,5.636418275768454e-4,0.012735165988903504,0.010655776852880777,1277/3082/182/4208/255743/340419/7424,7
M2,GO:0043627,response to estrogen,4/102,70/18805,0.05714285714285714,10.535014005602239,5.902188516587133,5.684201469470471e-4,0.012735165988903504,0.010655776852880777,1393/3206/3207/7010,4
M2,GO:0051897,positive regulation of phosphatidylinositol 3-kinase/protein kinase B signal transduction,6/102,190/18805,0.031578947368421054,5.821981424148607,4.933332455626676,5.928184892153265e-4,0.013134222972170678,0.010989676086623306,2321/3082/4916/7010/7042/55273,6
M2,GO:0003208,cardiac ventricle morphogenesis,4/102,71/18805,0.056338028169014086,10.386633526650098,5.851852205947944,5.998664973099157e-4,0.01314432742457112,0.010998130690991516,54567/182/4208/7042,4
M2,GO:0061138,morphogenesis of a branching epithelium,6/102,191/18805,0.031413612565445025,5.791499846011702,4.915162465738764,6.093927162013331e-4,0.01320792474027672,0.011051343880767886,54567/3082/3207/3209/255743/340419,6
M2,GO:0001837,epithelial to mesenchymal transition,6/102,192/18805,0.03125,5.761335784313726,4.897120677272651,6.263247090149956e-4,0.013417677533094526,0.011226848381964222,653/1277/3082/182/7042/55273,6
M2,GO:0050918,positive chemotaxis,4/102,72/18805,0.05555555555555555,10.242374727668844,5.802507689629422,6.325284293434731e-4,0.013417677533094526,0.011226848381964222,1012/3082/4916/7424,4
M2,GO:0060415,muscle tissue morphogenesis,4/102,73/18805,0.0547945205479452,10.102068224550093,5.754121291214156,6.664321483854049e-4,0.01385433583476762,0.011592209416727383,70/1281/54567/7042,4
M2,GO:1901888,regulation of cell junction assembly,7/102,270/18805,0.025925925925925925,4.779774872912127,4.61977783352899,6.733205681118504e-4,0.01385433583476762,0.011592209416727383,151306/84525/22998/4208/84189/27286/7010,7
M2,GO:0001958,endochondral ossification,3/102,32/18805,0.09375,17.284007352941178,6.808305093561686,6.854479009187285e-4,0.01385433583476762,0.011592209416727383,1277/4208/7010,3
M2,GO:0036075,replacement ossification,3/102,32/18805,0.09375,17.284007352941178,6.808305093561686,6.854479009187285e-4,0.01385433583476762,0.011592209416727383,1277/4208/7010,3
M2,GO:0003231,cardiac ventricle development,5/102,129/18805,0.03875968992248062,7.145842833257334,5.172541010337037,6.878531833711105e-4,0.01385433583476762,0.011592209416727383,54567/3209/182/4208/7042,5
M2,GO:0002040,sprouting angiogenesis,6/102,197/18805,0.030456852791878174,5.61510898775754,4.808778753459086,7.165378075818828e-4,0.014287763883182744,0.011954867631760888,1012/54567/2321/27286/7010/7424,6
M2,GO:0003170,heart valve development,4/102,75/18805,0.05333333333333334,9.832679738562092,5.66009599657778,7.380700064178634e-4,0.014571401908883364,0.012192193435876119,54567/182/4208/7042,4
M2,GO:0045669,positive regulation of osteoblast differentiation,4/102,77/18805,0.05194805194805195,9.577285459638402,5.569537039006017,8.149905795722964e-4,0.01593226682026627,0.013330857261321879,3082/182/4208/255743,4
M2,GO:0042476,odontogenesis,5/102,136/18805,0.03676470588235294,6.778042099192619,4.994122585978479,8.730912319541414e-4,0.016902368121519983,0.014142561089906127,358/947/1277/340419/7042,5
M2,GO:0001763,morphogenesis of a branching structure,6/102,208/18805,0.028846153846153848,5.318156108597285,4.624642126489686,9.503243172199488e-4,0.018220641235928633,0.015245587477668208,54567/3082/3207/3209/255743/340419,6
M2,GO:0060317,cardiac epithelial to mesenchymal transition,3/102,36/18805,0.08333333333333333,15.363562091503267,6.370337026562927,9.713252728469762e-4,0.018445929467208293,0.015434090801628648,182/7042/55273,3
M2,GO:0051216,cartilage development,6/102,210/18805,0.02857142857142857,5.2675070028011195,4.592565602222063,9.98489629370381e-4,0.018782908688344715,0.015716048287507986,653/1277/1281/3207/4208/340419,6
M2,GO:0030947,regulation of vascular endothelial growth factor receptor signaling pathway,3/102,37/18805,0.08108108108108109,14.948330683624802,6.271676802764337,0.0010528873661223566,0.01962109727147644,0.016417378015779,3087/79652/7424,3
M2,GO:2000027,regulation of animal organ morphogenesis,4/102,83/18805,0.04819277108433735,8.884951570989841,5.316569875888144,0.0010795599554419037,0.01985536109345386,0.0166133914021667,947/3082/3207/340419,4
M2,GO:0043542,endothelial cell migration,7/102,293/18805,0.023890784982935155,4.404570702000937,4.33749579820876,0.0010853732994917107,0.01985536109345386,0.0166133914021667,1012/1003/54567/4208/27286/7010/7424,7
M2,GO:0007389,pattern specification process,9/102,476/18805,0.018907563025210083,3.485850222441918,4.056753494380807,0.001130461040536121,0.020492175589354778,0.01714622726554787,8854/653/54567/3087/3206/3207/3205/4208/4222,9
M2,GO:0090287,regulation of cellular response to growth factor stimulus,8/102,384/18805,0.020833333333333332,3.840890522875817,4.153680418078931,0.001160912216838676,0.020854585228615493,0.01744946290838598,1003/3087/3209/5654/255743/50964/79652/7424,8
M2,GO:0009952,anterior/posterior pattern specification,6/102,219/18805,0.0273972602739726,5.051034112275047,4.453121671972307,0.0012389145082010169,0.021690516093074784,0.018148903556735225,8854/3087/3206/3207/3205/4222,6
M2,GO:0071356,cellular response to tumor necrosis factor,6/102,219/18805,0.0273972602739726,5.051034112275047,4.453121671972307,0.0012389145082010169,0.021690516093074784,0.018148903556735225,1277/1393/7805/255743/83483/55504,6
M2,GO:0030336,negative regulation of cell migration,8/102,388/18805,0.020618556701030927,3.801293713361633,4.117509743978268,0.001240079656274085,0.021690516093074784,0.018148903556735225,397/653/1281/54567/182/100528032/22998/4208,8
M2,GO:0071374,cellular response to parathyroid hormone stimulus,2/102,10/18805,0.2,36.872549019607845,8.379356018070615,0.001274346997561758,0.022096068809896917,0.018488237905129396,4208/50964,2
M2,GO:0050900,leukocyte migration,8/102,395/18805,0.020253164556962026,3.7339290146438326,4.055351079406758,0.00138895917004439,0.02387572918162512,0.019977316556446086,653/947/2321/100528032/83483/6401/7042/7424,8
M2,GO:0003203,endocardial cushion morphogenesis,3/102,41/18805,0.07317073170731707,13.489956958393114,5.912344454096419,0.001422000543274951,0.024029399010934337,0.020105895281809078,653/7042/55273,3
M2,GO:0010762,regulation of fibroblast migration,3/102,41/18805,0.07317073170731707,13.489956958393114,5.912344454096419,0.001422000543274951,0.024029399010934337,0.020105895281809078,59/358/5581,3
M2,GO:0051591,response to cAMP,4/102,91/18805,0.04395604395604396,8.10385692738634,5.016503965748745,0.0015190915421606302,0.025454357437548713,0.021298187477440063,358/1277/1393/7010,4
M2,GO:0048251,elastic fiber assembly,2/102,11/18805,0.18181818181818182,33.520499108734406,7.9673428087502,0.0015520308772334298,0.025576442720689745,0.02140033875959101,1281/79875,2
M2,GO:1904238,pericyte cell differentiation,2/102,11/18805,0.18181818181818182,33.520499108734406,7.9673428087502,0.0015520308772334298,0.025576442720689745,0.02140033875959101,59/947,2
M2,GO:2000146,negative regulation of cell motility,8/102,403/18805,0.019851116625310174,3.6598063543035084,3.9860211551286615,0.001576192204243986,0.025761698813627117,0.02155534636520033,397/653/1281/54567/182/100528032/22998/4208,8
M2,GO:0045667,regulation of osteoblast differentiation,5/102,156/18805,0.03205128205128205,5.909062342885871,4.546766404539491,0.0016076913528869005,0.026062898842735608,0.021807366660896343,3082/182/4208/255743/7424,5
M2,GO:0043491,phosphatidylinositol 3-kinase/protein kinase B signal transduction,7/102,316/18805,0.022151898734177215,4.083984859766692,4.082899007705276,0.001674161329691559,0.026908312328095322,0.022514741614333048,1293/2321/3082/4916/7010/7042/55273,7
M2,GO:0048705,skeletal system morphogenesis,6/102,233/18805,0.02575107296137339,4.747538500378693,4.250737599044558,0.0016981883380906202,0.026908312328095322,0.022514741614333048,1277/1281/3207/3205/4208/7010,6
M2,GO:0007173,epidermal growth factor receptor signaling pathway,5/102,158/18805,0.03164556962025317,5.834264085380989,4.506340453879212,0.0017003246506218709,0.026908312328095322,0.022514741614333048,84632/1012/2321/4916/7010,5
M2,GO:0038084,vascular endothelial growth factor signaling pathway,4/102,95/18805,0.042105263157894736,7.762641898864809,4.879899410926626,0.0017798351941653659,0.02794481399343102,0.023382004001260715,2321/4916/7010/7424,4
M2,GO:0016525,negative regulation of angiogenesis,5/102,160/18805,0.03125,5.761335784313726,4.466601197765743,0.0017968206861273578,0.027991097251077745,0.023420730160459396,641700/3087/23166/7010/7042,5
M2,GO:0062042,regulation of cardiac epithelial to mesenchymal transition,2/102,12/18805,0.16666666666666666,30.727124183006534,7.607028331241472,0.0018558578800662747,0.028248706968337037,0.023636277540418204,182/7042,2
M2,GO:0072070,loop of Henle development,2/102,12/18805,0.16666666666666666,30.727124183006534,7.607028331241472,0.0018558578800662747,0.028248706968337037,0.023636277540418204,358/182,2
M2,GO:2001214,positive regulation of vasculogenesis,2/102,12/18805,0.16666666666666666,30.727124183006534,7.607028331241472,0.0018558578800662747,0.028248706968337037,0.023636277540418204,947/55273,2
M2,GO:2000181,negative regulation of blood vessel morphogenesis,5/102,162/18805,0.030864197530864196,5.690208182038247,4.42752780914222,0.0018972751819682876,0.028660353885187617,0.02398071103205531,641700/3087/23166/7010/7042,5
M2,GO:0045601,regulation of endothelial cell differentiation,3/102,46/18805,0.06521739130434782,12.023657289002557,5.528016714235736,0.001985639550798557,0.029769663641295657,0.024908893454813716,1003/182/55273,3
M2,GO:1901343,negative regulation of vasculature development,5/102,164/18805,0.03048780487804878,5.620815399330463,4.389100344554767,0.0020017842312351577,0.02978774445584257,0.0249240220464079,641700/3087/23166/7010/7042,5
M2,GO:0044344,cellular response to fibroblast growth factor stimulus,5/102,165/18805,0.030303030303030304,5.586749851455734,4.370122831225139,0.002055589334517861,0.03036181580021196,0.02540435941684842,1277/54567/2321/4916/7010,5
M2,GO:0040013,negative regulation of locomotion,8/102,421/18805,0.019002375296912115,3.5033300731218855,3.836266144611015,0.0020709993891778224,0.03036450575015131,0.02540661015361338,397/653/1281/54567/182/100528032/22998/4208,8
M2,GO:0090092,regulation of transmembrane receptor protein serine/threonine kinase signaling pathway,7/102,329/18805,0.02127659574468085,3.9226115978306213,3.9494320462168733,0.0021026671805613392,0.030527418950448217,0.025542922998712157,653/1003/3209/5654/255743/50964/7042,7
M2,GO:0032941,secretion by tissue,3/102,47/18805,0.06382978723404255,11.767834793491865,5.458252434429616,0.0021127300978745506,0.030527418950448217,0.025542922998712157,55107/358/5581,3
M2,GO:0001886,endothelial cell morphogenesis,2/102,13/18805,0.15384615384615385,28.36349924585219,7.28830231553755,0.002185541843473599,0.03090759174387487,0.025861021440131807,1003/3209,2
M2,GO:0002357,defense response to tumor cell,2/102,13/18805,0.15384615384615385,28.36349924585219,7.28830231553755,0.002185541843473599,0.03090759174387487,0.025861021440131807,7805/27303,2
M2,GO:1903867,extraembryonic membrane development,2/102,13/18805,0.15384615384615385,28.36349924585219,7.28830231553755,0.002185541843473599,0.03090759174387487,0.025861021440131807,653/5654,2
M2,GO:0016339,calcium-dependent cell-cell adhesion via plasma membrane cell adhesion molecules,3/102,48/18805,0.0625,11.522671568627452,5.390567830215925,0.0022447685506127826,0.03152160908395696,0.02637478245160312,1012/1003/51294,3
M2,GO:0048009,insulin-like growth factor receptor signaling pathway,4/102,102/18805,0.0392156862745098,7.229911572472126,4.659034232652641,0.002308221655233195,0.03218597189185308,0.026930668557560655,653/2321/4916/7010,4
M2,GO:0003002,regionalization,8/102,430/18805,0.018604651162790697,3.43000455996352,3.764412550539292,0.0023605578477179138,0.032529796450116895,0.027218353678633418,8854/54567/3087/3206/3207/3205/4208/4222,8
M2,GO:0036323,vascular endothelial growth factor receptor-1 signaling pathway,3/102,49/18805,0.061224489795918366,11.2875150060024,5.3248573762767615,0.0023818206026665328,0.032529796450116895,0.027218353678633418,2321/4916/7010,3
M2,GO:1905314,semi-lunar valve development,3/102,49/18805,0.061224489795918366,11.2875150060024,5.3248573762767615,0.0023818206026665328,0.032529796450116895,0.027218353678633418,54567/182/7042,3
M2,GO:0060562,epithelial tube morphogenesis,7/102,337/18805,0.020771513353115726,3.8294932216209925,3.8706441459491145,0.0024057795934459606,0.03263350006347786,0.0273051246373924,653/54567/3207/4208/255743/340419/7042,7
M2,GO:0043114,regulation of vascular permeability,3/102,50/18805,0.06,11.061764705882352,5.261022937470502,0.0025239504704684655,0.03333126961139611,0.027888962853857807,1003/83483/7010,3
M2,GO:0045747,positive regulation of Notch signaling pathway,3/102,50/18805,0.06,11.061764705882352,5.261022937470502,0.0025239504704684655,0.03333126961139611,0.027888962853857807,54567/182/7042,3
M2,GO:0071774,response to fibroblast growth factor,5/102,173/18805,0.028901734104046242,5.328403037515584,4.223675817757093,0.002524841960017602,0.03333126961139611,0.027888962853857807,1277/54567/2321/4916/7010,5
M2,GO:0003222,ventricular trabecula myocardium morphogenesis,2/102,14/18805,0.14285714285714285,26.3375350140056,7.003626924322863,0.002540798887127487,0.03333126961139611,0.027888962853857807,54567/7042,2
M2,GO:0071107,response to parathyroid hormone,2/102,14/18805,0.14285714285714285,26.3375350140056,7.003626924322863,0.002540798887127487,0.03333126961139611,0.027888962853857807,4208/50964,2
M2,GO:0008593,regulation of Notch signaling pathway,4/102,105/18805,0.0380952380952381,7.023342670401494,4.570681797322649,0.0025645547177428688,0.033423020308361306,0.02796573256018196,8788/54567/182/7042,4
M2,GO:0032526,response to retinoic acid,4/102,106/18805,0.03773584905660377,6.957084720680725,4.541999568693114,0.0026541691485156885,0.03414460182025989,0.028569494739540686,8854/358/1277/3490,4
M2,GO:0090130,tissue migration,4/102,106/18805,0.03773584905660377,6.957084720680725,4.541999568693114,0.0026541691485156885,0.03414460182025989,0.028569494739540686,59/70/5581/7042,4
M2,GO:0001974,blood vessel remodeling,3/102,52/18805,0.057692307692307696,10.63631221719457,5.138622663000204,0.002823693234752165,0.03519027693809886,0.029444432743961725,54567/182/4208,3
M2,GO:0036215,response to stem cell factor,3/102,52/18805,0.057692307692307696,10.63631221719457,5.138622663000204,0.002823693234752165,0.03519027693809886,0.029444432743961725,2321/4916/7010,3
M2,GO:0036216,cellular response to stem cell factor stimulus,3/102,52/18805,0.057692307692307696,10.63631221719457,5.138622663000204,0.002823693234752165,0.03519027693809886,0.029444432743961725,2321/4916/7010,3
M2,GO:0038109,Kit signaling pathway,3/102,52/18805,0.057692307692307696,10.63631221719457,5.138622663000204,0.002823693234752165,0.03519027693809886,0.029444432743961725,2321/4916/7010,3
M2,GO:1905562,regulation of vascular endothelial cell proliferation,3/102,52/18805,0.057692307692307696,10.63631221719457,5.138622663000204,0.002823693234752165,0.03519027693809886,0.029444432743961725,8854/2321/4208,3
M2,GO:0003198,epithelial to mesenchymal transition involved in endocardial cushion formation,2/102,15/18805,0.13333333333333333,24.58169934640523,6.747251642928509,0.002921347397015964,0.03618115968726603,0.030273524839949675,7042/55273,2
M2,GO:0060537,muscle tissue development,8/102,446/18805,0.017937219730941704,3.3069550690231253,3.641259450440661,0.0029531593078402593,0.03634938061625603,0.030414278771454268,70/8854/653/1281/54567/84525/4208/7042,8
M2,GO:0101023,vascular endothelial cell proliferation,3/102,53/18805,0.05660377358490566,10.435627081021089,5.079891963311307,0.002981427330172414,0.03642021914903426,0.030473550837364364,8854/2321/4208,3
M2,GO:0038127,ERBB signaling pathway,5/102,180/18805,0.027777777777777776,5.121187363834422,4.102797116304532,0.0029954443031302,0.03642021914903426,0.030473550837364364,84632/1012/2321/4916/7010,5
M2,GO:0042060,wound healing,8/102,450/18805,0.017777777777777778,3.2775599128540307,3.611340537553419,0.0031180611246875664,0.03710116245474349,0.031043310188865778,358/947/1281/3346/3347/5581/7035/7042,8
M2,GO:0003279,cardiac septum development,4/102,111/18805,0.036036036036036036,6.643702526055467,4.403966988276031,0.003134639215149557,0.03710116245474349,0.031043310188865778,653/3209/182/7042,4
M2,GO:0090100,positive regulation of transmembrane receptor protein serine/threonine kinase signaling pathway,4/102,111/18805,0.036036036036036036,6.643702526055467,4.403966988276031,0.003134639215149557,0.03710116245474349,0.031043310188865778,653/1003/255743/7042,4
M2,GO:0031214,biomineral tissue development,5/102,182/18805,0.027472527472527472,5.064910579616462,4.069409915427155,0.003140811153998082,0.03710116245474349,0.031043310188865778,1277/3346/3347/4208/340419,5
M2,GO:0038145,macrophage colony-stimulating factor signaling pathway,3/102,54/18805,0.05555555555555555,10.242374727668844,5.022706557248715,0.0031444816724431547,0.03710116245474349,0.031043310188865778,2321/4916/7010,3
M2,GO:0043534,blood vessel endothelial cell migration,5/102,183/18805,0.0273224043715847,5.037233472624022,4.0528993562230085,0.0032153738480591365,0.03771444384135246,0.031556455412840446,1003/54567/4208/27286/7424,5
M2,GO:1901890,positive regulation of cell junction assembly,4/102,112/18805,0.03571428571428571,6.5843837535014,4.377380848476786,0.0032373854415545383,0.037750564739530694,0.031586678515629074,84525/84189/27286/7010,4
M2,GO:0031547,brain-derived neurotrophic factor receptor signaling pathway,3/102,55/18805,0.05454545454545454,10.056149732620321,4.9669967218686475,0.003312913343748721,0.03818467749962399,0.03194990964308928,2321/4916/7010,3
M2,GO:0035790,platelet-derived growth factor receptor-alpha signaling pathway,3/102,55/18805,0.05454545454545454,10.056149732620321,4.9669967218686475,0.003312913343748721,0.03818467749962399,0.03194990964308928,2321/4916/7010,3
M2,GO:0070482,response to oxygen levels,7/102,358/18805,0.019553072625698324,3.6048581443750685,3.6747879793273506,0.003362896727136873,0.03853802341328118,0.032245561479201115,358/1277/10800/5581/7010/7042/7424,7
M2,GO:0048568,embryonic organ development,8/102,457/18805,0.0175054704595186,3.2273565881494832,3.5597791530407346,0.0034238544829450863,0.0390123762228143,0.032642462288529094,8854/653/3207/3205/4208/51294/84189/7042,8
M2,GO:0010761,fibroblast migration,3/102,56/18805,0.05357142857142857,9.8765756302521,4.912697088935379,0.003486778048738515,0.03950361039309431,0.033053488081642025,59/358/5581,3
M2,GO:0070254,mucus secretion,2/102,17/18805,0.11764705882352941,21.68973471741638,6.302439383443852,0.003757203596093052,0.04162146650338636,0.03482554210413736,55107/5581,2
M2,GO:0072109,glomerular mesangium development,2/102,17/18805,0.11764705882352941,21.68973471741638,6.302439383443852,0.003757203596093052,0.04162146650338636,0.03482554210413736,59/947,2
M2,GO:0072224,metanephric glomerulus development,2/102,17/18805,0.11764705882352941,21.68973471741638,6.302439383443852,0.003757203596093052,0.04162146650338636,0.03482554210413736,358/947,2
M2,GO:2001212,regulation of vasculogenesis,2/102,17/18805,0.11764705882352941,21.68973471741638,6.302439383443852,0.003757203596093052,0.04162146650338636,0.03482554210413736,947/55273,2
M2,GO:0043010,camera-type eye development,7/102,366/18805,0.01912568306010929,3.5260634308368157,3.6040074700767266,0.0037954798367523714,0.04181318670985762,0.03498595836727252,8854/358/54567/2321/182/84189/7042,7
M2,GO:0007517,muscle organ development,7/102,369/18805,0.018970189701897018,3.4973962484722887,3.577971348781004,0.003968181301195126,0.043475568761445496,0.03637690782182924,70/1281/1293/54567/4208/219537/7042,7
M2,GO:0003018,vascular process in circulatory system,6/102,278/18805,0.02158273381294964,3.9790520524756667,3.6954515185576864,0.00407580887296353,0.04416936354722434,0.03695742027258122,59/1003/10800/83483/219537/7010,6
M2,GO:0051896,regulation of phosphatidylinositol 3-kinase/protein kinase B signal transduction,6/102,278/18805,0.02158273381294964,3.9790520524756667,3.6954515185576864,0.00407580887296353,0.04416936354722434,0.03695742027258122,2321/3082/4916/7010/7042/55273,6
M2,GO:0032355,response to estradiol,4/102,120/18805,0.03333333333333333,6.145424836601308,4.175753757987344,0.0041432476811765805,0.044472853472788516,0.03721135657201595,8854/1277/1393/5737,4
M2,GO:1905209,positive regulation of cardiocyte differentiation,2/102,18/18805,0.1111111111111111,20.48474945533769,6.107618907220402,0.0042119592467924185,0.044472853472788516,0.03721135657201595,4208/7042,2
M2,GO:0098742,cell-cell adhesion via plasma-membrane adhesion molecules,6/102,280/18805,0.02142857142857143,3.9506302521008405,3.673535730691232,0.004220013818431659,0.044472853472788516,0.03721135657201595,1012/1003/79633/51294/6401/7042,6
M2,GO:0010718,positive regulation of epithelial to mesenchymal transition,3/102,60/18805,0.05,9.218137254901961,4.708427237488033,0.004237633981860491,0.044472853472788516,0.03721135657201595,1277/182/7042,3
M2,GO:0036006,cellular response to macrophage colony-stimulating factor stimulus,3/102,60/18805,0.05,9.218137254901961,4.708427237488033,0.004237633981860491,0.044472853472788516,0.03721135657201595,2321/4916/7010,3
M2,GO:0055008,cardiac muscle tissue morphogenesis,3/102,60/18805,0.05,9.218137254901961,4.708427237488033,0.004237633981860491,0.044472853472788516,0.03721135657201595,70/54567/7042,3
M2,GO:0030510,regulation of BMP signaling pathway,4/102,124/18805,0.03225806451612903,5.947185325743201,4.081676041903378,0.004654561698795198,0.04821473761661782,0.040342268448682495,1003/3209/5654/50964,4
M2,GO:0045446,endothelial cell differentiation,4/102,124/18805,0.03225806451612903,5.947185325743201,4.081676041903378,0.004654561698795198,0.04821473761661782,0.040342268448682495,1003/3209/182/55273,4
M2,GO:0042481,regulation of odontogenesis,2/102,19/18805,0.10526315789473684,19.40660474716202,5.927927702502195,0.004690902255578664,0.04821473761661782,0.040342268448682495,947/340419,2
M2,GO:0060039,pericardium development,2/102,19/18805,0.10526315789473684,19.40660474716202,5.927927702502195,0.004690902255578664,0.04821473761661782,0.040342268448682495,653/54567,2
M2,GO:0001952,regulation of cell-matrix adhesion,4/102,125/18805,0.032,5.899607843137255,4.058798226550882,0.004788722019656241,0.048967752344587404,0.04097233145023019,1012/182/22998/7010,4
M2,GO:0003229,ventricular cardiac muscle tissue development,3/102,63/18805,0.047619047619047616,8.779178338001868,4.567363805746043,0.00486035320228314,0.04919565627082528,0.041163023380276664,54567/84525/7042,3
M2,GO:0035791,platelet-derived growth factor receptor-beta signaling pathway,3/102,63/18805,0.047619047619047616,8.779178338001868,4.567363805746043,0.00486035320228314,0.04919565627082528,0.041163023380276664,2321/4916/7010,3
M2,GO:0010717,regulation of epithelial to mesenchymal transition,4/102,126/18805,0.031746031746031744,5.852785558667912,4.036167046631262,0.00492546021834335,0.049602867047356766,0.04150374506153222,653/1277/182/7042,4
M3,GO:0010721,negative regulation of cell development,10/84,285/18805,0.03508771929824561,7.855054302422722,7.811115882960049,5.613458759954449e-7,7.648757772298107e-4,5.740814217502131e-4,301/2258/22920/8829/283659/861/80031/6591/4982/7474,10
M3,GO:0003205,cardiac chamber development,8/84,172/18805,0.046511627906976744,10.412513842746401,8.306703366707934,1.0044282527941525e-6,7.648757772298107e-4,5.740814217502131e-4,187/1909/23493/3670/3084/8829/6659/7474,8
M3,GO:0014032,neural crest cell development,6/84,81/18805,0.07407407407407407,16.582892416225747,9.41437531972336,1.6459939497512985e-6,7.648757772298107e-4,5.740814217502131e-4,1909/3670/3084/8829/80031/6591,6
M3,GO:0003206,cardiac chamber morphogenesis,7/84,129/18805,0.05426356589147287,12.147932816537468,8.510351695250904,1.773008292141425e-6,7.648757772298107e-4,5.740814217502131e-4,187/1909/23493/3670/3084/8829/6659,7
M3,GO:0003231,cardiac ventricle development,7/84,129/18805,0.05426356589147287,12.147932816537468,8.510351695250904,1.773008292141425e-6,7.648757772298107e-4,5.740814217502131e-4,187/1909/23493/3670/3084/6659/7474,7
M3,GO:0048864,stem cell development,6/84,87/18805,0.06896551724137931,15.439244663382594,9.042210702324711,2.507108937651137e-6,8.289690133832701e-4,6.221869275472608e-4,1909/3670/3084/8829/80031/6591,6
M3,GO:0060485,mesenchyme development,10/84,342/18805,0.029239766081871343,6.545878585352269,6.933180682055637,2.9075124295532525e-6,8.289690133832701e-4,6.221869275472608e-4,187/1909/23493/3670/3084/8829/80031/6591/6659/7474,10
M3,GO:0003283,atrial septum development,4/84,23/18805,0.17391304347826086,38.93374741200828,12.193236307705591,3.0745257798174135e-6,8.289690133832701e-4,6.221869275472608e-4,23493/3670/6659/7474,4
M3,GO:0003007,heart morphogenesis,9/84,272/18805,0.03308823529411765,7.407431722689076,7.130103250059905,3.4671163543902036e-6,8.309522196021854e-4,6.236754331055127e-4,187/1909/23493/3670/3084/8829/6591/6659/7474,9
M3,GO:0014033,neural crest cell differentiation,6/84,94/18805,0.06382978723404255,14.28951367781155,8.652164313427283,3.943071925997359e-6,8.505206144376303e-4,6.383625918088356e-4,1909/3670/3084/8829/80031/6591,6
M3,GO:0072132,mesenchyme morphogenesis,5/84,58/18805,0.08620689655172414,19.299055829228244,9.34925557280645,5.998619158443308e-6,0.0011762746840692923,8.828589727929003e-4,187/23493/3670/6591/7474,5
M3,GO:0006935,chemotaxis,11/84,466/18805,0.023605150214592276,5.284462497445331,6.273381826559409,7.005583734647265e-6,0.0012103352014330552,9.084232680887387e-4,301/1240/1794/1880/3672/1130/4739/3084/8829/5156/7474,11
M3,GO:0042330,taxis,11/84,468/18805,0.023504273504273504,5.261879324379324,6.254033095607104,7.294556151427777e-6,0.0012103352014330552,9.084232680887387e-4,301/1240/1794/1880/3672/1130/4739/3084/8829/5156/7474,11
M3,GO:0003279,cardiac septum development,6/84,111/18805,0.05405405405405406,12.101029601029602,7.857309738842023,1.0322671364431112e-5,0.0015904287237912794,0.0011937044028943649,187/23493/3670/8829/6659/7474,6
M3,GO:0060326,cell chemotaxis,9/84,325/18805,0.027692307692307693,6.1994505494505505,6.333567330861604,1.453291315602069e-5,0.0020569764727855376,0.0015438741991284958,301/1240/1880/3672/1130/4739/8829/5156/7474,9
M3,GO:0048638,regulation of developmental growth,9/84,327/18805,0.027522935779816515,6.161533420707733,6.307037036975555,1.5258054503740658e-5,0.0020569764727855376,0.0015438741991284958,1848/2258/23493/3084/8829/5997/861/80031/7474,9
M3,GO:0003208,cardiac ventricle morphogenesis,5/84,71/18805,0.07042253521126761,15.765425888665325,8.34949361972909,1.628753547597707e-5,0.0020666008248048555,0.00155109780569986,1909/23493/3670/3084/6659,5
M3,GO:0060411,cardiac septum morphogenesis,5/84,74/18805,0.06756756756756757,15.126287001287002,8.155745141612357,1.9941461725827017e-5,0.002143765554078487,0.001609014187430258,187/23493/3670/8829/6659,5
M3,GO:0060420,regulation of heart growth,5/84,74/18805,0.06756756756756757,15.126287001287002,8.155745141612357,1.9941461725827017e-5,0.002143765554078487,0.001609014187430258,1848/23493/3084/5997/861,5
M3,GO:0003170,heart valve development,5/84,75/18805,0.06666666666666667,14.924603174603176,8.09365732717886,2.1291332748332607e-5,0.002143765554078487,0.001609014187430258,187/1009/23493/6591/6659,5
M3,GO:0003230,cardiac atrium development,4/84,37/18805,0.10810810810810811,24.202059202059203,9.462777703320738,2.1865017241412475e-5,0.002143765554078487,0.001609014187430258,23493/3670/6659/7474,4
M3,GO:0071425,hematopoietic stem cell proliferation,4/84,37/18805,0.10810810810810811,24.202059202059203,9.462777703320738,2.1865017241412475e-5,0.002143765554078487,0.001609014187430258,2122/861/6591/7474,4
M3,GO:0048762,mesenchymal cell differentiation,8/84,275/18805,0.02909090909090909,6.5125541125541115,6.168530913606909,3.151071326052728e-5,0.002955156891432928,0.0022180081004435225,1909/23493/3670/3084/8829/80031/6591/7474,8
M3,GO:0003203,endocardial cushion morphogenesis,4/84,41/18805,0.0975609756097561,21.840882694541232,8.948403685258038,3.3074070341405825e-5,0.0029725320719338486,0.0022310491309246562,187/23493/3670/6591,4
M3,GO:0050768,negative regulation of neurogenesis,6/84,139/18805,0.04316546762589928,9.663412127440905,6.867062288939709,3.7065297489725215e-5,0.003122187327556269,0.0023433736475033753,2258/22920/8829/283659/80031/7474,6
M3,GO:0060413,atrial septum morphogenesis,3/84,15/18805,0.2,44.773809523809526,11.360483779329725,3.763415415691376e-5,0.003122187327556269,0.0023433736475033753,23493/3670/6659,3
M3,GO:0051961,negative regulation of nervous system development,6/84,147/18805,0.04081632653061224,9.13751214771623,6.634649973005635,5.070806091577362e-5,0.004051010644271248,0.003040506732493561,2258/22920/8829/283659/80031/7474,6
M3,GO:0050872,white fat cell differentiation,3/84,17/18805,0.17647058823529413,39.50630252100841,10.639378174767934,5.588237258443358e-5,0.0042454002081087055,0.0031864068126155674,5156/6591/79718,3
M3,GO:0055010,ventricular cardiac muscle tissue morphogenesis,4/84,47/18805,0.0851063829787234,19.052684903748734,8.30037488754986,5.707770330790564e-5,0.0042454002081087055,0.0031864068126155674,1909/23493/3670/3084,4
M3,GO:0045785,positive regulation of cell adhesion,10/84,499/18805,0.02004008016032064,4.486353659700353,5.287193765893726,7.526391087699154e-5,0.005364790608794376,0.004026570995937707,301/1758/22920/4739/3084/8829/5420/861/6659/7474,10
M3,GO:0030595,leukocyte chemotaxis,7/84,234/18805,0.029914529914529916,6.696937321937322,5.873973294456139,8.47886991375508e-5,0.005364790608794376,0.004026570995937707,301/1240/1880/3672/1130/4739/7474,7
M3,GO:0060419,heart growth,5/84,100/18805,0.05,11.193452380952381,6.846091271600793,8.511322071679526e-5,0.005364790608794376,0.004026570995937707,1848/23493/3084/5997/861,5
M3,GO:0003197,endocardial cushion development,4/84,52/18805,0.07692307692307693,17.22069597069597,7.845778117791944,8.517545349603034e-5,0.005364790608794376,0.004026570995937707,187/23493/3670/6591,4
M3,GO:0003215,cardiac right ventricle morphogenesis,3/84,20/18805,0.15,33.580357142857146,9.764847866148974,9.278235197757622e-5,0.005364790608794376,0.004026570995937707,23493/3670/6659,3
M3,GO:0048640,negative regulation of developmental growth,5/84,102/18805,0.049019607843137254,10.973972922502334,6.765702177340801,9.350738804823902e-5,0.005364790608794376,0.004026570995937707,2258/8829/5997/80031/7474,5
M3,GO:0007411,axon guidance,7/84,238/18805,0.029411764705882353,6.584383753501401,5.80755200420235,9.42578267649052e-5,0.005364790608794376,0.004026570995937707,91653/1909/3670/8829/59277/80031/7474,7
M3,GO:0097485,neuron projection guidance,7/84,239/18805,0.029288702928870293,6.556834030683403,5.791185092999433,9.675502480066017e-5,0.005364790608794376,0.004026570995937707,91653/1909/3670/8829/59277/80031/7474,7
M3,GO:0046620,regulation of organ growth,5/84,103/18805,0.04854368932038835,10.867429496070272,6.726340690972533,9.793600461569185e-5,0.005364790608794376,0.004026570995937707,1848/23493/3084/5997/861,5
M3,GO:0050771,negative regulation of axonogenesis,4/84,54/18805,0.07407407407407407,16.582892416225747,7.681269061851762,9.882589999732966e-5,0.005364790608794376,0.004026570995937707,2258/8829/80031/7474,4
M3,GO:0035051,cardiocyte differentiation,6/84,166/18805,0.03614457831325301,8.091652323580034,6.147385072062252,9.948614944449469e-5,0.005364790608794376,0.004026570995937707,1909/23493/3670/3084/5156/5997,6
M3,GO:0060070,canonical Wnt signaling pathway,8/84,333/18805,0.024024024024024024,5.378235378235378,5.3996362640425035,1.2038176587646561e-4,0.006121464799649221,0.0045944966751387175,22881/115908/1909/3670/6591/6659/79718/7474,8
M3,GO:0048485,sympathetic nervous system development,3/84,22/18805,0.13636363636363635,30.5275974025974,9.282334498206028,1.2453140620773682e-4,0.006121464799649221,0.0045944966751387175,1909/8829/6659,3
M3,GO:0060445,branching involved in salivary gland morphogenesis,3/84,22/18805,0.13636363636363635,30.5275974025974,9.282334498206028,1.2453140620773682e-4,0.006121464799649221,0.0045944966751387175,8829/59277/6591,3
M3,GO:0042692,muscle cell differentiation,9/84,429/18805,0.02097902097902098,4.696553446553447,5.188005017923987,1.248699356442122e-4,0.006121464799649221,0.0045944966751387175,187/840/1794/1909/23493/3670/3084/5156/5997,9
M3,GO:0001755,neural crest cell migration,4/84,58/18805,0.06896551724137931,15.439244663382594,7.377221529682549,1.307942391663622e-4,0.006150505648564038,0.004616293432638652,1909/3670/8829/80031,4
M3,GO:0048738,cardiac muscle tissue development,7/84,251/18805,0.027888446215139442,6.2433598937583,5.601805106231535,1.311651645034519e-4,0.006150505648564038,0.004616293432638652,1909/23493/3670/3084/5156/5997/861,7
M3,GO:0048863,stem cell differentiation,7/84,256/18805,0.02734375,6.121419270833333,5.526501675192728,1.4816232136681494e-4,0.006572791750029886,0.004933242423222295,1909/3670/3084/8829/5156/80031/6591,7
M3,GO:0055008,cardiac muscle tissue morphogenesis,4/84,60/18805,0.06666666666666667,14.924603174603176,7.236290161127388,1.4931237633354863e-4,0.006572791750029886,0.004933242423222295,1909/23493/3670/3084,4
M3,GO:0090497,mesenchymal cell migration,4/84,60/18805,0.06666666666666667,14.924603174603176,7.236290161127388,1.4931237633354863e-4,0.006572791750029886,0.004933242423222295,1909/3670/8829/80031,4
M3,GO:0003179,heart valve morphogenesis,4/84,62/18805,0.06451612903225806,14.443164362519202,7.101957080144438,1.696562074351674e-4,0.007252762734764847,0.0054435981192535125,1009/23493/6591/6659,4
M3,GO:0060840,artery development,5/84,116/18805,0.04310344827586207,9.649527914614122,6.259340970028706,1.7148395895827872e-4,0.007252762734764847,0.0054435981192535125,187/1909/23493/8829/6659,5
M3,GO:0003229,ventricular cardiac muscle tissue development,4/84,63/18805,0.06349206349206349,14.213907785336357,7.037101616311868,1.8054529000511226e-4,0.007489157510404369,0.0056210254256652365,1909/23493/3670/3084,4
M3,GO:0007409,axonogenesis,9/84,459/18805,0.0196078431372549,4.389589169000934,4.92473599813704,2.0705077952289325e-4,0.008426576064733599,0.006324609710153125,91653/1009/1909/2258/3670/8829/59277/80031/7474,9
M3,GO:0045766,positive regulation of angiogenesis,6/84,192/18805,0.03125,6.995907738095238,5.593679896727734,2.1996395613295462e-4,0.008786338025533021,0.006594630887572793,187/168667/3670/8829/861/7474,6
M3,GO:0043410,positive regulation of MAPK cascade,9/84,464/18805,0.01939655172413793,4.342287561576354,4.88305414825699,2.2436973138398807e-4,0.00879937291991386,0.006604414294135382,22881/168667/2492/1880/3672/3084/8829/5156/7474,9
M3,GO:0035904,aorta development,4/84,67/18805,0.05970149253731343,13.365316275764036,6.791743186929731,2.2919121363710698e-4,0.00882795442527214,0.00662586628898253,187/1909/23493/6659,4
M3,GO:1904018,positive regulation of vasculature development,6/84,195/18805,0.03076923076923077,6.888278388278389,5.53646675355046,2.3915070393502752e-4,0.008872657040371702,0.006659418065096102,187/168667/3670/8829/861/7474,6
M3,GO:0060828,regulation of canonical Wnt signaling pathway,7/84,277/18805,0.02527075812274368,5.657340553549939,5.230748650596107,2.401886738826077e-4,0.008872657040371702,0.006659418065096102,22881/115908/3670/6591/6659/79718/7474,7
M3,GO:0055021,regulation of cardiac muscle tissue growth,4/84,68/18805,0.058823529411764705,13.168767507002801,6.733661245641885,2.426920562734958e-4,0.008872657040371702,0.006659418065096102,23493/3084/5997/861,4
M3,GO:0070374,positive regulation of ERK1 and ERK2 cascade,6/84,198/18805,0.030303030303030304,6.783910533910534,5.480450072041487,2.596326309738584e-4,0.00903981307925685,0.006784877883950436,168667/2492/1880/3084/8829/5156,6
M3,GO:0003209,cardiac atrium morphogenesis,3/84,28/18805,0.10714285714285714,23.9859693877551,8.153216583798145,2.5983700088730863e-4,0.00903981307925685,0.006784877883950436,23493/3670/6659,3
M3,GO:0003272,endocardial cushion formation,3/84,28/18805,0.10714285714285714,23.9859693877551,8.153216583798145,2.5983700088730863e-4,0.00903981307925685,0.006784877883950436,187/23493/6591,3
M3,GO:0016055,Wnt signaling pathway,9/84,477/18805,0.018867924528301886,4.223944294699011,4.7773759978258745,2.7512804991436775e-4,0.009419860375639544,0.007070124323613996,22881/84100/115908/1909/3670/6591/6659/79718/7474,9
M3,GO:0060384,innervation,3/84,29/18805,0.10344827586206896,23.158866995073893,7.999176030662517,2.888858989599008e-4,0.009672599358343437,0.007259818858127618,1909/3670/8829,3
M3,GO:0055007,cardiac muscle cell differentiation,5/84,130/18805,0.038461538461538464,8.610347985347985,5.832384256992166,2.914784229449807e-4,0.009672599358343437,0.007259818858127618,23493/3670/3084/5156/5997,5
M3,GO:0060415,muscle tissue morphogenesis,4/84,73/18805,0.0547945205479452,12.266797129810827,6.460558638055673,3.1891281114789747e-4,0.010300543177005123,0.007731125298896558,1909/23493/3670/3084,4
M3,GO:0003171,atrioventricular valve development,3/84,30/18805,0.1,22.386904761904763,7.852696861376267,3.199519670187034e-4,0.010300543177005123,0.007731125298896558,187/23493/6659,3
M3,GO:0001763,morphogenesis of a branching structure,6/84,208/18805,0.028846153846153848,6.457760989010989,5.301819978781688,3.3805781743117804e-4,0.010723392826456632,0.008048497263299566,1909/2258/8829/59277/6591/7474,6
M3,GO:0003281,ventricular septum development,4/84,75/18805,0.05333333333333334,11.93968253968254,6.358676124128436,3.5372677870896407e-4,0.011057178761314458,0.008299022001757627,187/23493/6659/7474,4
M3,GO:0070372,regulation of ERK1 and ERK2 cascade,7/84,296/18805,0.02364864864864865,5.294200450450451,4.988120468604455,3.5883287588873996e-4,0.011057178761314458,0.008299022001757627,168667/1848/2492/1880/3084/8829/5156,7
M3,GO:0061437,renal system vasculature development,3/84,32/18805,0.09375,20.987723214285715,7.580043859255648,3.883676821922917e-4,0.011634848479010737,0.008732594959236034,1909/8829/5156,3
M3,GO:0061440,kidney vasculature development,3/84,32/18805,0.09375,20.987723214285715,7.580043859255648,3.883676821922917e-4,0.011634848479010737,0.008732594959236034,1909/8829/5156,3
M3,GO:0035270,endocrine system development,5/84,139/18805,0.03597122302158273,8.052843439534087,5.590443407397593,3.968010390252294e-4,0.011724655358594792,0.008799999971460748,1909/3670/5156/6659/7474,5
M3,GO:0050920,regulation of chemotaxis,6/84,217/18805,0.027649769585253458,6.189927583936801,5.1508046105944025,4.2351170568980645e-4,0.012344793907742062,0.009265448127324643,1240/1880/4739/8829/5156/7474,6
M3,GO:0007435,salivary gland morphogenesis,3/84,34/18805,0.08823529411764706,19.753151260504204,7.3311187268327975,4.6553962895258034e-4,0.013208748835412258,0.00991389391155555,8829/59277/6591,3
M3,GO:0030517,negative regulation of axon extension,3/84,34/18805,0.08823529411764706,19.753151260504204,7.3311187268327975,4.6553962895258034e-4,0.013208748835412258,0.00991389391155555,8829/80031/7474,3
M3,GO:0048644,muscle organ morphogenesis,4/84,81/18805,0.04938271604938271,11.055261610817166,6.074867503010521,4.7445854311383215e-4,0.013208748835412258,0.00991389391155555,1909/23493/3670/3084,4
M3,GO:0051146,striated muscle cell differentiation,7/84,311/18805,0.022508038585209004,5.038853161843515,4.81086394172666,4.824018700498587e-4,0.013208748835412258,0.00991389391155555,840/1794/23493/3670/3084/5156/5997,7
M3,GO:0050921,positive regulation of chemotaxis,5/84,146/18805,0.03424657534246575,7.666748206131768,5.416846649610037,4.968424700479959e-4,0.013208748835412258,0.00991389391155555,1240/4739/8829/5156/7474,5
M3,GO:0003151,outflow tract morphogenesis,4/84,82/18805,0.04878048780487805,10.920441347270616,6.030460039258159,4.971053196765655e-4,0.013208748835412258,0.00991389391155555,1909/23493/3670/8829,4
M3,GO:0010667,negative regulation of cardiac muscle cell apoptotic process,3/84,35/18805,0.08571428571428572,19.18877551020408,7.214489261994301,5.075477810758509e-4,0.013208748835412258,0.00991389391155555,23493/22920/3084,3
M3,GO:0035456,response to interferon-beta,3/84,35/18805,0.08571428571428572,19.18877551020408,7.214489261994301,5.075477810758509e-4,0.013208748835412258,0.00991389391155555,3428/8519/4938,3
M3,GO:0003158,endothelium development,5/84,147/18805,0.034013605442176874,7.6145934564301925,5.392988852184284,5.125514281160318e-4,0.013208748835412258,0.00991389391155555,1909/23493/3084/8829/30061,5
M3,GO:0048844,artery morphogenesis,4/84,83/18805,0.04819277108433735,10.788869764773379,5.986813356552238,5.205116601808261e-4,0.013208748835412258,0.00991389391155555,1909/23493/8829/6659,4
M3,GO:2000027,regulation of animal organ morphogenesis,4/84,83/18805,0.04819277108433735,10.788869764773379,5.986813356552238,5.205116601808261e-4,0.013208748835412258,0.00991389391155555,59277/6591/4982/7474,4
M3,GO:0090090,negative regulation of canonical Wnt signaling pathway,5/84,149/18805,0.03355704697986577,7.512384148290189,5.3459405007495,5.450881062861965e-4,0.013671570293713091,0.010261266921275035,22881/115908/3670/6591/7474,5
M3,GO:0070371,ERK1 and ERK2 cascade,7/84,319/18805,0.0219435736677116,4.912486938349007,4.720924016706574,5.609948419945746e-4,0.01390880315152066,0.01043932325453909,168667/1848/2492/1880/3084/8829/5156,7
M3,GO:0048588,developmental cell growth,6/84,232/18805,0.02586206896551724,5.789716748768473,4.917145244939921,6.025278608671537e-4,0.014768779498755118,0.011084782894900507,1909/2258/8829/5997/80031/7474,6
M3,GO:0055013,cardiac muscle cell development,4/84,87/18805,0.04597701149425287,10.292829775588396,5.819398923601484,6.220212839825996e-4,0.015012259898896183,0.011267528352976763,23493/3670/5156/5997,4
M3,GO:0001822,kidney development,7/84,325/18805,0.021538461538461538,4.8217948717948715,4.655414050973585,6.263808024574208e-4,0.015012259898896183,0.011267528352976763,168667/1909/8829/5156/5420/6659/7474,7
M3,GO:0007431,salivary gland development,3/84,38/18805,0.07894736842105263,17.673872180451127,6.891774866162396,6.47906007726227e-4,0.015190578898537734,0.011401366589049625,8829/59277/6591,3
M3,GO:0010664,negative regulation of striated muscle cell apoptotic process,3/84,38/18805,0.07894736842105263,17.673872180451127,6.891774866162396,6.47906007726227e-4,0.015190578898537734,0.011401366589049625,23493/22920/3084,3
M3,GO:0003180,aortic valve morphogenesis,3/84,39/18805,0.07692307692307693,17.22069597069597,6.792289286732373,6.996443614427398e-4,0.01622723535088161,0.012179434384820985,1009/23493/6591,3
M3,GO:0035886,vascular associated smooth muscle cell differentiation,3/84,40/18805,0.075,16.790178571428573,6.696424789133567,7.539439925013954e-4,0.01689802908693333,0.01268290204997363,187/1909/23493,3
M3,GO:0072001,renal system development,7/84,336/18805,0.020833333333333332,4.663938492063492,4.539378173139024,7.619157660002752e-4,0.01689802908693333,0.01268290204997363,168667/1909/8829/5156/5420/6659/7474,7
M3,GO:0001667,ameboidal-type cell migration,6/84,243/18805,0.024691358024691357,5.527630805408583,4.7584115546801495,7.675348352112618e-4,0.01689802908693333,0.01268290204997363,1909/3670/8829/80031/6591/7474,6
M3,GO:0055017,cardiac muscle tissue growth,4/84,92/18805,0.043478260869565216,9.73343685300207,5.624807084992523,7.677361383956728e-4,0.01689802908693333,0.01268290204997363,23493/3084/5997/861,4
M3,GO:0060021,roof of mouth development,4/84,92/18805,0.043478260869565216,9.73343685300207,5.624807084992523,7.677361383956728e-4,0.01689802908693333,0.01268290204997363,2615/5156/6591/7474,4
M3,GO:0030198,extracellular matrix organization,7/84,339/18805,0.02064896755162242,4.622664700098328,4.508601128594646,8.02644224088212e-4,0.017487915064224983,0.013125643983494632,256076/1758/2331/59277/5156/861/4982,7
M3,GO:0043062,extracellular structure organization,7/84,340/18805,0.020588235294117647,4.60906862745098,4.498421907607859,8.165970394198337e-4,0.01759971967324153,0.013209559503914049,256076/1758/2331/59277/5156/861/4982,7
M3,GO:0045229,external encapsulating structure organization,7/84,341/18805,0.020527859237536656,4.5955522971652005,4.488282107417164,8.307412749500864e-4,0.01759971967324153,0.013209559503914049,256076/1758/2331/59277/5156/861/4982,7
M3,GO:0055006,cardiac cell development,4/84,94/18805,0.0425531914893617,9.526342451874367,5.551092212602001,8.322537814884728e-4,0.01759971967324153,0.013209559503914049,23493/3670/5156/5997,4
M3,GO:0048843,negative regulation of axon extension involved in axon guidance,2/84,10/18805,0.2,44.773809523809526,9.274562269765738,8.668461115267406e-4,0.01797872175541519,0.013494021452713839,8829/7474,2
M3,GO:0071372,cellular response to follicle-stimulating hormone stimulus,2/84,10/18805,0.2,44.773809523809526,9.274562269765738,8.668461115267406e-4,0.01797872175541519,0.013494021452713839,1909/2492,2
M3,GO:0048732,gland development,8/84,451/18805,0.017738359201773836,3.971069580825678,4.277952644510383,9.118103543274166e-4,0.018731189850326072,0.014058790225118465,1909/3670/3084/8829/59277/5156/6591/7474,8
M3,GO:0045444,fat cell differentiation,6/84,252/18805,0.023809523809523808,5.330215419501134,4.635567858218094,9.268959443122689e-4,0.01880229343672385,0.014112157385101767,1240/5156/5997/6591/79718/7474,6
M3,GO:0060412,ventricular septum morphogenesis,3/84,43/18805,0.06976744186046512,15.618770764119601,6.428442455388113,9.327053304262642e-4,0.01880229343672385,0.014112157385101767,187/23493/6659,3
M3,GO:0030111,regulation of Wnt signaling pathway,7/84,350/18805,0.02,4.477380952380953,4.398752340997501,9.669645544374839e-4,0.019312430962237524,0.014495043710768525,22881/115908/3670/6591/6659/79718/7474,7
M3,GO:0001503,ossification,8/84,458/18805,0.017467248908296942,3.910376377625286,4.223763646201479,0.0010067347807433387,0.019808157687406087,0.014867113936622777,1009/115908/1758/8519/5179/861/6591/7474,8
M3,GO:0061387,regulation of extent of cell growth,4/84,99/18805,0.04040404040404041,9.045214045214047,5.376070782076457,0.001010151759673004,0.019808157687406087,0.014867113936622777,2258/8829/80031/7474,4
M3,GO:0003139,secondary heart field specification,2/84,11/18805,0.18181818181818182,40.7034632034632,8.822981416221644,0.0010564063428828453,0.02034030481628307,0.015266519682523665,3670/7474,2
M3,GO:0003357,noradrenergic neuron differentiation,2/84,11/18805,0.18181818181818182,40.7034632034632,8.822981416221644,0.0010564063428828453,0.02034030481628307,0.015266519682523665,1909/6659,2
M3,GO:0003176,aortic valve development,3/84,45/18805,0.06666666666666667,14.924603174603176,6.264305219444423,0.0010655792509225717,0.02034030481628307,0.015266519682523665,1009/23493/6591,3
M3,GO:0030308,negative regulation of cell growth,5/84,174/18805,0.028735632183908046,6.4330186097427475,4.8227858330713245,0.0010960556658491767,0.02073852694067258,0.015565407332188677,2258/8829/5997/80031/7474,5
M3,GO:0048483,autonomic nervous system development,3/84,46/18805,0.06521739130434782,14.600155279503104,6.1861177698231256,0.001136266340270098,0.021312404312718275,0.01599613392526692,1909/8829/6659,3
M3,GO:0031589,cell-substrate adhesion,7/84,361/18805,0.019390581717451522,4.340951061865189,4.293351055396829,0.0011567685985021834,0.02150991264628629,0.016144374813941546,1009/1758/3672/4739/8829/59277/79987,7
M3,GO:0048247,lymphocyte chemotaxis,3/84,47/18805,0.06382978723404255,14.28951367781155,6.1103346226439355,0.0012098473836993384,0.02211560005626672,0.016598976593484235,1880/4739/7474,3
M3,GO:0060071,"Wnt signaling pathway, planar cell polarity pathway",3/84,47/18805,0.06382978723404255,14.28951367781155,6.1103346226439355,0.0012098473836993384,0.02211560005626672,0.016598976593484235,22881/115908/7474,3
M3,GO:0060379,cardiac muscle cell myoblast differentiation,2/84,12/18805,0.16666666666666666,37.31150793650794,8.428243870128764,0.0012640128212296029,0.022355897963034707,0.016779333414902464,3670/3084,2
M3,GO:0097084,vascular associated smooth muscle cell development,2/84,12/18805,0.16666666666666666,37.31150793650794,8.428243870128764,0.0012640128212296029,0.022355897963034707,0.016779333414902464,1909/23493,2
M3,GO:0061383,trabecula morphogenesis,3/84,48/18805,0.0625,13.991815476190476,6.036830968407242,0.0012863668396494077,0.022355897963034707,0.016779333414902464,23493/3084/30061,3
M3,GO:0071526,semaphorin-plexin signaling pathway,3/84,48/18805,0.0625,13.991815476190476,6.036830968407242,0.0012863668396494077,0.022355897963034707,0.016779333414902464,1909/8829/80031,3
M3,GO:0099054,presynapse assembly,3/84,48/18805,0.0625,13.991815476190476,6.036830968407242,0.0012863668396494077,0.022355897963034707,0.016779333414902464,145581/27253/7474,3
M3,GO:1903522,regulation of blood circulation,6/84,269/18805,0.022304832713754646,4.99336165693043,4.418827172313791,0.0012963990456980724,0.022355897963034707,0.016779333414902464,1909/2258/23493/3670/5997/79987,6
M3,GO:0030178,negative regulation of Wnt signaling pathway,5/84,181/18805,0.027624309392265192,6.18422783478032,4.694476054050415,0.0013059078086890927,0.022355897963034707,0.016779333414902464,22881/115908/3670/6591/7474,5
M3,GO:0035265,organ growth,5/84,181/18805,0.027624309392265192,6.18422783478032,4.694476054050415,0.0013059078086890927,0.022355897963034707,0.016779333414902464,1848/23493/3084/5997/861,5
M3,GO:0060043,regulation of cardiac muscle cell proliferation,3/84,49/18805,0.061224489795918366,13.706268221574343,5.96549092566875,0.0013658684207953754,0.022986694545655658,0.017252781012233567,23493/3084/861,3
M3,GO:1905314,semi-lunar valve development,3/84,49/18805,0.061224489795918366,13.706268221574343,5.96549092566875,0.0013658684207953754,0.022986694545655658,0.017252781012233567,1009/23493/6591,3
M3,GO:0050767,regulation of neurogenesis,7/84,372/18805,0.01881720430107527,4.212589605734768,4.192074101915168,0.0013747258212283636,0.022986694545655658,0.017252781012233567,2258/23493/22920/8829/283659/80031/7474,7
M3,GO:0035272,exocrine system development,3/84,50/18805,0.06,13.432142857142857,5.896206735076873,0.0014483951009013135,0.023668092671546462,0.017764207856349443,8829/59277/6591,3
M3,GO:0045071,negative regulation of viral genome replication,3/84,50/18805,0.06,13.432142857142857,5.896206735076873,0.0014483951009013135,0.023668092671546462,0.017764207856349443,3428/8519/4938,3
M3,GO:0060976,coronary vasculature development,3/84,50/18805,0.06,13.432142857142857,5.896206735076873,0.0014483951009013135,0.023668092671546462,0.017764207856349443,187/23493/8829,3
M3,GO:0021559,trigeminal nerve development,2/84,13/18805,0.15384615384615385,34.44139194139194,8.07922611211795,0.0014895044104390985,0.024028991968808602,0.018035082667460962,3670/8829,2
M3,GO:0048675,axon extension,4/84,110/18805,0.03636363636363636,8.14069264069264,5.031230221904521,0.00149276074354212,0.024028991968808602,0.018035082667460962,1909/8829/80031/7474,4
M3,GO:0098742,cell-cell adhesion via plasma-membrane adhesion molecules,6/84,280/18805,0.02142857142857143,4.79719387755102,4.288080423004097,0.001589594428070972,0.025398186528511755,0.019062738638387176,1009/5010/22920/145581/27253/57526,6
M3,GO:0043473,pigmentation,4/84,113/18805,0.035398230088495575,7.92456805731142,4.945432359723395,0.0016480980567930498,0.025775718958273228,0.019346097532061696,84100/1909/1130/6591,4
M3,GO:0061138,morphogenesis of a branching epithelium,5/84,191/18805,0.02617801047120419,5.860446272749938,4.522444213127198,0.0016554009840228307,0.025775718958273228,0.019346097532061696,1909/8829/59277/6591/7474,5
M3,GO:0001776,leukocyte homeostasis,4/84,114/18805,0.03508771929824561,7.855054302422722,4.917533180866108,0.0017022814139515336,0.025775718958273228,0.019346097532061696,301/139818/1880/30061,4
M3,GO:0045445,myoblast differentiation,4/84,114/18805,0.03508771929824561,7.855054302422722,4.917533180866108,0.0017022814139515336,0.025775718958273228,0.019346097532061696,91653/3670/3084/6659,4
M3,GO:0060324,face development,3/84,53/18805,0.05660377358490566,12.671832884097036,5.699718945513461,0.0017145445314750197,0.025775718958273228,0.019346097532061696,1909/5156/7474,3
M3,GO:0060688,regulation of morphogenesis of a branching structure,3/84,53/18805,0.05660377358490566,12.671832884097036,5.699718945513461,0.0017145445314750197,0.025775718958273228,0.019346097532061696,59277/6591/7474,3
M3,GO:0090102,cochlea development,3/84,53/18805,0.05660377358490566,12.671832884097036,5.699718945513461,0.0017145445314750197,0.025775718958273228,0.019346097532061696,115908/23493/7474,3
M3,GO:0003222,ventricular trabecula myocardium morphogenesis,2/84,14/18805,0.14285714285714285,31.9812925170068,7.767635653190746,0.0017327210240841993,0.025775718958273228,0.019346097532061696,23493/3084,2
M3,GO:0060837,blood vessel endothelial cell differentiation,2/84,14/18805,0.14285714285714285,31.9812925170068,7.767635653190746,0.0017327210240841993,0.025775718958273228,0.019346097532061696,23493/8829,2
M3,GO:0098935,dendritic transport,2/84,14/18805,0.14285714285714285,31.9812925170068,7.767635653190746,0.0017327210240841993,0.025775718958273228,0.019346097532061696,22920/5813,2
M3,GO:0010665,regulation of cardiac muscle cell apoptotic process,3/84,55/18805,0.05454545454545454,12.21103896103896,5.577336056249849,0.0019078581968543617,0.02810449220372618,0.02109397018731224,23493/22920/3084,3
M3,GO:0050900,leukocyte migration,7/84,395/18805,0.017721518987341773,3.967299578059072,3.9923930513579027,0.0019339055458735801,0.02810449220372618,0.02109397018731224,301/1240/1880/3672/1130/4739/7474,7
M3,GO:0003198,epithelial to mesenchymal transition involved in endocardial cushion formation,2/84,15/18805,0.13333333333333333,29.84920634920635,7.4871468657172615,0.001993503619457629,0.02810449220372618,0.02109397018731224,23493/6591,2
M3,GO:0016322,neuron remodeling,2/84,15/18805,0.13333333333333333,29.84920634920635,7.4871468657172615,0.001993503619457629,0.02810449220372618,0.02109397018731224,1909/59277,2
M3,GO:0048935,peripheral nervous system neuron development,2/84,15/18805,0.13333333333333333,29.84920634920635,7.4871468657172615,0.001993503619457629,0.02810449220372618,0.02109397018731224,3670/861,2
M3,GO:0055012,ventricular cardiac muscle cell differentiation,2/84,15/18805,0.13333333333333333,29.84920634920635,7.4871468657172615,0.001993503619457629,0.02810449220372618,0.02109397018731224,23493/3084,2
M3,GO:0070243,regulation of thymocyte apoptotic process,2/84,15/18805,0.13333333333333333,29.84920634920635,7.4871468657172615,0.001993503619457629,0.02810449220372618,0.02109397018731224,22920/7474,2
M3,GO:2000052,positive regulation of non-canonical Wnt signaling pathway,2/84,15/18805,0.13333333333333333,29.84920634920635,7.4871468657172615,0.001993503619457629,0.02810449220372618,0.02109397018731224,22881/7474,2
M3,GO:0045165,cell fate commitment,6/84,295/18805,0.020338983050847456,4.553268765133172,4.120368890642091,0.0020677785441834753,0.028962326751972443,0.02173782228950229,1909/2258/23493/3670/8829/7474,6
M3,GO:0055001,muscle cell development,5/84,202/18805,0.024752475247524754,5.5413130598774165,4.346762140619422,0.0021144496406028117,0.029424954030840417,0.022085049556856536,1909/23493/3670/5156/5997,5
M3,GO:0010656,negative regulation of muscle cell apoptotic process,3/84,58/18805,0.05172413793103448,11.579433497536947,5.4051874865586464,0.002222430457965753,0.029878319337376426,0.02242532520356487,23493/22920/3084,3
M3,GO:0010659,cardiac muscle cell apoptotic process,3/84,58/18805,0.05172413793103448,11.579433497536947,5.4051874865586464,0.002222430457965753,0.029878319337376426,0.02242532520356487,23493/22920/3084,3
M3,GO:0010662,regulation of striated muscle cell apoptotic process,3/84,58/18805,0.05172413793103448,11.579433497536947,5.4051874865586464,0.002222430457965753,0.029878319337376426,0.02242532520356487,23493/22920/3084,3
M3,GO:0099172,presynapse organization,3/84,58/18805,0.05172413793103448,11.579433497536947,5.4051874865586464,0.002222430457965753,0.029878319337376426,0.02242532520356487,145581/27253/7474,3
M3,GO:0001771,immunological synapse formation,2/84,16/18805,0.125,27.983630952380953,7.232838854724183,0.0022716941916225007,0.029878319337376426,0.02242532520356487,1794/4739,2
M3,GO:0003188,heart valve formation,2/84,16/18805,0.125,27.983630952380953,7.232838854724183,0.0022716941916225007,0.029878319337376426,0.02242532520356487,1009/23493,2
M3,GO:0003214,cardiac left ventricle morphogenesis,2/84,16/18805,0.125,27.983630952380953,7.232838854724183,0.0022716941916225007,0.029878319337376426,0.02242532520356487,1909/23493,2
M3,GO:0032354,response to follicle-stimulating hormone,2/84,16/18805,0.125,27.983630952380953,7.232838854724183,0.0022716941916225007,0.029878319337376426,0.02242532520356487,1909/2492,2
M3,GO:0048934,peripheral nervous system neuron differentiation,2/84,16/18805,0.125,27.983630952380953,7.232838854724183,0.0022716941916225007,0.029878319337376426,0.02242532520356487,3670/861,2
M3,GO:0045446,endothelial cell differentiation,4/84,124/18805,0.03225806451612903,7.221582181259601,4.65598815875756,0.0023139275292909716,0.030067118558317025,0.022567029423268957,1909/23493/3084/8829,4
M3,GO:0071887,leukocyte apoptotic process,4/84,124/18805,0.03225806451612903,7.221582181259601,4.65598815875756,0.0023139275292909716,0.030067118558317025,0.022567029423268957,301/840/22920/7474,4
M3,GO:0022612,gland morphogenesis,4/84,127/18805,0.031496062992125984,7.0509936257967745,4.583145163706779,0.0025234704797677545,0.0321971896675047,0.02416576517513224,8829/59277/6591/7474,4
M3,GO:1903707,negative regulation of hemopoiesis,4/84,127/18805,0.031496062992125984,7.0509936257967745,4.583145163706779,0.0025234704797677545,0.0321971896675047,0.02416576517513224,301/861/6591/4982,4
M3,GO:0048841,regulation of axon extension involved in axon guidance,2/84,17/18805,0.11764705882352941,26.337535014005603,7.0008180318885085,0.0025671357674942456,0.0321971896675047,0.02416576517513224,8829/7474,2
M3,GO:1902033,regulation of hematopoietic stem cell proliferation,2/84,17/18805,0.11764705882352941,26.337535014005603,7.0008180318885085,0.0025671357674942456,0.0321971896675047,0.02416576517513224,6591/7474,2
M3,GO:0010658,striated muscle cell apoptotic process,3/84,61/18805,0.04918032786885246,11.009953161592506,5.245248493471545,0.0025674161440940235,0.0321971896675047,0.02416576517513224,23493/22920/3084,3
M3,GO:0060038,cardiac muscle cell proliferation,3/84,61/18805,0.04918032786885246,11.009953161592506,5.245248493471545,0.0025674161440940235,0.0321971896675047,0.02416576517513224,23493/3084/861,3
M3,GO:0072089,stem cell proliferation,4/84,128/18805,0.03125,6.995907738095238,4.559388606304155,0.0025961215562662772,0.03236898379691538,0.02429470613652288,2122/861/6591/7474,4
M3,GO:0032731,positive regulation of interleukin-1 beta production,3/84,62/18805,0.04838709677419355,10.8323732718894,5.194394049633724,0.0026893361408732875,0.0333384945739292,0.02502237740268068,3428/3670/7474,3
M3,GO:0008016,regulation of heart contraction,5/84,214/18805,0.02336448598130841,5.230585224744103,4.169233341618554,0.0027145013997104716,0.033458168681002785,0.0251121994150659,1909/2258/23493/3670/5997,5
M3,GO:0010977,negative regulation of neuron projection development,4/84,131/18805,0.030534351145038167,6.83569611050527,4.489623075297348,0.0028226800736606203,0.033942368124044234,0.025475617780435802,2258/8829/80031/7474,4
M3,GO:0032612,interleukin-1 production,4/84,131/18805,0.030534351145038167,6.83569611050527,4.489623075297348,0.0028226800736606203,0.033942368124044234,0.025475617780435802,301/3428/3670/7474,4
M3,GO:0032652,regulation of interleukin-1 production,4/84,131/18805,0.030534351145038167,6.83569611050527,4.489623075297348,0.0028226800736606203,0.033942368124044234,0.025475617780435802,301/3428/3670/7474,4
M3,GO:0014706,striated muscle tissue development,7/84,423/18805,0.016548463356973995,3.704688731284476,3.7686979988583746,0.002837093313333604,0.033942368124044234,0.025475617780435802,1909/23493/3670/3084/5156/5997/861,7
M3,GO:0003128,heart field specification,2/84,18/18805,0.1111111111111111,24.874338624338623,6.7879576947140015,0.002879672399953683,0.033942368124044234,0.025475617780435802,3670/7474,2
M3,GO:0010002,cardioblast differentiation,2/84,18/18805,0.1111111111111111,24.874338624338623,6.7879576947140015,0.002879672399953683,0.033942368124044234,0.025475617780435802,3670/3084,2
M3,GO:0032148,activation of protein kinase B activity,2/84,18/18805,0.1111111111111111,24.874338624338623,6.7879576947140015,0.002879672399953683,0.033942368124044234,0.025475617780435802,3084/7474,2
M3,GO:0071371,cellular response to gonadotropin stimulus,2/84,18/18805,0.1111111111111111,24.874338624338623,6.7879576947140015,0.002879672399953683,0.033942368124044234,0.025475617780435802,1909/2492,2
M3,GO:0045216,cell-cell junction organization,5/84,222/18805,0.02252252252252252,5.042095667095667,4.0581248529611065,0.003177667203275629,0.036663768355391965,0.02751817862557297,187/1009/5010/6591/79987,5
M3,GO:0060977,coronary vasculature morphogenesis,2/84,19/18805,0.10526315789473684,23.56516290726817,6.591714020246947,0.0032091491619911563,0.036663768355391965,0.02751817862557297,23493/8829,2
M3,GO:0140131,positive regulation of lymphocyte chemotaxis,2/84,19/18805,0.10526315789473684,23.56516290726817,6.591714020246947,0.0032091491619911563,0.036663768355391965,0.02751817862557297,4739/7474,2
M3,GO:0045744,negative regulation of G protein-coupled receptor signaling pathway,3/84,66/18805,0.045454545454545456,10.1758658008658,5.002027304816975,0.0032125415944223835,0.036663768355391965,0.02751817862557297,187/6003/5997,3
M3,GO:1903317,regulation of protein maturation,3/84,66/18805,0.045454545454545456,10.1758658008658,5.002027304816975,0.0032125415944223835,0.036663768355391965,0.02751817862557297,861/6659/10418,3
M3,GO:1905330,regulation of morphogenesis of an epithelium,3/84,66/18805,0.045454545454545456,10.1758658008658,5.002027304816975,0.0032125415944223835,0.036663768355391965,0.02751817862557297,59277/6591/7474,3
M3,GO:0050866,negative regulation of cell activation,5/84,227/18805,0.022026431718061675,4.93103629116845,3.991358571266158,0.003494631092221135,0.039673259294320994,0.02977696742291471,301/145581/2615/5156/861,5
M3,GO:0035455,response to interferon-alpha,2/84,20/18805,0.1,22.386904761904763,6.409993310144014,0.003555412140881555,0.039735875584878316,0.02982396439965003,8519/4938,2
M3,GO:0043949,regulation of cAMP-mediated signaling,2/84,20/18805,0.1,22.386904761904763,6.409993310144014,0.003555412140881555,0.039735875584878316,0.02982396439965003,187/10846,2
M3,GO:0061298,retina vasculature development in camera-type eye,2/84,20/18805,0.1,22.386904761904763,6.409993310144014,0.003555412140881555,0.039735875584878316,0.02982396439965003,8829/5156,2
M3,GO:0007200,phospholipase C-activating G protein-coupled receptor signaling pathway,4/84,140/18805,0.02857142857142857,6.39625850340136,4.292823268821388,0.0035830160569784737,0.03983796719021942,0.029900589775544724,1240/1909/10888/7474,4
M3,GO:0035567,non-canonical Wnt signaling pathway,3/84,69/18805,0.043478260869565216,9.73343685300207,4.8682349911876335,0.0036431447939791486,0.040298786259553965,0.030246459881996927,22881/115908/7474,3
M3,GO:0071674,mononuclear cell migration,5/84,230/18805,0.021739130434782608,4.866718426501035,3.952230792043172,0.0036953924343425403,0.040668170820800306,0.030523703351336345,301/1240/1880/4739/7474,5
M3,GO:0060537,muscle tissue development,7/84,446/18805,0.01569506726457399,3.5136397608370706,3.5987045959469897,0.0037967538700417014,0.04122825018861103,0.030944073781852856,1909/23493/3670/3084/5156/5997/861,7
M3,GO:0043583,ear development,5/84,232/18805,0.021551724137931036,4.824763957307061,3.926520270854352,0.003833755950066546,0.04122825018861103,0.030944073781852856,168667/115908/1909/23493/7474,5
M3,GO:0050770,regulation of axonogenesis,4/84,143/18805,0.027972027972027972,6.262071262071262,4.231027948317877,0.003864564406840564,0.04122825018861103,0.030944073781852856,2258/8829/80031/7474,4
M3,GO:0032102,negative regulation of response to external stimulus,7/84,448/18805,0.015625,3.497953869047619,3.584452333632711,0.0038906046257805075,0.04122825018861103,0.030944073781852856,3428/3670/145581/8829/4938/5156/7474,7
M3,GO:0045926,negative regulation of growth,5/84,233/18805,0.02145922746781116,4.804056815859391,3.913775050959258,0.003904314812017695,0.04122825018861103,0.030944073781852856,2258/8829/5997/80031/7474,5
M3,GO:0048846,axon extension involved in axon guidance,2/84,21/18805,0.09523809523809523,21.320861678004537,6.241054425565778,0.003918308432390015,0.04122825018861103,0.030944073781852856,8829/7474,2
M3,GO:0060973,cell migration involved in heart development,2/84,21/18805,0.09523809523809523,21.320861678004537,6.241054425565778,0.003918308432390015,0.04122825018861103,0.030944073781852856,1909/6591,2
M3,GO:0070242,thymocyte apoptotic process,2/84,21/18805,0.09523809523809523,21.320861678004537,6.241054425565778,0.003918308432390015,0.04122825018861103,0.030944073781852856,22920/7474,2
M3,GO:1902284,neuron projection extension involved in neuron projection guidance,2/84,21/18805,0.09523809523809523,21.320861678004537,6.241054425565778,0.003918308432390015,0.04122825018861103,0.030944073781852856,8829/7474,2
M3,GO:0022409,positive regulation of cell-cell adhesion,6/84,337/18805,0.017804154302670624,3.985799067401441,3.7048091296037557,0.0039895755178725924,0.04157253329493324,0.031202477225975325,301/22920/5420/861/6659/7474,6
M3,GO:0060562,epithelial tube morphogenesis,6/84,337/18805,0.017804154302670624,3.985799067401441,3.7048091296037557,0.0039895755178725924,0.04157253329493324,0.031202477225975325,187/115908/1909/8829/5420/7474,6
M3,GO:0051960,regulation of nervous system development,7/84,454/18805,0.015418502202643172,3.451725403817915,3.542175937783346,0.004182790035162804,0.04337633704733735,0.03255633134656069,2258/23493/22920/8829/283659/80031/7474,7
M3,GO:0032835,glomerulus development,3/84,73/18805,0.0410958904109589,9.200097847358121,4.702065047437376,0.00426976382869585,0.04387081780952913,0.032927466408538074,1909/5156/5420,3
M3,GO:0060560,developmental growth involved in morphogenesis,5/84,238/18805,0.02100840336134454,4.7031312525010005,3.8511191702759024,0.0042711505516926825,0.04387081780952913,0.032927466408538074,1909/2258/8829/80031/7474,5
M3,GO:0003228,atrial cardiac muscle tissue development,2/84,22/18805,0.09090909090909091,20.3517316017316,6.083435892111423,0.0042976861350082435,0.04393416584461034,0.032975012599863705,1909/3670,2
M3,GO:0032732,positive regulation of interleukin-1 production,3/84,74/18805,0.04054054054054054,9.075772200772201,4.6625089724720565,0.004435979333221403,0.04513399727244607,0.03387555220702343,3428/3670/7474,3
M3,GO:0031290,retinal ganglion cell axon guidance,2/84,23/18805,0.08695652173913043,19.46687370600414,5.935900624745116,0.004693394344221227,0.047306783179837324,0.035506347768874805,3670/8829,2
M3,GO:0071305,cellular response to vitamin D,2/84,23/18805,0.08695652173913043,19.46687370600414,5.935900624745116,0.004693394344221227,0.047306783179837324,0.035506347768874805,5179/6591,2
M3,GO:0048525,negative regulation of viral process,3/84,76/18805,0.039473684210526314,8.836936090225564,4.58559873701634,0.0047800714085109025,0.04791827206098828,0.0359653038722397,3428/8519/4938,3
M3,GO:0030177,positive regulation of Wnt signaling pathway,4/84,152/18805,0.02631578947368421,5.891290726817043,4.055749922347961,0.004798491778012735,0.04791827206098828,0.0359653038722397,22881/6659/79718/7474,4
M4,GO:0050000,chromosome localization,8/85,123/18805,0.06504065040650407,14.389287422285989,10.038758305884617,8.412635358987445e-8,2.0240800673723794e-4,1.57714774466912e-4,983/1062/1063/55166/9787/81930/10403/7272,8
M4,GO:0098813,nuclear chromosome segregation,11/85,322/18805,0.034161490683229816,7.557727438801608,7.997913963832998,2.1613008163472233e-7,2.517677120105894e-4,1.9617548019900237e-4,259266/983/1062/1063/55166/9787/81930/64151/10403/7153/7272,11
M4,GO:0009798,axis specification,7/85,99/18805,0.0707070707070707,15.642899584076055,9.84319022930987,3.1909673741459967e-7,2.517677120105894e-4,1.9617548019900237e-4,1044/1045/80319/7855/6422/4087/6781,7
M4,GO:0051310,metaphase chromosome alignment,7/85,103/18805,0.06796116504854369,15.035408338092518,9.624569217800117,4.185664372578377e-7,2.517677120105894e-4,1.9617548019900237e-4,983/1062/1063/55166/81930/10403/7272,7
M4,GO:0051303,establishment of chromosome localization,7/85,115/18805,0.06086956521739131,13.466496163682864,9.03587759557096,8.861005322621414e-7,4.2639157612454247e-4,3.3224106272818397e-4,983/1062/1063/55166/81930/10403/7272,7
M4,GO:0000819,sister chromatid segregation,9/85,234/18805,0.038461538461538464,8.509049773755656,7.788555674277555,1.1108767136071714e-6,4.4546156215647574e-4,3.471002503393636e-4,983/1062/1063/9787/81930/64151/10403/7153/7272,9
M4,GO:0051383,kinetochore organization,4/85,21/18805,0.19047619047619047,42.14005602240896,12.710485755258249,2.193964810319101e-6,7.252134727957282e-4,5.650808045890501e-4,1062/1063/9787/10403,4
M4,GO:0000070,mitotic sister chromatid segregation,8/85,193/18805,0.04145077720207254,9.170374885705577,7.68786553087567,2.6083018529085136e-6,7.252134727957282e-4,5.650808045890501e-4,983/1062/1063/9787/81930/64151/10403/7272,8
M4,GO:0051983,regulation of chromosome segregation,7/85,137/18805,0.051094890510948905,11.303993130098755,8.156401763104938,2.871701519349311e-6,7.252134727957282e-4,5.650808045890501e-4,983/1062/1063/9787/64151/10403/7272,7
M4,GO:0048565,digestive tract development,7/85,138/18805,0.050724637681159424,11.222080136402388,8.121256412277836,3.0141873349780887e-6,7.252134727957282e-4,5.650808045890501e-4,1044/1045/7855/3398/3815/6422/4087,7
M4,GO:0007059,chromosome segregation,11/85,431/18805,0.025522041763341066,5.646376415995633,6.5755613074502595,3.7514816182191486e-6,0.00082055134303957015,6.393673456505553e-4,259266/983/1062/1063/55166/9787/81930/64151/10403/7153/7272,11
M4,GO:0055123,digestive system development,7/85,151/18805,0.046357615894039736,10.255940786910791,7.694930771320768,5.472999074381359e-6,0.0010973363144134625,8.550360834625615e-4,1044/1045/7855/3398/3815/6422/4087,7
M4,GO:0035282,segmentation,6/85,102/18805,0.058823529411764705,13.013840830449828,8.198001333303772,6.789961257099094e-6,0.0012566651372754169,9.7918388655008e-4,1044/1045/7855/5100/10512/6422,6
M4,GO:0048511,rhythmic process,9/85,303/18805,0.0297029702970297,6.5713453698311,6.588001952800774,9.157644655416374e-6,0.001441004291753494,0.0011228195492028583,9510/558/983/1545/3037/3363/3398/3400/7153,9
M4,GO:0033045,regulation of sister chromatid segregation,6/85,108/18805,0.05555555555555555,12.290849673202613,7.92928815889235,9.443060733525233e-6,0.001441004291753494,0.0011228195492028583,983/1062/1063/9787/10403/7272,6
M4,GO:0007080,mitotic metaphase chromosome alignment,5/85,63/18805,0.07936507936507936,17.558356676003733,8.870767632600929,9.582738432275937e-6,0.001441004291753494,0.0011228195492028583,983/1062/81930/10403/7272,5
M4,GO:0001756,somitogenesis,5/85,65/18805,0.07692307692307693,17.018099547511312,8.716949606590006,1.1181620829344561e-5,0.0015825282185531185,0.001233093913130815,1044/1045/5100/10512/6422,5
M4,GO:0048608,reproductive structure development,9/85,314/18805,0.028662420382165606,6.34113900337205,6.43132071385429,1.2177378063784725e-5,0.0016277095345258914,0.0012682988498012044,9510/259266/558/1545/3400/81930/3815/4254/6422,9
M4,GO:0061458,reproductive system development,9/85,318/18805,0.02830188679245283,6.2613762486126525,6.376191635325994,1.3468570865821698e-5,0.0017055463949035266,0.001328948737508501,9510/259266/558/1545/3400/81930/3815/4254/6422,9
M4,GO:0009880,embryonic pattern specification,5/85,77/18805,0.06493506493506493,14.3659281894576,7.91918425241791,2.563468127106906e-5,0.0029370020541996267,0.0022884895911666164,1044/1045/80319/7855/4087,5
M4,GO:1905818,regulation of chromosome separation,5/85,77/18805,0.06493506493506493,14.3659281894576,7.91918425241791,2.563468127106906e-5,0.0029370020541996267,0.0022884895911666164,1063/9787/64151/10403/7272,5
M4,GO:0009950,dorsal/ventral axis specification,3/85,14/18805,0.21428571428571427,47.40756302521008,11.704678701624918,3.129602687231838e-5,0.003357688767861143,0.0026162854685919832,80319/6422/4087,3
M4,GO:0000280,nuclear division,10/85,448/18805,0.022321428571428572,4.93828781512605,5.6849580813037495,3.3801855946696134e-5,0.003357688767861143,0.0026162854685919832,259266/983/1062/1063/9787/81930/64151/10403/7153/7272,10
M4,GO:0048762,mesenchymal cell differentiation,8/85,275/18805,0.02909090909090909,6.435935828877005,6.119058714481854,3.4349581179121124e-5,0.003357688767861143,0.0026162854685919832,2651/26585/3037/4254/10371/10512/6422/4087,8
M4,GO:0061053,somite development,5/85,83/18805,0.060240963855421686,13.327427356484762,7.584326828737665,3.687960295264224e-5,0.003357688767861143,0.0026162854685919832,1044/1045/5100/10512/6422,5
M4,GO:0034501,protein localization to kinetochore,3/85,15/18805,0.2,44.247058823529414,11.290689867989698,3.899232428932712e-5,0.003357688767861143,0.0026162854685919832,983/55166/7272,3
M4,GO:1903083,protein localization to condensed chromosome,3/85,15/18805,0.2,44.247058823529414,11.290689867989698,3.899232428932712e-5,0.003357688767861143,0.0026162854685919832,983/55166/7272,3
M4,GO:0051304,chromosome separation,5/85,84/18805,0.05952380952380952,13.168767507002801,7.531879737867998,3.9075347256904405e-5,0.003357688767861143,0.0026162854685919832,1063/9787/64151/10403/7272,5
M4,GO:0140014,mitotic nuclear division,8/85,282/18805,0.028368794326241134,6.276178556528994,6.015476537569871,4.104772343016227e-5,0.003405545605964497,0.0026535751516921597,983/1062/1063/9787/81930/64151/10403/7272,8
M4,GO:0007389,pattern specification process,10/85,476/18805,0.02100840336134454,4.6478002965892244,5.431837974704419,5.628183950732805e-5,0.004352941769224476,0.0033917790134264303,1044/1045/80319/7855/26585/5100/10512/6422/4087/6781,10
M4,GO:0007548,sex differentiation,8/85,296/18805,0.02702702702702703,5.979332273449921,5.818447870426075,5.7749008348172236e-5,0.004352941769224476,0.0033917790134264303,9510/259266/558/1545/81930/3815/4254/6422,8
M4,GO:0051382,kinetochore assembly,3/85,17/18805,0.17647058823529413,39.04152249134948,10.573620931548419,5.7894487371231593e-5,0.004352941769224476,0.0033917790134264303,1062/1063/9787,3
M4,GO:0009952,anterior/posterior pattern specification,7/85,219/18805,0.0319634703196347,7.071447757185065,6.089799796405573,6.0337250475167634e-5,0.004399134080098586,0.003427771709610002,1044/1045/7855/5100/10512/6422/4087,7
M4,GO:0030071,regulation of mitotic metaphase/anaphase transition,5/85,93/18805,0.053763440860215055,11.894370651486401,7.096842689910297,6.372142289380231e-5,0.0044274294020358275,0.003449819208568845,1062/1063/9787/10403/7272,5
M4,GO:0008584,male gonad development,6/85,152/18805,0.039473684210526314,8.732972136222909,6.450235276329385,6.53044473738976e-5,0.0044274294020358275,0.003449819208568845,259266/1545/81930/3815/4254/6422,6
M4,GO:0046546,development of primary male sexual characteristics,6/85,153/18805,0.0392156862745098,8.675893886966552,6.423824039013712,6.772631075179351e-5,0.0044274294020358275,0.003449819208568845,259266/1545/81930/3815/4254/6422,6
M4,GO:0051656,establishment of organelle localization,10/85,487/18805,0.02053388090349076,4.542819181060515,5.337723861266801,6.808598831060914e-5,0.0044274294020358275,0.003449819208568845,983/1062/1063/55166/81930/3815/10403/10125/6860/7272,10
M4,GO:1902099,regulation of metaphase/anaphase transition of cell cycle,5/85,96/18805,0.052083333333333336,11.522671568627452,6.964950054307745,7.415334727373067e-5,0.004695077724752526,0.00365836873946023,1062/1063/9787/10403/7272,5
M4,GO:0007091,metaphase/anaphase transition of mitotic cell cycle,5/85,97/18805,0.05154639175257732,11.4038811400849,6.922281087320868,7.790769770341005e-5,0.004806305658318066,0.003745036696620062,1062/1063/9787/10403/7272,5
M4,GO:0048285,organelle fission,10/85,498/18805,0.020080321285140562,4.442475785494921,5.246366625853829,8.193845956877155e-5,0.0048484768065671004,0.0037778961335678376,259266/983/1062/1063/9787/81930/64151/10403/7153/7272,10
M4,GO:0014911,positive regulation of smooth muscle cell migration,4/85,51/18805,0.0784313725490196,17.351787773933104,7.87925282341717,8.262159146685417e-5,0.0048484768065671004,0.0037778961335678376,9510/1545/3037/10631,4
M4,GO:0048705,skeletal system morphogenesis,7/85,233/18805,0.030042918454935622,6.6465539005301695,5.844047848484029,8.901876103315031e-5,0.0050388579324511735,0.003926239654239638,1044/26585/3037/6422/4087/6781/7020,7
M4,GO:0044784,metaphase/anaphase transition of cell cycle,5/85,100/18805,0.05,11.061764705882354,6.797934297632368,9.005440195153801e-5,0.0050388579324511735,0.003926239654239638,1062/1063/9787/10403/7272,5
M4,GO:0044344,cellular response to fibroblast growth factor stimulus,6/85,165/18805,0.03636363636363636,8.044919786096257,6.124585933696809,1.0279548640122493e-4,0.005621044097303345,0.0043798746717842495,558/960/9982/3815/10631/6422,6
M4,GO:0008406,gonad development,7/85,240/18805,0.029166666666666667,6.452696078431372,5.728634283114165,1.0705708035327448e-4,0.0057239852295550755,0.004460085616589049,9510/259266/1545/81930/3815/4254/6422,7
M4,GO:0033044,regulation of chromosome organization,7/85,244/18805,0.028688524590163935,6.346914175506268,5.664728541087857,1.1863300393804004e-4,0.00620502190162879,0.00483490572113614,983/1062/1063/9787/64151/10403/7272,7
M4,GO:0045137,development of primary sexual characteristics,7/85,245/18805,0.02857142857142857,6.321008403361343,5.648975132907316,1.21680551054612e-4,0.006229008634838222,0.004853596000633011,9510/259266/1545/81930/3815/4254/6422,7
M4,GO:0140694,membraneless organelle assembly,9/85,427/18805,0.02107728337236534,4.663038986086238,5.159267153221236,1.3216032837953847e-4,0.006544034510748921,0.0050990617594801725,259266/203228/1062/1063/9787/3936/10403/10529/10733,9
M4,GO:0071774,response to fibroblast growth factor,6/85,173/18805,0.03468208092485549,7.67290037402244,5.941411282878614,1.3327418579663224e-4,0.006544034510748921,0.0050990617594801725,558/960/9982/3815/10631/6422,6
M4,GO:0033047,regulation of mitotic sister chromatid segregation,4/85,58/18805,0.06896551724137931,15.257606490872211,7.327847000559141,1.3693920962915609e-4,0.006571883787046879,0.0051207617030802335,983/1063/10403/7272,4
M4,GO:0003002,regionalization,9/85,430/18805,0.020930232558139535,4.630506155950752,5.131796111274209,1.3930426980024555e-4,0.006571883787046879,0.0051207617030802335,1044/1045/80319/7855/26585/5100/10512/6422/4087,9
M4,GO:0046661,male sex differentiation,6/85,176/18805,0.03409090909090909,7.54211229946524,5.875721723668055,1.4639522041547112e-4,0.006715460257093005,0.0052326353930448625,259266/1545/81930/3815/4254/6422,6
M4,GO:0030198,extracellular matrix organization,8/85,339/18805,0.02359882005899705,5.220891896581641,5.28444430153454,1.4792992253779273e-4,0.006715460257093005,0.0052326353930448625,9510/857/1545/26585/3037/3936/4239/10631,8
M4,GO:0043062,extracellular structure organization,8/85,340/18805,0.023529411764705882,5.20553633217993,5.273122416771666,1.5094360799386278e-4,0.006725376311726553,0.005240361907155353,9510/857/1545/26585/3037/3936/4239/10631,8
M4,GO:0045229,external encapsulating structure organization,8/85,341/18805,0.02346041055718475,5.190270829739521,5.261844982109144,1.5400781279598615e-4,0.0067371417743116845,0.005249529465830648,9510/857/1545/26585/3037/3936/4239/10631,8
M4,GO:0060485,mesenchyme development,8/85,342/18805,0.023391812865497075,5.175094599243206,5.250611679419227,1.571231910608854e-4,0.006737222748397693,0.005249592560220629,2651/26585/3037/4254/10371/10512/6422/4087,8
M4,GO:0048863,stem cell differentiation,7/85,256/18805,0.02734375,6.049402573529412,5.4812724693728905,1.5961001523635433e-4,0.006737222748397693,0.005249592560220629,1045/26585/3815/4254/10371/10512/6422,7
M4,GO:0010965,regulation of mitotic sister chromatid separation,4/85,62/18805,0.06451612903225806,14.273244781783681,7.053993541281479,1.7759708217865596e-4,0.0073672168917559705,0.005740479189840041,1063/9787/10403/7272,4
M4,GO:0002065,columnar/cuboidal epithelial cell differentiation,5/85,116/18805,0.04310344827586207,9.536004056795132,6.214014142490097,1.8131249469248667e-4,0.007393862071696999,0.005761240910746098,857/1045/7855/10733/4087,5
M4,GO:0051306,mitotic sister chromatid separation,4/85,65/18805,0.06153846153846154,13.614479638009051,6.864720935946786,2.1333685992774902e-4,0.00824973230783999,0.0064281284684180005,1063/9787/10403/7272,4
M4,GO:1901990,regulation of mitotic cell cycle phase transition,8/85,358/18805,0.0223463687150838,4.943805455142951,5.076633189645244,2.1448486804236526e-4,0.00824973230783999,0.0064281284684180005,9510/983/1062/1063/9787/3398/10403/7272,8
M4,GO:0051315,attachment of mitotic spindle microtubules to kinetochore,3/85,26/18805,0.11538461538461539,25.52714932126697,8.4329432941612,2.1494971878326235e-4,0.00824973230783999,0.0064281284684180005,983/1062/10403,3
M4,GO:0044772,mitotic cell cycle phase transition,9/85,457/18805,0.019693654266958426,4.356931394001802,4.895396373975843,2.1944425091511197e-4,0.00824973230783999,0.0064281284684180005,9510/983/1062/1063/9787/3398/3400/10403/7272,9
M4,GO:0048568,embryonic organ development,9/85,457/18805,0.019693654266958426,4.356931394001802,4.895396373975843,2.1944425091511197e-4,0.00824973230783999,0.0064281284684180005,1045/1750/7855/3398/3815/4254/10733/4087/7020,9
M4,GO:0031589,cell-substrate adhesion,8/85,361/18805,0.0221606648199446,4.902721199283038,5.045163365953847,2.2695042534805266e-4,0.008400657282883304,0.006545728057406992,558/960/2651/26585/3037/10631/54453/6422,8
M4,GO:0060343,trabecula formation,3/85,27/18805,0.1111111111111111,24.581699346405227,8.262547604585167,2.4103071015881767e-4,0.00878666497942599,0.006846502309295921,9510/26585/6422,3
M4,GO:0046660,female sex differentiation,5/85,125/18805,0.04,8.849411764705883,5.933150221538997,2.568419567501342e-4,0.00922330967075855,0.0071867325211624365,9510/558/3815/4254/6422,5
M4,GO:0034508,centromere complex assembly,3/85,30/18805,0.1,22.123529411764707,7.8022309262928875,3.3130120980770554e-4,0.011722216335254993,0.009133861527361046,1062/1063/9787,3
M4,GO:0042698,ovulation cycle,4/85,75/18805,0.05333333333333334,11.799215686274511,6.31445132864181,3.7008108358522215e-4,0.012904566479797746,0.010055139738600774,9510/558/1545/3037,4
M4,GO:0045785,positive regulation of cell adhesion,9/85,499/18805,0.018036072144288578,3.9902157255687847,4.5618156084266035,4.1807523221727423e-4,0.014369842981639454,0.011196872008706248,857/960/2651/3037/4254/10125/54453/864/6422,9
M4,GO:0010810,regulation of cell-substrate adhesion,6/85,224/18805,0.026785714285714284,5.92594537815126,4.997591119637138,5.337209455862641e-4,0.018086374578599317,0.014092765071744054,2651/26585/3037/10631/54453/6422,6
M4,GO:0014706,striated muscle tissue development,8/85,423/18805,0.018912529550827423,4.184119037685996,4.463183677248328,6.509821500857217e-4,0.02175365351536453,0.016950280837758337,857/983/1063/26585/3398/10529/10512/6445,8
M4,GO:0001822,kidney development,7/85,325/18805,0.021538461538461538,4.765067873303168,4.613655562272161,6.726607519518528e-4,0.022170161221865176,0.017274820464689977,9510/1063/26585/3037/6422/4087/7020,7
M4,GO:0009953,dorsal/ventral pattern formation,4/85,90/18805,0.044444444444444446,9.832679738562092,5.659792178847536,7.3905410039171e-4,0.024029245480303437,0.01872340473396352,80319/26585/6422/4087,4
M4,GO:0001667,ameboidal-type cell migration,6/85,243/18805,0.024691358024691357,5.462599854756717,4.7180263438756915,8.170452390130203e-4,0.025528274316753446,0.019891436565663865,3037/3815/4254/3868/10371/10512,6
M4,GO:0072001,renal system development,7/85,336/18805,0.020833333333333332,4.60906862745098,4.49805488461365,8.178018131730733e-4,0.025528274316753446,0.019891436565663865,9510/1063/26585/3037/6422/4087/7020,7
M4,GO:0022409,positive regulation of cell-cell adhesion,7/85,337/18805,0.020771513353115726,4.5953918659451904,4.487793972860475,8.321359102681528e-4,0.025528274316753446,0.019891436565663865,857/960/2651/3037/4254/10125/864,7
M4,GO:0007143,female meiotic nuclear division,3/85,41/18805,0.07317073170731707,16.187948350071736,6.560092900955652,8.392524085664456e-4,0.025528274316753446,0.019891436565663865,10403/7153/7272,3
M4,GO:0071459,"protein localization to chromosome, centromeric region",3/85,41/18805,0.07317073170731707,16.187948350071736,6.560092900955652,8.392524085664456e-4,0.025528274316753446,0.019891436565663865,983/55166/7272,3
M4,GO:0014033,neural crest cell differentiation,4/85,94/18805,0.0425531914893617,9.414267834793492,5.510784411918117,8.700409368137085e-4,0.025528274316753446,0.019891436565663865,4254/10371/10512/6422,4
M4,GO:0014910,regulation of smooth muscle cell migration,4/85,94/18805,0.0425531914893617,9.414267834793492,5.510784411918117,8.700409368137085e-4,0.025528274316753446,0.019891436565663865,9510/1545/3037/10631,4
M4,GO:0033273,response to vitamin,4/85,94/18805,0.0425531914893617,9.414267834793492,5.510784411918117,8.700409368137085e-4,0.025528274316753446,0.019891436565663865,19/10631/6422/6781,4
M4,GO:0098917,retrograde trans-synaptic signaling,2/85,10/18805,0.2,44.247058823529414,9.217583360297871,8.874820837163646e-4,0.025726287872549075,0.02004572721748694,2171/6860,2
M4,GO:0000578,embryonic axis specification,3/85,42/18805,0.07142857142857142,15.80252100840336,6.471289873604392,9.008742114415436e-4,0.025803611342004214,0.020105977074904628,80319/7855/4087,3
M4,GO:0060537,muscle tissue development,8/85,446/18805,0.017937219730941704,3.9683460828277504,4.275029488736404,9.176593080781489e-4,0.025975156414541484,0.020239643686528582,857/983/1063/26585/3398/10529/10512/6445,8
M4,GO:0010720,positive regulation of cell development,8/85,447/18805,0.017897091722595078,3.959468351098829,4.267135567310036,9.309891755963611e-4,0.026046046005637733,0.02029488031501982,259266/558/3398/3400/3815/4254/10125/864,8
M4,GO:0007584,response to nutrient,5/85,169/18805,0.029585798816568046,6.545422902888966,4.879590027690586,0.0010151057240264212,0.02748264343681404,0.021414266072085488,19/1545/10631/6422/6781,5
M4,GO:1902850,microtubule cytoskeleton organization involved in mitosis,5/85,169/18805,0.029585798816568046,6.545422902888966,4.879590027690586,0.0010151057240264212,0.02748264343681404,0.021414266072085488,983/1062/9787/10403/7272,5
M4,GO:0010631,epithelial cell migration,4/85,98/18805,0.04081632653061224,9.03001200480192,5.370427044174668,0.0010166065111705941,0.02748264343681404,0.021414266072085488,3037/3815/4254/3868,4
M4,GO:0015747,urate transport,2/85,11/18805,0.18181818181818182,40.224598930481285,8.768532275367647,0.0010815167057319163,0.02810377478000407,0.021898246875437396,10257/9429,2
M4,GO:0060346,bone trabecula formation,2/85,11/18805,0.18181818181818182,40.224598930481285,8.768532275367647,0.0010815167057319163,0.02810377478000407,0.021898246875437396,26585/6422,2
M4,GO:0001503,ossification,8/85,458/18805,0.017467248908296942,3.864371949653224,4.18178097565019,0.0010881590157423933,0.02810377478000407,0.021898246875437396,26585/3400/864/6422/4087/6781/7020/1462,8
M4,GO:0060349,bone morphogenesis,4/85,100/18805,0.04,8.849411764705883,5.303223342157634,0.0010960353101629925,0.02810377478000407,0.021898246875437396,1044/3037/6781/7020,4
M4,GO:0007292,female gamete generation,5/85,172/18805,0.029069767441860465,6.4312585499316,4.821753127521174,0.0010979862133501175,0.02810377478000407,0.021898246875437396,9510/259266/10403/7153/7272,5
M4,GO:0051250,negative regulation of lymphocyte activation,5/85,173/18805,0.028901734104046242,6.394083645018702,4.802779546068094,0.0011266978808368274,0.02821070762640623,0.02198156813345124,558/3398/5320/864/6422,5
M4,GO:0014909,smooth muscle cell migration,4/85,101/18805,0.039603960396039604,8.761793826441467,5.270322660331157,0.0011373394180221963,0.02821070762640623,0.02198156813345124,9510/1545/3037/10631,4
M4,GO:0090132,epithelium migration,4/85,101/18805,0.039603960396039604,8.761793826441467,5.270322660331157,0.0011373394180221963,0.02821070762640623,0.02198156813345124,3037/3815/4254/3868,4
M4,GO:1901987,regulation of cell cycle phase transition,8/85,468/18805,0.017094017094017096,3.781799899446959,4.1064480503590035,0.0012488629194053998,0.03012126163921217,0.023470257242611398,9510/983/1062/1063/9787/3398/10403/7272,8
M4,GO:0030261,chromosome condensation,3/85,47/18805,0.06382978723404255,14.121401752190238,6.069005877497183,0.0012519227613970146,0.03012126163921217,0.023470257242611398,983/64151/7153,3
M4,GO:0030279,negative regulation of ossification,3/85,47/18805,0.06382978723404255,14.121401752190238,6.069005877497183,0.0012519227613970146,0.03012126163921217,0.023470257242611398,26585/6422/4087,3
M4,GO:0048548,regulation of pinocytosis,2/85,12/18805,0.16666666666666666,36.87254901960784,8.375996087016631,0.0012940121826812779,0.03082567635179361,0.024019131811937006,558/857,2
M4,GO:0061383,trabecula morphogenesis,3/85,48/18805,0.0625,13.827205882352942,5.995876195124137,0.0013310510492741325,0.031397145338760424,0.024464416086245923,9510/26585/6422,3
M4,GO:0008585,female gonad development,4/85,106/18805,0.03773584905660377,8.34850166481687,5.1123926364111725,0.0013603644106224683,0.03147150742266979,0.02452235845464186,9510/3815/4254/6422,4
M4,GO:0090130,tissue migration,4/85,106/18805,0.03773584905660377,8.34850166481687,5.1123926364111725,0.0013603644106224683,0.03147150742266979,0.02452235845464186,3037/3815/4254/3868,4
M4,GO:0007094,mitotic spindle assembly checkpoint signaling,3/85,49/18805,0.061224489795918366,13.54501800720288,5.924898010634767,0.0014132587320326235,0.03148426397472678,0.024532298262671563,1063/10403/7272,3
M4,GO:0048546,digestive tract morphogenesis,3/85,49/18805,0.061224489795918366,13.54501800720288,5.924898010634767,0.0014132587320326235,0.03148426397472678,0.024532298262671563,3398/6422/4087,3
M4,GO:0071173,spindle assembly checkpoint signaling,3/85,49/18805,0.061224489795918366,13.54501800720288,5.924898010634767,0.0014132587320326235,0.03148426397472678,0.024532298262671563,1063/10403/7272,3
M4,GO:0071174,mitotic spindle checkpoint signaling,3/85,49/18805,0.061224489795918366,13.54501800720288,5.924898010634767,0.0014132587320326235,0.03148426397472678,0.024532298262671563,1063/10403/7272,3
M4,GO:0031577,spindle checkpoint signaling,3/85,50/18805,0.06,13.274117647058823,5.85596417943806,0.0014985899135708694,0.032360453970236416,0.02521501882180122,1063/10403/7272,3
M4,GO:0090068,positive regulation of cell cycle process,6/85,274/18805,0.021897810218978103,4.844568484328038,4.319715221914322,0.0015137968583951668,0.032360453970236416,0.02521501882180122,9510/983/9787/64151/10403/10733,6
M4,GO:0021559,trigeminal nerve development,2/85,13/18805,0.15384615384615385,34.036199095022624,8.028915938404273,0.001524801618228704,0.032360453970236416,0.02521501882180122,10371/7020,2
M4,GO:0032823,regulation of natural killer cell differentiation,2/85,13/18805,0.15384615384615385,34.036199095022624,8.028915938404273,0.001524801618228704,0.032360453970236416,0.02521501882180122,558/10125,2
M4,GO:0070486,leukocyte aggregation,2/85,13/18805,0.15384615384615385,34.036199095022624,8.028915938404273,0.001524801618228704,0.032360453970236416,0.02521501882180122,960/3037,2
M4,GO:0046545,development of primary female sexual characteristics,4/85,110/18805,0.03636363636363636,8.044919786096257,4.993342113733337,0.0015594986339812677,0.032360453970236416,0.02521501882180122,9510/3815/4254/6422,4
M4,GO:0033046,negative regulation of sister chromatid segregation,3/85,51/18805,0.058823529411764705,13.013840830449828,5.788974917733881,0.0015870879337023676,0.032360453970236416,0.02521501882180122,1063/10403/7272,3
M4,GO:0033048,negative regulation of mitotic sister chromatid segregation,3/85,51/18805,0.058823529411764705,13.013840830449828,5.788974917733881,0.0015870879337023676,0.032360453970236416,0.02521501882180122,1063/10403/7272,3
M4,GO:0045841,negative regulation of mitotic metaphase/anaphase transition,3/85,51/18805,0.058823529411764705,13.013840830449828,5.788974917733881,0.0015870879337023676,0.032360453970236416,0.02521501882180122,1063/10403/7272,3
M4,GO:2000816,negative regulation of mitotic sister chromatid separation,3/85,51/18805,0.058823529411764705,13.013840830449828,5.788974917733881,0.0015870879337023676,0.032360453970236416,0.02521501882180122,1063/10403/7272,3
M4,GO:1901655,cellular response to ketone,4/85,111/18805,0.036036036036036036,7.97244303126656,4.964517051061544,0.001612285011904262,0.0323955976086492,0.02524240247670483,1545/54541/10631/6422,4
M4,GO:0050673,epithelial cell proliferation,8/85,488/18805,0.01639344262295082,3.626808100289296,3.961801819026319,0.0016270568676010175,0.0323955976086492,0.02524240247670483,857/1750/9982/3037/3398/3815/864/6422,8
M4,GO:0003018,vascular process in circulatory system,6/85,278/18805,0.02158273381294964,4.7748624629708,4.272702372828553,0.0016292050335189332,0.0323955976086492,0.02524240247670483,10257/9429/857/2171/3363/4922,6
M4,GO:0034116,positive regulation of heterotypic cell-cell adhesion,2/85,14/18805,0.14285714285714285,31.60504201680672,7.719047502275773,0.0017737192167880992,0.03381614351596764,0.026349281008854343,960/2651,2
M4,GO:0061430,bone trabecula morphogenesis,2/85,14/18805,0.14285714285714285,31.60504201680672,7.719047502275773,0.0017737192167880992,0.03381614351596764,0.026349281008854343,26585/6422,2
M4,GO:1902100,negative regulation of metaphase/anaphase transition of cell cycle,3/85,53/18805,0.05660377358490566,12.522752497225305,5.660464005741437,0.001773754071389378,0.03381614351596764,0.026349281008854343,1063/10403/7272,3
M4,GO:1905819,negative regulation of chromosome separation,3/85,53/18805,0.05660377358490566,12.522752497225305,5.660464005741437,0.001773754071389378,0.03381614351596764,0.026349281008854343,1063/10403/7272,3
M4,GO:0001837,epithelial to mesenchymal transition,5/85,192/18805,0.026041666666666668,5.761335784313726,4.468408795085125,0.0017849751564953825,0.03381614351596764,0.026349281008854343,2651/26585/3037/6422/4087,5
M4,GO:0048771,tissue remodeling,5/85,192/18805,0.026041666666666668,5.761335784313726,4.468408795085125,0.0017849751564953825,0.03381614351596764,0.026349281008854343,558/857/26585/10512/6422,5
M4,GO:0014812,muscle cell migration,4/85,115/18805,0.034782608695652174,7.695140664961637,4.8527245137218245,0.0018358925101905285,0.03412154772664698,0.026587249639566997,9510/1545/3037/10631,4
M4,GO:0010721,negative regulation of cell development,6/85,285/18805,0.021052631578947368,4.657585139318885,4.192548013920551,0.0018471633511748453,0.03412154772664698,0.026587249639566997,3398/3400/864/10371/6422/6860,6
M4,GO:1903039,positive regulation of leukocyte cell-cell adhesion,6/85,285/18805,0.021052631578947368,4.657585139318885,4.192548013920551,0.0018471633511748453,0.03412154772664698,0.026587249639566997,857/960/3037/4254/10125/864,6
M4,GO:0008608,attachment of spindle microtubules to kinetochore,3/85,54/18805,0.05555555555555555,12.290849673202613,5.598774167832926,0.0018720051121851214,0.03412154772664698,0.026587249639566997,983/1062/10403,3
M4,GO:0051985,negative regulation of chromosome segregation,3/85,54/18805,0.05555555555555555,12.290849673202613,5.598774167832926,0.0018720051121851214,0.03412154772664698,0.026587249639566997,1063/10403/7272,3
M4,GO:1902107,positive regulation of leukocyte differentiation,5/85,195/18805,0.02564102564102564,5.672699849170438,4.419708901607894,0.0019102097483584216,0.03429824369067434,0.02672492978653849,558/3398/4254/10125/864,5
M4,GO:1903708,positive regulation of hemopoiesis,5/85,195/18805,0.02564102564102564,5.672699849170438,4.419708901607894,0.0019102097483584216,0.03429824369067434,0.02672492978653849,558/3398/4254/10125/864,5
M4,GO:0140013,meiotic nuclear division,5/85,197/18805,0.025380710659898477,5.615108987757539,4.387800646877692,0.001997200478476994,0.034820455793454615,0.027131833472521627,259266/81930/10403/7153/7272,5
M4,GO:0033689,negative regulation of osteoblast proliferation,2/85,15/18805,0.13333333333333333,29.498039215686276,7.440101856246022,0.0020406002771725276,0.034820455793454615,0.027131833472521627,26585/6422,2
M4,GO:0044070,regulation of monoatomic anion transport,2/85,15/18805,0.13333333333333333,29.498039215686276,7.440101856246022,0.0020406002771725276,0.034820455793454615,0.027131833472521627,760/6781,2
M4,GO:0044849,estrous cycle,2/85,15/18805,0.13333333333333333,29.498039215686276,7.440101856246022,0.0020406002771725276,0.034820455793454615,0.027131833472521627,1545/3037,2
M4,GO:0090306,meiotic spindle assembly,2/85,15/18805,0.13333333333333333,29.498039215686276,7.440101856246022,0.0020406002771725276,0.034820455793454615,0.027131833472521627,259266/10403,2
M4,GO:0097531,mast cell migration,2/85,15/18805,0.13333333333333333,29.498039215686276,7.440101856246022,0.0020406002771725276,0.034820455793454615,0.027131833472521627,3815/4254,2
M4,GO:0099550,"trans-synaptic signaling, modulating synaptic transmission",2/85,15/18805,0.13333333333333333,29.498039215686276,7.440101856246022,0.0020406002771725276,0.034820455793454615,0.027131833472521627,869/6860,2
M4,GO:1903037,regulation of leukocyte cell-cell adhesion,7/85,395/18805,0.017721518987341773,3.9206254653760237,3.953021560264784,0.0020702370770497728,0.03507739723508277,0.027332040283362828,857/960/3037/4254/5320/10125/864,7
M4,GO:0032355,response to estradiol,4/85,120/18805,0.03333333333333333,7.374509803921569,4.720331802743455,0.0021445605252979117,0.036082605761306126,0.028115291097207076,1545/81930/10631/6422,4
M4,GO:0071385,cellular response to glucocorticoid stimulus,3/85,57/18805,0.05263157894736842,11.643962848297214,5.423066966646586,0.002186912209203082,0.036539658162101495,0.028471422840575213,1545/54541/6781,3
M4,GO:0007088,regulation of mitotic nuclear division,4/85,121/18805,0.03305785123966942,7.313563441905687,4.694766171750098,0.002210330243003361,0.03667623837700749,0.028577845101916414,1063/9787/10403/7272,4
M4,GO:0001755,neural crest cell migration,3/85,58/18805,0.05172413793103448,11.443204868154158,5.36739511770931,0.0022987289182707484,0.03788179299561247,0.02951720406229418,4254/10371/10512,3
M4,GO:0002695,negative regulation of leukocyte activation,5/85,204/18805,0.024509803921568627,5.422433679354095,4.279469426444671,0.002324599670318166,0.0380475292978606,0.02964634452443003,558/3398/5320/864/6422,5
M4,GO:0009948,anterior/posterior axis specification,3/85,59/18805,0.05084745762711865,11.24925224327019,5.313070063946314,0.0024140325237384697,0.0386381996044188,0.030106590320457576,1044/1045/7855,3
M4,GO:0045839,negative regulation of mitotic nuclear division,3/85,59/18805,0.05084745762711865,11.24925224327019,5.313070063946314,0.0024140325237384697,0.0386381996044188,0.030106590320457576,1063/10403/7272,3
M4,GO:0030510,regulation of BMP signaling pathway,4/85,124/18805,0.03225806451612903,7.136622390891841,4.619785853343963,0.0024159763319822063,0.0386381996044188,0.030106590320457576,857/26585/6422/4087,4
M4,GO:0007051,spindle organization,5/85,206/18805,0.024271844660194174,5.3697886921758995,4.249432268087773,0.002424924414076159,0.0386381996044188,0.030106590320457576,259266/1062/9787/10403/7272,5
M4,GO:0007623,circadian rhythm,5/85,207/18805,0.024154589371980676,5.343847684001136,4.234560102873077,0.002476252126243383,0.03911484010435298,0.030477984961216547,983/3363/3398/3400/7153,5
M4,GO:0001952,regulation of cell-matrix adhesion,4/85,125/18805,0.032,7.079529411764706,4.595345786094862,0.00248735267496509,0.03911484010435298,0.030477984961216547,26585/10631/54453/6422,4
M4,GO:0090497,mesenchymal cell migration,3/85,60/18805,0.05,11.061764705882354,5.2600360650253934,0.00253285980390165,0.03912622280572836,0.03048685427527769,4254/10371/10512,3
M4,GO:0010717,regulation of epithelial to mesenchymal transition,4/85,126/18805,0.031746031746031744,7.023342670401494,4.571173385580091,0.002560167061962805,0.03912622280572836,0.03048685427527769,2651/26585/6422/4087,4
M4,GO:0021783,preganglionic parasympathetic fiber development,2/85,17/18805,0.11764705882352941,26.027681660899656,6.956430798425479,0.002627599412798413,0.03912622280572836,0.03048685427527769,10371/7020,2
M4,GO:0035672,oligopeptide transmembrane transport,2/85,17/18805,0.11764705882352941,26.027681660899656,6.956430798425479,0.002627599412798413,0.03912622280572836,0.03048685427527769,10257/760,2
M4,GO:0044771,meiotic cell cycle phase transition,2/85,17/18805,0.11764705882352941,26.027681660899656,6.956430798425479,0.002627599412798413,0.03912622280572836,0.03048685427527769,10403/7272,2
M4,GO:0048532,anatomical structure arrangement,2/85,17/18805,0.11764705882352941,26.027681660899656,6.956430798425479,0.002627599412798413,0.03912622280572836,0.03048685427527769,10371/7020,2
M4,GO:0061548,ganglion development,2/85,17/18805,0.11764705882352941,26.027681660899656,6.956430798425479,0.002627599412798413,0.03912622280572836,0.03048685427527769,1545/10371,2
M4,GO:0090136,epithelial cell-cell adhesion,2/85,17/18805,0.11764705882352941,26.027681660899656,6.956430798425479,0.002627599412798413,0.03912622280572836,0.03048685427527769,1545/3815,2
M4,GO:0022612,gland morphogenesis,4/85,127/18805,0.031496062992125984,6.96804075961093,4.547263462743272,0.0026344339545004134,0.03912622280572836,0.03048685427527769,857/3400/10512/6422,4
M4,GO:0030278,regulation of ossification,4/85,128/18805,0.03125,6.913602941176471,4.52361096961859,0.002710167764963252,0.040004071426390085,0.031170867222470467,26585/6422/4087/7020,4
M4,GO:0035234,ectopic germ cell programmed cell death,2/85,18/18805,0.1111111111111111,24.581699346405227,6.744725742046357,0.002947393500980469,0.042719450381680776,0.03328666978596205,3815/4254,2
M4,GO:0046579,positive regulation of Ras protein signal transduction,2/85,18/18805,0.1111111111111111,24.581699346405227,6.744725742046357,0.002947393500980469,0.042719450381680776,0.03328666978596205,4254/10125,2
M4,GO:0046851,negative regulation of bone remodeling,2/85,18/18805,0.1111111111111111,24.581699346405227,6.744725742046357,0.002947393500980469,0.042719450381680776,0.03328666978596205,26585/6422,2
M4,GO:0071559,response to transforming growth factor beta,6/85,315/18805,0.01904761904761905,4.2140056022408965,3.876279752190502,0.003041093344275373,0.04359610492759399,0.03396975231922164,857/2651/10631/864/6422/4087,6
M4,GO:0045620,negative regulation of lymphocyte differentiation,3/85,64/18805,0.046875,10.370404411764707,5.059802943117151,0.0030441170523008276,0.04359610492759399,0.03396975231922164,3398/864/6422,3
M4,GO:0001666,response to hypoxia,6/85,316/18805,0.0189873417721519,4.200670141474311,3.8664233988360825,0.003088924225938174,0.04397604548880027,0.03426579910554898,857/54541/4512/10631/6422/6781,6
M4,GO:0060348,bone development,5/85,219/18805,0.0228310502283105,5.051034112275047,4.063279089072237,0.003155521776360279,0.04464697385849939,0.03478858137200307,1044/26585/3037/6781/7020,5
M4,GO:0051784,negative regulation of nuclear division,3/85,65/18805,0.046153846153846156,10.210859728506788,5.012492265303565,0.003181090287415653,0.04464697385849939,0.03478858137200307,1063/10403/7272,3
M4,GO:1903046,meiotic cell cycle process,5/85,220/18805,0.022727272727272728,5.028074866310161,4.049573197644995,0.003217619075905721,0.04464697385849939,0.03478858137200307,259266/81930/10403/7153/7272,5
M4,GO:0002244,hematopoietic progenitor cell differentiation,4/85,135/18805,0.02962962962962963,6.555119825708061,4.364854973558456,0.0032825778647706865,0.04464697385849939,0.03478858137200307,3815/4254/6422/7153,4
M4,GO:0007052,mitotic spindle organization,4/85,135/18805,0.02962962962962963,6.555119825708061,4.364854973558456,0.0032825778647706865,0.04464697385849939,0.03478858137200307,1062/9787/10403/7272,4
M4,GO:0048706,embryonic skeletal system development,4/85,135/18805,0.02962962962962963,6.555119825708061,4.364854973558456,0.0032825778647706865,0.04464697385849939,0.03478858137200307,1750/3231/4087/7020,4
M4,GO:0006857,oligopeptide transport,2/85,19/18805,0.10526315789473684,23.287925696594428,6.549542349193743,0.003284503064403322,0.04464697385849939,0.03478858137200307,10257/760,2
M4,GO:0048486,parasympathetic nervous system development,2/85,19/18805,0.10526315789473684,23.287925696594428,6.549542349193743,0.003284503064403322,0.04464697385849939,0.03478858137200307,10371/7020,2
M4,GO:0031100,animal organ regeneration,3/85,66/18805,0.045454545454545456,10.056149732620321,4.966197861022011,0.003321793502972064,0.04464935848128931,0.034790439451886195,558/983/3936,3
M4,GO:0071384,cellular response to corticosteroid stimulus,3/85,66/18805,0.045454545454545456,10.056149732620321,4.966197861022011,0.003321793502972064,0.04464935848128931,0.034790439451886195,1545/54541/6781,3
M4,GO:0030098,lymphocyte differentiation,7/85,432/18805,0.016203703703703703,3.584831154684096,3.6623991737172954,0.0034063006499069318,0.04553088535375599,0.03547731846482015,558/7855/3398/3815/10125/864/6422,7
M4,GO:0007159,leukocyte cell-cell adhesion,7/85,433/18805,0.016166281755196306,3.5765520988996067,3.654991069979693,0.003449818794496777,0.04557277897556726,0.035509961655285166,857/960/3037/4254/5320/10125/864,7
M4,GO:0007093,mitotic cell cycle checkpoint signaling,4/85,137/18805,0.029197080291970802,6.459424645770717,4.321553813562767,0.003460135433451331,0.04557277897556726,0.035509961655285166,983/1063/10403/7272,4
M4,GO:0070301,cellular response to hydrogen peroxide,3/85,67/18805,0.04477611940298507,9.906057945566285,4.920882129128173,0.003466258750011974,0.04557277897556726,0.035509961655285166,558/983/1545,3
M4,GO:0045619,regulation of lymphocyte differentiation,5/85,225/18805,0.022222222222222223,4.916339869281046,3.9822675969550563,0.003541411831458768,0.04605749657562052,0.03588764991082826,558/3398/10125/864/6422,5
M4,GO:1901654,response to ketone,5/85,225/18805,0.022222222222222223,4.916339869281046,3.9822675969550563,0.003541411831458768,0.04605749657562052,0.03588764991082826,857/1545/54541/10631/6422,5
M4,GO:0035019,somatic stem cell population maintenance,3/85,68/18805,0.04411764705882353,9.76038062283737,4.876509400731696,0.0036145174300024696,0.04656849832017988,0.036285818571221234,1045/3815/6422,3
M4,GO:0051546,keratinocyte migration,2/85,20/18805,0.1,22.123529411764707,6.368799015752527,0.0036387687797979295,0.04656849832017988,0.036285818571221234,3037/3868,2
M4,GO:0097254,renal tubular secretion,2/85,20/18805,0.1,22.123529411764707,6.368799015752527,0.0036387687797979295,0.04656849832017988,0.036285818571221234,9429/6781,2
M4,GO:0050866,negative regulation of cell activation,5/85,227/18805,0.022026431718061675,4.873024099507645,3.9559000539530844,0.003677269846748989,0.046812228842741097,0.03647573153472542,558/3398/5320/864/6422,5
M4,GO:0042886,amide transport,6/85,328/18805,0.018292682926829267,4.046987087517934,3.751228058136573,0.003707852927046951,0.04695312706565771,0.03658551835496189,19/10257/9429/760/6422/4087,6
M4,GO:0035567,non-canonical Wnt signaling pathway,3/85,69/18805,0.043478260869565216,9.618925831202045,4.833045813090945,0.0037666003011285845,0.04744733154196531,0.03697059871209705,11211/7855/6422,3
M4,GO:0036293,response to decreased oxygen levels,6/85,330/18805,0.01818181818181818,4.022459893048128,3.7325613521591965,0.0038193657718011403,0.04786142732788304,0.037293258988913544,857/54541/4512/10631/6422/6781,6
M4,GO:0060070,canonical Wnt signaling pathway,6/85,333/18805,0.018018018018018018,3.98622151563328,3.704834727829315,0.003991288707332611,0.04973266963112211,0.03875131671392942,259266/857/11211/7855/26585/6422,6
M4,GO:0038166,angiotensin-activated signaling pathway,2/85,21/18805,0.09523809523809523,21.07002801120448,6.200764651489436,0.004010032380896795,0.04973266963112211,0.03875131671392942,760/857,2
M5,GO:2000035,regulation of stem cell division,3/69,13/18805,0.23076923076923078,62.89297658862876,13.546832828788771,1.3170621668647652e-5,0.018125515698347534,0.01615041798620006,4300/4674/6423,3
M5,GO:0030901,midbrain development,5/69,93/18805,0.053763440860215055,14.652485585164406,8.009480055906801,2.3233867310326262e-5,0.018125515698347534,0.01615041798620006,2247/9118/5015/5354/6423,5
M5,GO:0048863,stem cell differentiation,7/69,256/18805,0.02734375,7.45216259057971,6.307776003433053,4.19579672324756e-5,0.018125515698347534,0.01615041798620006,1021/4072/9965/2247/4300/57556/6423,7
M5,GO:0007409,axonogenesis,9/69,459/18805,0.0196078431372549,5.343847684001137,5.717701311080409,4.3993970141620226e-5,0.018125515698347534,0.01615041798620006,214/999/9201/3676/4131/4747/4753/5015/57556,9
M5,GO:0050673,epithelial cell proliferation,9/69,488/18805,0.018442622950819672,5.02628296507484,5.468878307908438,7.053678711640313e-5,0.023248925033566473,0.020715540637343658,1021/1030/2247/3481/3488/3676/6423/6489/79805,9
M5,GO:0050678,regulation of epithelial cell proliferation,8/69,410/18805,0.01951219512195122,5.317780134323082,5.364308967265199,1.247264559972009e-4,0.03056558289564387,0.02723491833126163,1021/1030/2247/3481/3676/6423/6489/79805,8
M5,GO:1905564,positive regulation of vascular endothelial cell proliferation,3/69,27/18805,0.1111111111111111,30.281803542673106,9.23987859634624,1.2982953899848732e-4,0.03056558289564387,0.02723491833126163,2247/3481/3676,3
M5,GO:0060560,developmental growth involved in morphogenesis,6/69,238/18805,0.025210084033613446,6.870661308001462,5.531155437166032,2.3771101343732752e-4,0.042974578205603846,0.03829173262443623,214/999/9201/3676/4131/6423,6
M5,GO:0099170,postsynaptic modulation of chemical synaptic transmission,3/69,33/18805,0.09090909090909091,24.776021080368906,8.29568211962688,2.3838416753186922e-4,0.042974578205603846,0.03829173262443623,999/9118/4747,3
M5,GO:0017145,stem cell division,3/69,34/18805,0.08823529411764706,24.047314578005118,8.162577374921813,2.6076807163594564e-4,0.042974578205603846,0.03829173262443623,4300/4674/6423,3
M6,GO:0050714,positive regulation of protein secretion,4/22,150/18805,0.02666666666666667,22.793939393939397,9.171444115319074,2.5438464004401158e-5,0.01573921953484517,0.010516313164379565,2151/3479/94121/7099,4
M6,GO:0014911,positive regulation of smooth muscle cell migration,3/22,51/18805,0.058823529411764705,50.280748663101605,12.060613818424187,2.7906417614973707e-5,0.01573921953484517,0.010516313164379565,538/3479/7099,3
M6,GO:0003376,sphingosine-1-phosphate receptor signaling pathway,2/22,15/18805,0.13333333333333333,113.96969696969698,14.979529952078032,1.3592644405344492e-4,0.026948678656920137,0.0180060226935002,5294/1901,2
M6,GO:0042060,wound healing,5/22,450/18805,0.011111111111111112,9.497474747474747,6.244144251380555,1.443170713488614e-4,0.026948678656920137,0.0180060226935002,2151/3479/5294/94121/7099,5
M6,GO:0014910,regulation of smooth muscle cell migration,3/22,94/18805,0.031914893617021274,27.279980657640234,8.741670872052612,1.7386652724884702e-4,0.026948678656920137,0.0180060226935002,538/3479/7099,3
M6,GO:0090520,sphingolipid mediated signaling pathway,2/22,18/18805,0.1111111111111111,94.97474747474747,13.651258315281913,1.9764348831763075e-4,0.026948678656920137,0.0180060226935002,5294/1901,2
M6,GO:0051222,positive regulation of protein transport,4/22,257/18805,0.01556420233463035,13.303855677396534,6.796936753094111,2.0534986162721406e-4,0.026948678656920137,0.0180060226935002,2151/3479/94121/7099,4
M6,GO:0014909,smooth muscle cell migration,3/22,101/18805,0.0297029702970297,25.389288928892885,8.41097923936263,2.150160531137245e-4,0.026948678656920137,0.0180060226935002,538/3479/7099,3
M6,GO:0048661,positive regulation of smooth muscle cell proliferation,3/22,101/18805,0.0297029702970297,25.389288928892885,8.41097923936263,2.150160531137245e-4,0.026948678656920137,0.0180060226935002,3479/1901/7099,3
M6,GO:0050708,regulation of protein secretion,4/22,273/18805,0.014652014652014652,12.524142524142524,6.564214753829296,2.5862605241044927e-4,0.029173018711898677,0.019492237213250704,2151/3479/94121/7099,4
M6,GO:0014812,muscle cell migration,3/22,115/18805,0.02608695652173913,22.298418972332016,7.840533557189897,3.15202643124131e-4,0.03075050023619645,0.02054624689167288,538/3479/7099,3
M6,GO:1903532,positive regulation of secretion by cell,4/22,297/18805,0.013468013468013467,11.512090602999693,6.249446536357111,3.5629845278775885e-4,0.03075050023619645,0.02054624689167288,2151/3479/94121/7099,4
M6,GO:0046651,lymphocyte proliferation,4/22,300/18805,0.013333333333333334,11.396969696969698,6.212649365439184,3.701349109624389e-4,0.03075050023619645,0.02054624689167288,3479/4352/5294/7099,4
M6,GO:0036120,cellular response to platelet-derived growth factor stimulus,2/22,25/18805,0.08,68.38181818181819,11.537691390036617,3.8561849272127405e-4,0.03075050023619645,0.02054624689167288,538/7099,2
M6,GO:0032943,mononuclear cell proliferation,4/22,308/18805,0.012987012987012988,11.10094451003542,6.11703094728735,4.0891622654516555e-4,0.03075050023619645,0.02054624689167288,3479/4352/5294/7099,4
M6,GO:0036119,response to platelet-derived growth factor,2/22,27/18805,0.07407407407407407,63.31649831649831,11.089558050118494,4.505347409418768e-4,0.03171876861393127,0.02119320485962559,538/7099,2
M6,GO:0051047,positive regulation of secretion,4/22,321/18805,0.012461059190031152,10.65137354856981,5.968945913877955,4.780310872666946e-4,0.03171876861393127,0.02119320485962559,2151/3479/94121/7099,4
M6,GO:1904951,positive regulation of establishment of protein localization,4/22,331/18805,0.012084592145015106,10.32957978577314,5.860701371894172,5.366061780367107e-4,0.033286139346159246,0.022240458913633836,2151/3479/94121/7099,4
M6,GO:0030168,platelet activation,3/22,140/18805,0.02142857142857143,18.316558441558442,7.038264537824802,5.606707868590653e-4,0.033286139346159246,0.022240458913633836,2151/5294/7099,3
M6,GO:0070661,leukocyte proliferation,4/22,344/18805,0.011627906976744186,9.939217758985201,5.726708922865625,6.202052514216116e-4,0.034714588125207994,0.02319489090859362,3479/4352/5294/7099,4
M6,GO:0050671,positive regulation of lymphocyte proliferation,3/22,147/18805,0.02040816326530612,17.444341372912803,6.850094917299564,6.462822257352552e-4,0.034714588125207994,0.02319489090859362,3479/4352/7099,3
M6,GO:0032946,positive regulation of mononuclear cell proliferation,3/22,150/18805,0.02,17.095454545454547,6.773376726712634,6.853883956505613e-4,0.035141732286083326,0.02348029144908143,3479/4352/7099,3
M6,GO:0009306,protein secretion,4/22,372/18805,0.010752688172043012,9.191104594330401,5.460971529894665,8.311787364330894e-4,0.04025313838390759,0.026895527326313763,2151/3479/94121/7099,4
M6,GO:0035592,establishment of protein localization to extracellular region,4/22,375/18805,0.010666666666666666,9.117575757575757,5.434170982244377,8.564497528490975e-4,0.04025313838390759,0.026895527326313763,2151/3479/94121/7099,4
M6,GO:0071692,protein localization to extracellular region,4/22,383/18805,0.010443864229765013,8.92713031094232,5.3641507923860585,9.264995020006332e-4,0.04062000442263551,0.02714065245110771,2151/3479/94121/7099,4
M6,GO:0070665,positive regulation of leukocyte proliferation,3/22,168/18805,0.017857142857142856,15.263798701298699,6.355589251259871,9.519472949279154e-4,0.04062000442263551,0.02714065245110771,3479/4352/7099,3
M6,GO:0050878,regulation of body fluid levels,4/22,388/18805,0.010309278350515464,8.812089971883786,5.32142122586332,9.722873399035095e-4,0.04062000442263551,0.02714065245110771,538/2151/5294/7099,4
M6,GO:0048660,regulation of smooth muscle cell proliferation,3/22,174/18805,0.017241379310344827,14.737460815047022,6.230415213182595,0.0010534897112273066,0.04244058550944292,0.02835709147514103,3479/1901/7099,3
M6,GO:0048659,smooth muscle cell proliferation,3/22,178/18805,0.016853932584269662,14.406281920326863,6.150364773371682,0.0011248573884508632,0.04375307359215771,0.029234043198940764,3479/1901/7099,3
M6,GO:1904646,cellular response to amyloid-beta,2/22,46/18805,0.043478260869565216,37.16403162055336,8.404364833364202,0.0013107443381869556,0.049283987115829535,0.03292957705760913,3479/7099,2
M8,GO:2000095,"regulation of Wnt signaling pathway, planar cell polarity pathway",2/12,14/18805,0.14285714285714285,223.8690476190476,21.07931608614769,3.382545867658859e-5,0.008719972775882075,0.0050309509716027516,22943/84870,2
M8,GO:2000052,positive regulation of non-canonical Wnt signaling pathway,2/12,15/18805,0.13333333333333333,208.94444444444446,20.358569029589106,3.901553814712338e-5,0.008719972775882075,0.0050309509716027516,22943/84870,2
M8,GO:2000050,regulation of non-canonical Wnt signaling pathway,2/12,26/18805,0.07692307692307693,120.54487179487181,15.413422426206335,1.2029226848996258e-4,0.017923548005004425,0.010340914308786258,22943/84870,2
M8,GO:0060325,face morphogenesis,2/12,32/18805,0.0625,97.94270833333333,13.868867056172029,1.8319435830169858e-4,0.020471969540214817,0.011811215206293725,84159/22943,2
M8,GO:0060323,head morphogenesis,2/12,39/18805,0.05128205128205128,80.36324786324786,12.536709643671688,2.7300508384892834e-4,0.024406654496094193,0.014081314851155251,84159/22943,2
M8,GO:0060071,"Wnt signaling pathway, planar cell polarity pathway",2/12,47/18805,0.0425531914893617,66.68439716312056,11.392933672732466,3.9714252060666196e-4,0.028226927277233454,0.01628540488148404,22943/84870,2
M8,GO:0010171,body morphogenesis,2/12,52/18805,0.038461538461538464,60.272435897435905,10.815254861709835,4.8628888905310515e-4,0.028226927277233454,0.01628540488148404,84159/22943,2
M8,GO:0060324,face development,2/12,53/18805,0.03773584905660377,59.13522012578616,10.70954811327161,5.051799065276681e-4,0.028226927277233454,0.01628540488148404,84159/22943,2
M8,GO:0035567,non-canonical Wnt signaling pathway,2/12,69/18805,0.028985507246376812,45.42270531400967,9.3413317757986,8.551876274027591e-4,0.04247431882767037,0.02450537645773988,22943/84870,2
M8,GO:0051966,"regulation of synaptic transmission, glutamatergic",2/12,77/18805,0.025974025974025976,40.70346320346321,8.82156706505419,0.00106359447317625,0.04754267295097838,0.027429541676650657,22943/5021,2
