Cluster,ID,Description,GeneRatio,BgRatio,RichFactor,FoldEnrichment,zScore,pvalue,p.adjust,qvalue,geneID,Count
M0,GO:0010273,detoxification of copper ion,5/51,16/18805,0.3125,115.22671568627452,23.836314199968886,5.122383876950233e-10,4.794551308825418e-7,3.1435261055389326e-7,4493/4494/4495/4496/4502,5
M0,GO:1990169,stress response to copper ion,5/51,16/18805,0.3125,115.22671568627452,23.836314199968886,5.122383876950233e-10,4.794551308825418e-7,3.1435261055389326e-7,4493/4494/4495/4496/4502,5
M0,GO:0097501,stress response to metal ion,5/51,21/18805,0.23809523809523808,87.79178338001867,20.751881238370355,2.362115591245088e-9,1.2055361219346017e-6,7.904043624470005e-7,4493/4494/4495/4496/4502,5
M0,GO:0009636,response to toxic substance,10/51,272/18805,0.03676470588235294,13.556084198385237,10.877499248005417,2.5759318844756447e-9,1.2055361219346017e-6,7.904043624470005e-7,216/348/2353/2950/4493/4494/4495/4496/4502/4747,10
M0,GO:0061687,detoxification of inorganic compound,5/51,23/18805,0.21739130434782608,80.15771526001704,19.80840486457098,3.890073005899603e-9,1.4564433334088115e-6,9.549105526060922e-7,4493/4494/4495/4496/4502,5
M0,GO:0071294,cellular response to zinc ion,5/51,24/18805,0.20833333333333334,76.81781045751634,19.38120415404266,4.9037595635898635e-9,1.5299729838400374e-6,1.0031199387975053e-6,4493/4494/4495/4496/4502,5
M0,GO:0071280,cellular response to copper ion,5/51,25/18805,0.2,73.74509803921569,18.979693611991095,6.1172040654796164e-9,1.6359151443682632e-6,1.0725804421577795e-6,4493/4494/4495/4496/4502,5
M0,GO:0071276,cellular response to cadmium ion,5/51,26/18805,0.19230769230769232,70.90874811463047,18.601382429324133,7.55824248644431e-9,1.7686287418279684e-6,1.1595935183150087e-6,4493/4494/4495/4496/4502,5
M0,GO:0098754,detoxification,8/51,168/18805,0.047619047619047616,17.558356676003736,11.242091740917745,1.5766733096851705e-8,3.279480484145155e-6,2.1501767006934607e-6,216/348/2950/4493/4494/4495/4496/4502,8
M0,GO:0006882,intracellular zinc ion homeostasis,5/51,35/18805,0.14285714285714285,52.6750700280112,15.956815118477621,3.66220806318662e-8,6.855653494285352e-6,4.494878528079578e-6,4493/4494/4495/4496/4502,5
M0,GO:0046688,response to copper ion,5/51,37/18805,0.13513513513513514,49.827768945416004,15.503223175384079,4.89737567594888e-8,8.334442968523912e-6,5.464440227900856e-6,4493/4494/4495/4496/4502,5
M0,GO:0021537,telencephalon development,9/51,280/18805,0.03214285714285714,11.85189075630252,9.540443720915725,5.569057046964808e-8,8.6877289932651e-6,5.6960706287376905e-6,2018/2353/3280/3398/3400/3912/4747/57142/23224,9
M0,GO:0045926,negative regulation of growth,8/51,233/18805,0.034334763948497854,12.660102667676512,9.339298381440173,1.9821836398354713e-7,2.8543444413630788e-5,1.8714381571240158e-5,10370/1601/4493/4494/4495/4496/4502/57142,8
M0,GO:0046686,response to cadmium ion,5/51,50/18805,0.1,36.872549019607845,13.244999892866097,2.3181607957405928e-7,3.0997121497331355e-05,2.032312396867317e-5,4493/4494/4495/4496/4502,5
M0,GO:0010043,response to zinc ion,5/51,53/18805,0.09433962264150944,34.78542360340363,12.844191132211861,3.120601977250461e-7,3.8945112676085754e-5,2.5534188810344126e-5,4493/4494/4495/4496/4502,5
M0,GO:0071248,cellular response to metal ion,7/51,182/18805,0.038461538461538464,14.181749622926095,9.318525202548463,5.727479148296612e-7,6.701150603507037e-5,4.3935793992854285e-5,288/2353/4493/4494/4495/4496/4502,7
M0,GO:0021543,pallium development,7/51,194/18805,0.03608247422680412,13.304527996765714,8.983472085318684,8.801135733725572e-7,9.691603584431924e-5,6.354256511160383e-5,2018/2353/3400/3912/4747/57142/23224,7
M0,GO:0021987,cerebral cortex development,6/51,130/18805,0.046153846153846156,17.018099547511316,9.556868553903929,1.3564648647705195e-6,1.4107234593613402e-4,9.249345218259799e-5,2018/2353/3912/4747/57142/23224,6
M0,GO:0030900,forebrain development,9/51,413/18805,0.021791767554479417,8.03518017376442,7.538744498317732,1.4651291977297721e-6,1.4435378200790177e-4,9.464491105556313e-5,2018/2353/3280/3398/3400/3912/4747/57142/23224,9
M0,GO:0010038,response to metal ion,8/51,347/18805,0.023054755043227664,8.500875854664633,7.354406782845186,3.953889138076218e-6,3.622482559877516e-4,2.3750644763929283e-4,288/2244/2353/4493/4494/4495/4496/4502,8
M0,GO:2000651,positive regulation of sodium ion transmembrane transporter activity,3/51,12/18805,0.25,92.18137254901961,16.476385511424265,4.063682358836957e-6,3.622482559877516e-4,2.3750644763929283e-4,288/481/486,3
M0,GO:0032352,positive regulation of hormone metabolic process,3/51,15/18805,0.2,73.74509803921569,14.697694851555083,8.356291912148517e-6,7.110444754337284e-4,4.66193127730391e-4,1601/1958/7849,3
M0,GO:0001666,response to hypoxia,7/51,316/18805,0.022151898734177215,8.167969719533383,6.701102262730236,2.1739639985967226e-5,0.0017694176545100283,0.0011601107653838804,10449/10370/1803/1958/2353/57142/7009,7
M0,GO:1902307,positive regulation of sodium ion transmembrane transport,3/51,22/18805,0.13636363636363635,50.2807486631016,12.060613818424187,2.790641761497368e-5,0.0020701385468062214,0.0013572770724111867,288/481/486,3
M0,GO:0036293,response to decreased oxygen levels,7/51,330/18805,0.021212121212121213,7.821449792038028,6.519355846493093,2.8692498857878006e-5,0.0020701385468062214,0.0013572770724111867,10449/10370/1803/1958/2353/57142/7009,7
M0,GO:0021885,forebrain cell migration,4/51,65/18805,0.06153846153846154,22.69079939668175,9.135045112089799,2.875192426119752e-5,0.0020701385468062214,0.0013572770724111867,2018/3912/57142/23224,4
M0,GO:0043433,negative regulation of DNA-binding transcription factor activity,5/51,140/18805,0.03571428571428571,13.1687675070028,7.536329320021012,3.797398593537267e-5,0.0026328630248525046,0.0017262248577249331,307/3280/3397/3398/3399,5
M0,GO:0042063,gliogenesis,7/51,348/18805,0.020114942528735632,7.416892044173991,6.300819699050666,4.0233049528151666e-5,0.0026898667398821403,0.00176359908833928,1191/3280/3398/3400/3912/57142/23224,7
M0,GO:0042445,hormone metabolic process,6/51,240/18805,0.025,9.218137254901961,6.68182024283494,4.52219522691988e-5,0.002919154987860005,0.0019139309018470344,174/216/1601/1803/1958/7849,6
M0,GO:0070482,response to oxygen levels,7/51,358/18805,0.019553072625698324,7.209716288750137,6.1860532108474064,4.8140463366514974e-5,0.003003964914070534,0.0019695361503633845,10449/10370/1803/1958/2353/57142/7009,7
M0,GO:0021801,cerebral cortex radial glia-guided migration,3/51,28/18805,0.10714285714285714,39.5063025210084,10.633126595200112,5.868708040742384e-5,0.0034331942038342946,0.00225095841299527,3912/57142/23224,3
M0,GO:0022030,telencephalon glial cell migration,3/51,28/18805,0.10714285714285714,39.5063025210084,10.633126595200112,5.868708040742384e-5,0.0034331942038342946,0.00225095841299527,3912/57142/23224,3
M0,GO:0071456,cellular response to hypoxia,5/51,156/18805,0.03205128205128205,11.818124685771743,7.075379856519715,6.361576266025489e-5,0.003597191372042432,0.0023584824222905284,10449/10370/2353/57142/7009,5
M0,GO:1902430,negative regulation of amyloid-beta formation,3/51,29/18805,0.10344827586206896,38.14401622718053,10.43877590667769,6.533360397940315e-5,0.003597191372042432,0.0023584824222905284,348/1191/57142,3
M0,GO:0048844,artery morphogenesis,4/51,83/18805,0.04819277108433735,17.769903141979682,7.984665618008705,7.52841362424391e-5,0.004026625801309886,0.002640039183719819,348/10370/3280/57142,4
M0,GO:0036294,cellular response to decreased oxygen levels,5/51,163/18805,0.03067484662576687,11.310597858775411,6.894371038392347,7.832637903786888e-5,0.004050802131894952,0.0026558902866562714,10449/10370/2353/57142/7009,5
M0,GO:1902992,negative regulation of amyloid precursor protein catabolic process,3/51,31/18805,0.0967741935483871,35.6831119544592,10.07821807285319,8.006393102570149e-5,0.004050802131894952,0.0026558902866562714,348/1191/57142,3
M0,GO:0120254,olefinic compound metabolic process,5/51,165/18805,0.030303030303030304,11.173499702911467,6.844672109396149,8.297556860211042e-5,0.0040876385374513345,0.0026800419110820156,174/216/1601/1958/2950,5
M0,GO:2000649,regulation of sodium ion transmembrane transporter activity,3/51,32/18805,0.09375,34.568014705882355,9.910534080605602,8.817766000151409e-5,0.004232527680072676,0.0027750378289275422,288/481/486,3
M0,GO:0006694,steroid biosynthetic process,5/51,169/18805,0.029585798816568046,10.909038171481608,6.747793075930907,9.290982451510135e-5,0.004238194801905329,0.0027787534519914613,10449/348/1601/1958/3490,5
M0,GO:0050810,regulation of steroid biosynthetic process,4/51,88/18805,0.045454545454545456,16.760249554367203,7.727687643305138,9.458522510864067e-5,0.004238194801905329,0.0027787534519914613,348/1601/1958/3490,4
M0,GO:0141091,transforming growth factor beta receptor superfamily signaling pathway,7/51,399/18805,0.017543859649122806,6.468868249054007,5.7579442200719475,9.508770388890163e-5,0.004238194801905329,0.0027787534519914613,10370/1601/1958/2353/3280/3397/3725,7
M0,GO:0048710,regulation of astrocyte differentiation,3/51,34/18805,0.08823529411764706,32.53460207612457,9.597240151963138,1.0597613005079286e-4,0.004613658498955448,0.0030249245444118602,3280/3398/3400,3
M0,GO:0034249,negative regulation of amide metabolic process,3/51,35/18805,0.08571428571428572,31.605042016806724,9.450572527346406,1.1569005325897576e-4,0.004877760063133643,0.0031980815528642754,348/1191/57142,3
M0,GO:0001656,metanephros development,4/51,93/18805,0.043010752688172046,15.859160868648535,7.490984662066404,1.172538476714818e-4,0.004877760063133643,0.0031980815528642754,1958/3280/3399/7849,4
M0,GO:0071453,cellular response to oxygen levels,5/51,179/18805,0.027932960893854747,10.29959469821448,6.519195287744513,1.2176243479639403e-4,0.004955201694322818,0.003248855811729873,10449/10370/2353/57142/7009,5
M0,GO:0010765,positive regulation of sodium ion transport,3/51,36/18805,0.08333333333333333,30.727124183006534,9.309938970727757,1.2596635241563498e-4,0.005017213015363164,0.003289513256811431,288/481/486,3
M0,GO:0021799,cerebral cortex radially oriented cell migration,3/51,37/18805,0.08108108108108109,29.896661367249603,9.174930574869686,1.3681931314002275e-4,0.0053359532124608875,0.0034984938403786517,3912/57142/23224,3
M0,GO:0007178,cell surface receptor protein serine/threonine kinase signaling pathway,7/51,427/18805,0.01639344262295082,6.044680167148827,5.49872125336498,1.4480344876556208e-4,0.0054829678454899194,0.0035948833264964272,10370/1601/1958/2353/3280/3397/3725,7
M0,GO:0008207,C21-steroid hormone metabolic process,3/51,38/18805,0.07894736842105263,29.10990712074303,9.045176285076423,1.482631000054168e-4,0.0054829678454899194,0.0035948833264964272,174/1601/1958,3
M0,GO:0042982,amyloid precursor protein metabolic process,4/51,99/18805,0.04040404040404041,14.897999603881958,7.23007297445078,1.4937572655982154e-4,0.0054829678454899194,0.0035948833264964272,348/1191/9445/57142,4
M0,GO:0032350,regulation of hormone metabolic process,3/51,39/18805,0.07692307692307693,28.36349924585219,8.92033850687627,1.603117571646531e-4,0.005758195816295193,0.003775335313652831,1601/1958/7849,3
M0,GO:0048511,rhythmic process,6/51,303/18805,0.019801980198019802,7.30149485536789,5.766586560028668,1.6302584308955405e-4,0.005758195816295193,0.003775335313652831,174/1958/3397/3398/3399/3400,6
M0,GO:0072210,metanephric nephron development,3/51,41/18805,0.07317073170731707,26.979913916786227,8.684207210107804,1.8627926060884076e-4,0.006457681034439813,0.004233949666080084,1958/3280/7849,3
M0,GO:0048568,embryonic organ development,7/51,457/18805,0.015317286652078774,5.647874029261595,5.2454329098949,2.1967141425003388e-4,0.007476816135928426,0.004902141033790231,10370/3280/3398/3399/4646/7849/10653,7
M0,GO:0019218,regulation of steroid metabolic process,4/51,112/18805,0.03571428571428571,13.1687675070028,6.735647570709924,2.4014931933378234e-4,0.008027848674872154,0.005263423051563725,348/1601/1958/3490,4
M0,GO:1901016,regulation of potassium ion transmembrane transporter activity,3/51,45/18805,0.06666666666666667,24.58169934640523,8.259013792631864,2.4607743231288144e-4,0.008081700934907265,0.005298731044816617,288/481/486,3
M0,GO:0051090,regulation of DNA-binding transcription factor activity,6/51,332/18805,0.018072289156626505,6.663713678242381,5.4295629196062025,2.669696169311408e-4,0.008616674532674062,0.0056494840896862105,307/1191/3280/3397/3398/3399,6
M0,GO:0060840,artery development,4/51,116/18805,0.034482758620689655,12.714672075726842,6.5997783788185345,2.746620524324799e-4,0.008714701053450888,0.005713754739273356,348/10370/3280/57142,4
M0,GO:0008202,steroid metabolic process,6/51,335/18805,0.01791044776119403,6.6040386303775245,5.39701132795139,2.8015869112525904e-4,0.008736018349575415,0.005727731329062604,10449/174/348/1601/1958/3490,6
M0,GO:0072001,renal system development,6/51,336/18805,0.017857142857142856,6.5843837535014,5.386249371981616,2.8466726459620747e-4,0.008736018349575415,0.005727731329062604,1958/2018/4072/3280/3399/7849,6
M0,GO:0021795,cerebral cortex cell migration,3/51,49/18805,0.061224489795918366,22.5750300120048,7.885742470809226,3.170710473192574e-4,0.009421539691772219,0.006177190328726051,3912/57142/23224,3
M0,GO:1902003,regulation of amyloid-beta formation,3/51,49/18805,0.061224489795918366,22.5750300120048,7.885742470809226,3.170710473192574e-4,0.009421539691772219,0.006177190328726051,348/1191/57142,3
M0,GO:1902305,regulation of sodium ion transmembrane transport,3/51,51/18805,0.058823529411764705,21.68973471741638,7.715362003228848,3.570259241265241e-4,0.010443008280700829,0.006846911637031695,288/481/486,3
M0,GO:0045785,positive regulation of cell adhesion,7/51,499/18805,0.014028056112224449,5.172501866478054,4.9262147119342226,3.742611470931853e-4,0.010593621134135537,0.006945660280253058,288/10370/1601/1803/2244/3280/3912,7
M0,GO:0010248,establishment or maintenance of transmembrane electrochemical gradient,2/51,11/18805,0.18181818181818182,67.04099821746881,11.425194807916588,3.9047000975179065e-4,0.010593621134135537,0.006945660280253058,481/486,2
M0,GO:0072173,metanephric tubule morphogenesis,2/51,11/18805,0.18181818181818182,67.04099821746881,11.425194807916588,3.9047000975179065e-4,0.010593621134135537,0.006945660280253058,3280/7849,2
M0,GO:1903276,regulation of sodium ion export across plasma membrane,2/51,11/18805,0.18181818181818182,67.04099821746881,11.425194807916588,3.9047000975179065e-4,0.010593621134135537,0.006945660280253058,481/486,2
M0,GO:1903278,positive regulation of sodium ion export across plasma membrane,2/51,11/18805,0.18181818181818182,67.04099821746881,11.425194807916588,3.9047000975179065e-4,0.010593621134135537,0.006945660280253058,481/486,2
M0,GO:0010977,negative regulation of neuron projection development,4/51,131/18805,0.030534351145038167,11.258793593773387,6.144358058508293,4.362127186035377e-4,0.01166557441751175,0.0076484816525071424,348/1601/3280/57142,4
M0,GO:0017038,protein import,2/51,12/18805,0.16666666666666666,61.45424836601307,10.924023997843754,4.6775127523038143e-4,0.012238771164523283,0.008024295534094776,348/1191,2
M0,GO:1902895,positive regulation of miRNA transcription,3/51,56/18805,0.05357142857142857,19.7531512605042,7.328961985076681,4.7072196786628013e-4,0.012238771164523283,0.008024295534094776,1958/2353/3725,3
M0,GO:0034205,amyloid-beta formation,3/51,57/18805,0.05263157894736842,19.40660474716202,7.257664622145196,4.959262373310185e-4,0.012487299251606609,0.008187241861995787,348/1191/57142,3
M0,GO:1902991,regulation of amyloid precursor protein catabolic process,3/51,57/18805,0.05263157894736842,19.40660474716202,7.257664622145196,4.959262373310185e-4,0.012487299251606609,0.008187241861995787,348/1191/57142,3
M0,GO:2001234,negative regulation of apoptotic signaling pathway,5/51,243/18805,0.0205761316872428,7.586944242717664,5.389369910757414,5.002924379650084e-4,0.012487299251606609,0.008187241861995787,10449/1191/2244/2950/7009,5
M0,GO:0048711,positive regulation of astrocyte differentiation,2/51,13/18805,0.15384615384615385,56.72699849170438,10.481274133235436,5.518382925509914e-4,0.013592648469150734,0.008911959129009087,3280/3398,2
M0,GO:0033002,muscle cell proliferation,5/51,251/18805,0.0199203187250996,7.345129286774471,5.277421884544531,5.795295383629441e-4,0.014089341504096511,0.009237613694206327,348/10370/2353/3398/3725,5
M0,GO:0007179,transforming growth factor beta receptor signaling pathway,5/51,252/18805,0.01984126984126984,7.315981948334889,5.263775176560311,5.900603999583666e-4,0.014161449599000796,0.00928489104387929,10370/1601/2353/3397/3725,5
M0,GO:0022029,telencephalon cell migration,3/51,62/18805,0.04838709677419355,17.8415559772296,6.926626319144557,6.349258716646433e-4,0.014672257354434438,0.009619799862387852,3912/57142/23224,3
M0,GO:0032536,regulation of cell projection size,2/51,14/18805,0.14285714285714285,52.6750700280112,10.086335243354618,6.426950336878333e-4,0.014672257354434438,0.009619799862387852,7430/4747,2
M0,GO:0048715,negative regulation of oligodendrocyte differentiation,2/51,14/18805,0.14285714285714285,52.6750700280112,10.086335243354618,6.426950336878333e-4,0.014672257354434438,0.009619799862387852,3280/3400,2
M0,GO:1905907,negative regulation of amyloid fibril formation,2/51,14/18805,0.14285714285714285,52.6750700280112,10.086335243354618,6.426950336878333e-4,0.014672257354434438,0.009619799862387852,348/1191,2
M0,GO:0008347,glial cell migration,3/51,63/18805,0.047619047619047616,17.558356676003736,6.865035616196641,6.654022951838426e-4,0.015007627669688594,0.009839683908489036,3912/57142/23224,3
M0,GO:0030007,intracellular potassium ion homeostasis,2/51,15/18805,0.13333333333333333,49.16339869281046,9.731115306478832,7.402856093456308e-4,0.015570951243764281,0.010209024488432947,481/486,2
M0,GO:0051412,response to corticosterone,2/51,15/18805,0.13333333333333333,49.16339869281046,9.731115306478832,7.402856093456308e-4,0.015570951243764281,0.010209024488432947,2353/4747,2
M0,GO:0061307,cardiac neural crest cell differentiation involved in heart development,2/51,15/18805,0.13333333333333333,49.16339869281046,9.731115306478832,7.402856093456308e-4,0.015570951243764281,0.010209024488432947,10370/3280,2
M0,GO:0061308,cardiac neural crest cell development involved in heart development,2/51,15/18805,0.13333333333333333,49.16339869281046,9.731115306478832,7.402856093456308e-4,0.015570951243764281,0.010209024488432947,10370/3280,2
M0,GO:2001138,regulation of phospholipid transport,2/51,15/18805,0.13333333333333333,49.16339869281046,9.731115306478832,7.402856093456308e-4,0.015570951243764281,0.010209024488432947,348/1622,2
M0,GO:2001140,positive regulation of phospholipid transport,2/51,15/18805,0.13333333333333333,49.16339869281046,9.731115306478832,7.402856093456308e-4,0.015570951243764281,0.010209024488432947,348/1622,2
M0,GO:2000630,positive regulation of miRNA metabolic process,3/51,67/18805,0.04477611940298507,16.51009657594381,6.6321377739969005,7.966048615418302e-4,0.01656938112007007,0.01086364056792718,1958/2353/3725,3
M0,GO:0032414,positive regulation of ion transmembrane transporter activity,3/51,68/18805,0.04411764705882353,16.267301038062286,6.577031932821407,8.317845624526169e-4,0.01711099671331098,0.011218748407400246,288/481/486,3
M0,GO:0048645,animal organ formation,3/51,69/18805,0.043478260869565216,16.03154305200341,6.52308330778368,8.679374614014411e-4,0.017660640518951064,0.011579119908399087,10370/3280/7849,3
M0,GO:0061351,neural precursor cell proliferation,4/51,160/18805,0.025,9.218137254901961,5.443966465214022,9.240540500664254e-4,0.01825248515199017,0.011967160192994005,2018/3398/3400/10653,4
M0,GO:0042987,amyloid precursor protein catabolic process,3/51,71/18805,0.04225352112676056,15.579950289975145,6.41849508757491,9.432051821057529e-4,0.01825248515199017,0.011967160192994005,348/1191/57142,3
M0,GO:0050435,amyloid-beta metabolic process,3/51,71/18805,0.04225352112676056,15.579950289975145,6.41849508757491,9.432051821057529e-4,0.01825248515199017,0.011967160192994005,348/1191/57142,3
M0,GO:0006898,receptor-mediated endocytosis,5/51,280/18805,0.017857142857142856,6.5843837535014,4.9095130159999005,9.478061968855717e-4,0.01825248515199017,0.011967160192994005,348/1191/1601/1803/7430,5
M0,GO:0035641,locomotory exploration behavior,2/51,17/18805,0.11764705882352941,43.37946943483276,9.115971394426015,9.555253979140153e-4,0.01825248515199017,0.011967160192994005,348/1803,2
M0,GO:0042448,progesterone metabolic process,2/51,17/18805,0.11764705882352941,43.37946943483276,9.115971394426015,9.555253979140153e-4,0.01825248515199017,0.011967160192994005,174/1958,2
M0,GO:0051962,positive regulation of nervous system development,5/51,285/18805,0.017543859649122806,6.468868249054007,4.851350506094178,0.0010256951892274365,0.0193949635781188,0.012716221059427869,23767/3280/3398/3400/4747,5
M0,GO:0045475,locomotor rhythm,2/51,18/18805,0.1111111111111111,40.96949891067538,8.84707057958289,0.001073103521719295,0.0198896019075101,0.013040528466125044,1958/3398,2
M0,GO:1901018,positive regulation of potassium ion transmembrane transporter activity,2/51,18/18805,0.1111111111111111,40.96949891067538,8.84707057958289,0.001073103521719295,0.0198896019075101,0.013040528466125044,481/486,2
M0,GO:0003281,ventricular septum development,3/51,75/18805,0.04,14.749019607843138,6.2215232409710595,0.0011058789495193117,0.02009908149029273,0.013177872816959812,10370/3280/7849,3
M0,GO:0032411,positive regulation of transporter activity,3/51,75/18805,0.04,14.749019607843138,6.2215232409710595,0.0011058789495193117,0.02009908149029273,0.013177872816959812,288/481/486,3
M0,GO:1902893,regulation of miRNA transcription,3/51,76/18805,0.039473684210526314,14.554953560371516,6.174627869519987,0.0011491355891379553,0.020562345131299783,0.013481609549648868,1958/2353/3725,3
M0,GO:0043409,negative regulation of MAPK cascade,4/51,171/18805,0.023391812865497075,8.625157665405343,5.223445780899948,0.0011824093718000252,0.020562345131299783,0.013481609549648868,348/1601/7430/2950,4
M0,GO:0061614,miRNA transcription,3/51,77/18805,0.03896103896103896,14.365928189457602,6.128610757909398,0.0011934474697151256,0.020562345131299783,0.013481609549648868,1958/2353/3725,3
M0,GO:0090083,regulation of inclusion body assembly,2/51,19/18805,0.10526315789473684,38.81320949432404,8.599366045060282,0.001197273300914357,0.020562345131299783,0.013481609549648868,348/1191,2
M0,GO:1905906,regulation of amyloid fibril formation,2/51,19/18805,0.10526315789473684,38.81320949432404,8.599366045060282,0.001197273300914357,0.020562345131299783,0.013481609549648868,348/1191,2
M0,GO:2000641,regulation of early endosome to late endosome transport,2/51,19/18805,0.10526315789473684,38.81320949432404,8.599366045060282,0.001197273300914357,0.020562345131299783,0.013481609549648868,1601/7430,2
M0,GO:0070372,regulation of ERK1 and ERK2 cascade,5/51,296/18805,0.016891891891891893,6.2284711181770005,4.728161960386161,0.0012137344821436078,0.020655554096116673,0.013542721590233939,348/1601/7430/2244/2950,5
M0,GO:0070373,negative regulation of ERK1 and ERK2 cascade,3/51,78/18805,0.038461538461538464,14.181749622926095,6.0834439058432785,0.001238824400191405,0.020892606100525315,0.01369814367589548,1601/7430/2950,3
M0,GO:0048562,embryonic organ morphogenesis,5/51,302/18805,0.016556291390728478,6.104726658875471,4.663566162869627,0.0013264896299775512,0.021144274266831263,0.013863148782684015,10370/3280/3398/4646/7849,5
M0,GO:0043691,reverse cholesterol transport,2/51,20/18805,0.1,36.872549019607845,8.370181768667718,0.0013279995329274993,0.021144274266831263,0.013863148782684015,348/1191,2
M0,GO:1900221,regulation of amyloid-beta clearance,2/51,20/18805,0.1,36.872549019607845,8.370181768667718,0.0013279995329274993,0.021144274266831263,0.013863148782684015,348/1191,2
M0,GO:0048732,gland development,6/51,451/18805,0.013303769401330377,4.905438893961132,4.377800915858326,0.0013298929602653718,0.021144274266831263,0.013863148782684015,10370/3280/3398/3400/7849/57142,6
M0,GO:0002028,regulation of sodium ion transport,3/51,80/18805,0.0375,13.827205882352942,5.995555108743149,0.0013328121599818852,0.021144274266831263,0.013863148782684015,288/481/486,3
M0,GO:0035914,skeletal muscle cell differentiation,3/51,80/18805,0.0375,13.827205882352942,5.995555108743149,0.0013328121599818852,0.021144274266831263,0.013863148782684015,10370/1958/2353,3
M0,GO:0045685,regulation of glial cell differentiation,3/51,80/18805,0.0375,13.827205882352942,5.995555108743149,0.0013328121599818852,0.021144274266831263,0.013863148782684015,3280/3398/3400,3
M0,GO:0051960,regulation of nervous system development,6/51,454/18805,0.013215859030837005,4.873024099507645,4.356237122663685,0.001375672363995386,0.021640829121003045,0.014188712750275279,23767/3280/3398/3400/4747/57142,6
M0,GO:0071560,cellular response to transforming growth factor beta stimulus,5/51,308/18805,0.016233766233766232,5.985803412274,4.600691514493797,0.001446824864804637,0.02248313661445663,0.014740967888245858,10370/1601/2353/3397/3725,5
M0,GO:0006700,C21-steroid hormone biosynthetic process,2/51,21/18805,0.09523809523809523,35.11671335200747,8.157292731553397,0.0014652471511558275,0.02248313661445663,0.014740967888245858,1601/1958,2
M0,GO:0010566,regulation of ketone biosynthetic process,2/51,21/18805,0.09523809523809523,35.11671335200747,8.157292731553397,0.0014652471511558275,0.02248313661445663,0.014740967888245858,1601/1958,2
M0,GO:0071559,response to transforming growth factor beta,5/51,315/18805,0.015873015873015872,5.852785558667912,4.529405210383162,0.0015972070008129448,0.023716636632146137,0.015549706653780023,10370/1601/2353/3397/3725,5
M0,GO:0006883,intracellular sodium ion homeostasis,2/51,22/18805,0.09090909090909091,33.520499108734406,7.958831624376716,0.0016089812245099141,0.023716636632146137,0.015549706653780023,481/486,2
M0,GO:0036376,sodium ion export across plasma membrane,2/51,22/18805,0.09090909090909091,33.520499108734406,7.958831624376716,0.0016089812245099141,0.023716636632146137,0.015549706653780023,481/486,2
M0,GO:0072234,metanephric nephron tubule development,2/51,22/18805,0.09090909090909091,33.520499108734406,7.958831624376716,0.0016089812245099141,0.023716636632146137,0.015549706653780023,3280/7849,2
M0,GO:1902004,positive regulation of amyloid-beta formation,2/51,22/18805,0.09090909090909091,33.520499108734406,7.958831624376716,0.0016089812245099141,0.023716636632146137,0.015549706653780023,348/1191,2
M0,GO:0034248,regulation of amide metabolic process,3/51,86/18805,0.03488372093023256,12.8625170998632,5.7497373764846325,0.0016413268036865785,0.02400440450391621,0.01573838037087624,348/1191/57142,3
M0,GO:0031345,negative regulation of cell projection organization,4/51,188/18805,0.02127659574468085,7.845223195661243,4.91897870066811,0.0016754992834577122,0.024062499132483317,0.01577646985406857,348/1601/3280/57142,4
M0,GO:0070371,ERK1 and ERK2 cascade,5/51,319/18805,0.01567398119122257,5.7793963980576555,4.489626084522822,0.0016881496678382204,0.024062499132483317,0.01577646985406857,348/1601/7430/2244/2950,5
M0,GO:0001892,embryonic placenta development,3/51,87/18805,0.034482758620689655,12.714672075726842,5.711146417465987,0.0016967146824186955,0.024062499132483317,0.01577646985406857,10370/3280/10653,3
M0,GO:1901379,regulation of potassium ion transmembrane transport,3/51,87/18805,0.034482758620689655,12.714672075726842,5.711146417465987,0.0016967146824186955,0.024062499132483317,0.01577646985406857,288/481/486,3
M0,GO:0032370,positive regulation of lipid transport,3/51,88/18805,0.03409090909090909,12.5701871657754,5.6731837959326175,0.0017532604279708148,0.0242144157605058,0.015876073311262798,348/1601/1622,3
M0,GO:0071347,cellular response to interleukin-1,3/51,88/18805,0.03409090909090909,12.5701871657754,5.6731837959326175,0.0017532604279708148,0.0242144157605058,0.015876073311262798,1958/2244/3280,3
M0,GO:0099188,postsynaptic cytoskeleton organization,2/51,23/18805,0.08695652173913043,32.06308610400682,7.773218111084015,0.001759166956959823,0.0242144157605058,0.015876073311262798,7430/4747,2
M0,GO:1902074,response to salt,2/51,23/18805,0.08695652173913043,32.06308610400682,7.773218111084015,0.001759166956959823,0.0242144157605058,0.015876073311262798,1601/4747,2
M0,GO:0043603,amide metabolic process,6/51,480/18805,0.0125,4.609068627450981,4.176928305018722,0.0018249074041697356,0.024846618739253076,0.016290574364580007,348/1191/1803/2950/25874/57142,6
M0,GO:0001822,kidney development,5/51,325/18805,0.015384615384615385,5.672699849170438,4.431204932219092,0.0018316417660346818,0.024846618739253076,0.016290574364580007,1958/4072/3280/3399/7849,5
M0,GO:0046885,regulation of hormone biosynthetic process,2/51,24/18805,0.08333333333333333,30.727124183006534,7.59910447461769,0.0019157696870825609,0.02561657753013253,0.016795394399535833,1601/1958,2
M0,GO:0072273,metanephric nephron morphogenesis,2/51,24/18805,0.08333333333333333,30.727124183006534,7.59910447461769,0.0019157696870825609,0.02561657753013253,0.016795394399535833,3280/7849,2
M0,GO:0048708,astrocyte differentiation,3/51,91/18805,0.03296703296703297,12.155785391079508,5.562894043587875,0.0019299320653369282,0.025622927846175387,0.016799557955825745,3280/3398/3400,3
M0,GO:0050673,epithelial cell proliferation,6/51,488/18805,0.012295081967213115,4.53351012536162,4.124319788240694,0.001983391191419621,0.02588554827521464,0.016971743864653773,348/1601/3280/3398/3912/57142,6
M0,GO:2000177,regulation of neural precursor cell proliferation,3/51,92/18805,0.03260869565217391,12.023657289002557,5.527276130011318,0.001991196021170357,0.02588554827521464,0.016971743864653773,3398/3400/10653,3
M0,GO:2000628,regulation of miRNA metabolic process,3/51,92/18805,0.03260869565217391,12.023657289002557,5.527276130011318,0.001991196021170357,0.02588554827521464,0.016971743864653773,1958/2353/3725,3
M0,GO:0046890,regulation of lipid biosynthetic process,4/51,199/18805,0.020100502512562814,7.411567642132229,4.741628360249587,0.002061659747991214,0.026472307140187633,0.017356449688179704,348/1601/1958/3490,4
M0,GO:0072170,metanephric tubule development,2/51,25/18805,0.08,29.498039215686276,7.435333341150367,0.002078754887610888,0.026472307140187633,0.017356449688179704,3280/7849,2
M0,GO:0072243,metanephric nephron epithelium development,2/51,25/18805,0.08,29.498039215686276,7.435333341150367,0.002078754887610888,0.026472307140187633,0.017356449688179704,3280/7849,2
M0,GO:0021766,hippocampus development,3/51,94/18805,0.031914893617021274,11.767834793491865,5.457667389370749,0.0021173345947019763,0.02678142136001419,0.017559119042834314,2018/3400/4747,3
M0,GO:0022409,positive regulation of cell-cell adhesion,5/51,337/18805,0.01483679525222552,5.4707046023157035,4.31861258660069,0.0021452641788388955,0.026952580824069882,0.017671338979344066,288/10370/1803/2244/3280,5
M0,GO:0048545,response to steroid hormone,5/51,338/18805,0.014792899408284023,5.454519085740804,4.30947388289224,0.0021730631036600587,0.027119827533677532,0.01778099353591318,1601/2353/3490/3725/4747,5
M0,GO:1903829,positive regulation of protein localization,6/51,499/18805,0.012024048096192385,4.433573028409761,4.05380716613795,0.0022181394295548674,0.0274990530604418,0.018029631055147963,288/348/7430/2244/25874/57142,6
M0,GO:0033598,mammary gland epithelial cell proliferation,2/51,26/18805,0.07692307692307693,28.36349924585219,7.28090443333366,0.002248088164983545,0.0276869805582184,0.018152844877914222,3398/57142,2
M0,GO:0019216,regulation of lipid metabolic process,5/51,343/18805,0.014577259475218658,5.375007145715428,4.264319210738222,0.002316030061319346,0.02833730898555435,0.018579229800470293,348/1601/1958/3398/3490,5
M0,GO:0007623,circadian rhythm,4/51,207/18805,0.01932367149758454,7.125130245334849,4.620943224058179,0.0023785049892857293,0.028899569456400348,0.01894787336154004,1958/3398/3399/3400,4
M0,GO:0021895,cerebral cortex neuron differentiation,2/51,27/18805,0.07407407407407407,27.312999273783586,7.1349481583251215,0.0024237352588968243,0.028899569456400348,0.01894787336154004,3280/3400,2
M0,GO:0022010,central nervous system myelination,2/51,27/18805,0.07407407407407407,27.312999273783586,7.1349481583251215,0.0024237352588968243,0.028899569456400348,0.01894787336154004,1191/3400,2
M0,GO:0032291,axon ensheathment in central nervous system,2/51,27/18805,0.07407407407407407,27.312999273783586,7.1349481583251215,0.0024237352588968243,0.028899569456400348,0.01894787336154004,1191/3400,2
M0,GO:0060395,SMAD protein signal transduction,3/51,99/18805,0.030303030303030304,11.173499702911467,5.292498730325046,0.0024541248954719377,0.02907672028052827,0.01906402150646422,1601/2353/3725,3
M0,GO:0001657,ureteric bud development,3/51,100/18805,0.03,11.061764705882352,5.260881921684126,0.0025252228892688965,0.029730926092524364,0.0194929486189178,4072/3280/7849,3
M0,GO:0034446,substrate adhesion-dependent cell spreading,3/51,101/18805,0.0297029702970297,10.952242283051833,5.2297103224788986,0.0025975856903462996,0.029925149339615487,0.01962029022154277,1601/2244/3912,3
M0,GO:0072163,mesonephric epithelium development,3/51,101/18805,0.0297029702970297,10.952242283051833,5.2297103224788986,0.0025975856903462996,0.029925149339615487,0.01962029022154277,4072/3280/7849,3
M0,GO:0072164,mesonephric tubule development,3/51,101/18805,0.0297029702970297,10.952242283051833,5.2297103224788986,0.0025975856903462996,0.029925149339615487,0.01962029022154277,4072/3280/7849,3
M0,GO:1902993,positive regulation of amyloid precursor protein catabolic process,2/51,28/18805,0.07142857142857142,26.3375350140056,6.996704429547537,0.002605662041857545,0.029925149339615487,0.01962029022154277,348/1191,2
M0,GO:0045732,positive regulation of protein catabolic process,4/51,214/18805,0.018691588785046728,6.892065237309876,4.520498312354392,0.002682033750601387,0.030614434031254856,0.02007221664442373,348/1191/1601/7430,4
M0,GO:0007626,locomotory behavior,4/51,215/18805,0.018604651162790697,6.86000911992704,4.506517692668197,0.0027274638320202646,0.030944316930557183,0.020288502890817406,348/1803/1958/3398,4
M0,GO:0045686,negative regulation of glial cell differentiation,2/51,29/18805,0.06896551724137931,25.429344151453684,6.865505538884732,0.002793834518737404,0.031131298923073928,0.020411096797292062,3280/3400,2
M0,GO:0070841,inclusion body assembly,2/51,29/18805,0.06896551724137931,25.429344151453684,6.865505538884732,0.002793834518737404,0.031131298923073928,0.020411096797292062,348/1191,2
M0,GO:0072207,metanephric epithelium development,2/51,29/18805,0.06896551724137931,25.429344151453684,6.865505538884732,0.002793834518737404,0.031131298923073928,0.020411096797292062,3280/7849,2
M0,GO:0043266,regulation of potassium ion transport,3/51,104/18805,0.028846153846153848,10.63631221719457,5.138760423752804,0.0028223386259724837,0.031262827856925975,0.0204973331540574,288/481/486,3
M0,GO:0001823,mesonephros development,3/51,105/18805,0.02857142857142857,10.535014005602239,5.1092650754209075,0.002899835919817854,0.031932310834700134,0.020936276671873796,4072/3280/7849,3
M0,GO:0072012,glomerulus vasculature development,2/51,30/18805,0.06666666666666667,24.58169934640523,6.740762194374796,0.0029882188263286842,0.03252293978422847,0.02132351989901619,1958/3280,2
M0,GO:0120255,olefinic compound biosynthetic process,2/51,30/18805,0.06666666666666667,24.58169934640523,6.740762194374796,0.0029882188263286842,0.03252293978422847,0.02132351989901619,1601/1958,2
M0,GO:0003338,metanephros morphogenesis,2/51,31/18805,0.06451612903225806,23.788741302972802,6.621952054324462,0.003188781232901305,0.034505193456596785,0.02262317564686901,3280/7849,2
M0,GO:0048709,oligodendrocyte differentiation,3/51,109/18805,0.027522935779816515,10.148407987048031,4.995140141745198,0.003222916730295438,0.0346741386155923,0.02273394378417714,1191/3280/3400,3
M0,GO:0050767,regulation of neurogenesis,5/51,372/18805,0.013440860215053764,4.955987771452667,4.018756126369637,0.003284358235734486,0.0349250208455447,0.022898433595313267,3280/3398/3400/4747/57142,5
M0,GO:0010586,miRNA metabolic process,3/51,110/18805,0.02727272727272727,10.056149732620321,4.967529509990307,0.003306995167436708,0.0349250208455447,0.022898433595313267,1958/2353/3725,3
M0,GO:0003279,cardiac septum development,3/51,111/18805,0.02702702702702703,9.965553789083202,4.940270672607935,0.003392410740976417,0.0349250208455447,0.022898433595313267,10370/3280/7849,3
M0,GO:0090100,positive regulation of transmembrane receptor protein serine/threonine kinase signaling pathway,3/51,111/18805,0.02702702702702703,9.965553789083202,4.940270672607935,0.003392410740976417,0.0349250208455447,0.022898433595313267,10370/1601/3280,3
M0,GO:0010644,cell communication by electrical coupling,2/51,32/18805,0.0625,23.045343137254903,6.508610246828913,0.0033954881377612897,0.0349250208455447,0.022898433595313267,288/481,2
M0,GO:0034250,positive regulation of amide metabolic process,2/51,32/18805,0.0625,23.045343137254903,6.508610246828913,0.0033954881377612897,0.0349250208455447,0.022898433595313267,348/1191,2
M0,GO:0061437,renal system vasculature development,2/51,32/18805,0.0625,23.045343137254903,6.508610246828913,0.0033954881377612897,0.0349250208455447,0.022898433595313267,1958/3280,2
M0,GO:0061440,kidney vasculature development,2/51,32/18805,0.0625,23.045343137254903,6.508610246828913,0.0033954881377612897,0.0349250208455447,0.022898433595313267,1958/3280,2
M0,GO:0014013,regulation of gliogenesis,3/51,112/18805,0.026785714285714284,9.8765756302521,4.91335585512035,0.0034791702296454747,0.03559020038194715,0.023334555581056217,3280/3398/3400,3
M0,GO:1905954,positive regulation of lipid localization,3/51,113/18805,0.02654867256637168,9.789172306090578,4.886777523100081,0.0035672803314425947,0.03629319989380727,0.02379547406442829,348/1601/1622,3
M0,GO:0051642,centrosome localization,2/51,33/18805,0.06060606060606061,22.346999405822935,6.400321480711321,0.0036083060708105475,0.036315854648157765,0.023810327552717024,7430/23224,2
M0,GO:0061842,microtubule organizing center localization,2/51,33/18805,0.06060606060606061,22.346999405822935,6.400321480711321,0.0036083060708105475,0.036315854648157765,0.023810327552717024,7430/23224,2
M0,GO:0050769,positive regulation of neurogenesis,4/51,234/18805,0.017094017094017096,6.302999832411598,4.256720653047271,0.003694093024289859,0.03698043925920115,0.02424605947831115,3280/3398/3400/4747,4
M0,GO:0055075,potassium ion homeostasis,2/51,34/18805,0.058823529411764705,21.68973471741638,6.296713441448209,0.003827201692108037,0.038032107599179875,0.024935581118220723,481/486,2
M0,GO:0070555,response to interleukin-1,3/51,116/18805,0.02586206896551724,9.536004056795132,4.808989500634266,0.003839780094147968,0.038032107599179875,0.024935581118220723,1958/2244/3280,3
M0,GO:0043407,negative regulation of MAP kinase activity,2/51,35/18805,0.05714285714285714,21.070028011204478,6.197451231780797,0.004052141791432221,0.03971523263644565,0.02603911451534842,348/2950,2
M0,GO:0045940,positive regulation of steroid metabolic process,2/51,35/18805,0.05714285714285714,21.070028011204478,6.197451231780797,0.004052141791432221,0.03971523263644565,0.02603911451534842,348/1601,2
M0,GO:0099173,postsynapse organization,4/51,243/18805,0.01646090534979424,6.069555394174131,4.147857989307576,0.004224199589473515,0.04118594599736677,0.027003381147621262,348/7430/4747/57142,4
M0,GO:0034405,response to fluid shear stress,2/51,36/18805,0.05555555555555555,20.48474945533769,6.102232667121324,0.004283093287844965,0.041329642447658625,0.02709759508207938,10370/7980,2
M0,GO:1901381,positive regulation of potassium ion transmembrane transport,2/51,36/18805,0.05555555555555555,20.48474945533769,6.102232667121324,0.004283093287844965,0.041329642447658625,0.02709759508207938,481/486,2
M0,GO:0001838,embryonic epithelial tube formation,3/51,121/18805,0.024793388429752067,9.14195430238211,4.685432329386946,0.004321560695224709,0.0414869826741572,0.027200754497338785,10370/7849/10653,3
M0,GO:2001233,regulation of apoptotic signaling pathway,5/51,399/18805,0.012531328320802004,4.620620177895719,3.812000596283637,0.004422236938681903,0.0422368752510843,0.027692418208931785,10449/1191/2244/2950/7009,5
M0,GO:0032781,positive regulation of ATP-dependent activity,2/51,37/18805,0.05405405405405406,19.931107578166404,6.010784274612488,0.004520023229256668,0.0427347650766085,0.02801885744451502,481/486,2
M0,GO:0051385,response to mineralocorticoid,2/51,37/18805,0.05405405405405406,19.931107578166404,6.010784274612488,0.004520023229256668,0.0427347650766085,0.02801885744451502,2353/4747,2
M0,GO:0010959,regulation of metal ion transport,5/51,403/18805,0.01240694789081886,4.574757942879385,3.782943919952055,0.004612049168786753,0.043385708763662316,0.028445645759351254,288/481/486/3280/7009,5
M0,GO:0002573,myeloid leukocyte differentiation,4/51,250/18805,0.016,5.899607843137255,4.06690567355283,0.004670504590684718,0.04349339774932012,0.02851625156078906,10370/2353/3398/4495,4
M0,GO:0021761,limbic system development,3/51,125/18805,0.024,8.849411764705883,4.591630541354595,0.004732279221018858,0.04349339774932012,0.02851625156078906,2018/3400/4747,3
M0,GO:1990748,cellular detoxification,3/51,125/18805,0.024,8.849411764705883,4.591630541354595,0.004732279221018858,0.04349339774932012,0.02851625156078906,216/348/2950,3
M0,GO:0035640,exploration behavior,2/51,38/18805,0.05263157894736842,19.40660474716202,5.922857874722289,0.004762898791992856,0.04349339774932012,0.02851625156078906,348/1803,2
M0,GO:0071398,cellular response to fatty acid,2/51,38/18805,0.05263157894736842,19.40660474716202,5.922857874722289,0.004762898791992856,0.04349339774932012,0.02851625156078906,3280/3399,2
M0,GO:0071711,basement membrane organization,2/51,38/18805,0.05263157894736842,19.40660474716202,5.922857874722289,0.004762898791992856,0.04349339774932012,0.02851625156078906,3912/10653,2
M0,GO:0050678,regulation of epithelial cell proliferation,5/51,410/18805,0.012195121951219513,4.4966523194643715,3.732997828197156,0.004958135021615614,0.04505645029351664,0.029541059965272388,348/1601/3280/3912/57142,5
M0,GO:0003231,cardiac ventricle development,3/51,129/18805,0.023255813953488372,8.575011399908801,4.501937555118047,0.00516588497384489,0.046717568459119,0.030630164655495257,10370/3280/7849,3
M0,GO:0043271,negative regulation of monoatomic ion transport,3/51,130/18805,0.023076923076923078,8.509049773755658,4.480119594690274,0.005277904237589918,0.04737976475929771,0.031064330695760867,288/3280/7009,3
M0,GO:0010001,glial cell differentiation,4/51,259/18805,0.015444015444015444,5.694602165190401,3.9672247301837467,0.005289728009985695,0.04737976475929771,0.031064330695760867,1191/3280/3398/3400,4
M0,GO:0046883,regulation of hormone secretion,4/51,262/18805,0.015267175572519083,5.629396796886693,3.9350323476143223,0.005507800210965006,0.048803330412223615,0.031997685144316654,1601/2244/25874/7849,4
M0,GO:0050919,negative chemotaxis,2/51,41/18805,0.04878048780487805,17.986609277857486,5.678049405342373,0.0055268728885637854,0.048803330412223615,0.031997685144316654,1803/23767,2
M0,GO:0097242,amyloid-beta clearance,2/51,41/18805,0.04878048780487805,17.986609277857486,5.678049405342373,0.0055268728885637854,0.048803330412223615,0.031997685144316654,348/1191,2
M1,GO:0002181,cytoplasmic translation,45/48,169/18805,0.26627218934911245,104.31767751479292,68.2504764095366,2.304316217655901e-91,9.56291230327199e-89,8.028722821516876e-89,26986/4736/6135/6137/9045/6138/6141/6143/9349/6147/6152/6155/6157/6156/6160/6161/6164/6165/6167/6168/6124/6125/6132/6175/6176/6181/6205/6206/6207/6208/6217/6222/6223/6187/6224/6228/6229/6230/6233/6235/6188/6191/6193/6194/6202,45
M1,GO:0042254,ribosome biogenesis,21/48,317/18805,0.06624605678233439,25.953272870662463,22.666070296939484,4.406169828774642e-25,9.142802394707381e-23,7.676011649075823e-23,6135/9045/6152/6155/6165/6125/6175/6205/6206/6207/6208/6217/6223/6228/6229/6230/6233/6191/6193/6194/6202,21
M1,GO:0022613,ribonucleoprotein complex biogenesis,21/48,494/18805,0.04251012145748988,16.654225708502022,17.83623087274003,4.891520730442491e-21,6.766603677112113e-19,5.681029339566542e-19,6135/9045/6152/6155/6165/6125/6175/6205/6206/6207/6208/6217/6223/6228/6229/6230/6233/6191/6193/6194/6202,21
M1,GO:0042274,ribosomal small subunit biogenesis,14/48,108/18805,0.12962962962962962,50.78510802469136,26.247589077080985,7.281124172147572e-21,7.554166328603106e-19,6.342242371002227e-19,6205/6206/6207/6208/6217/6223/6228/6229/6230/6233/6191/6193/6194/6202,14
M1,GO:0006364,rRNA processing,12/48,222/18805,0.05405405405405406,21.176801801801805,15.298010421049389,2.6064362204843864e-13,2.1633420630020408e-11,1.816274503116488e-11,6135/9045/6155/6165/6125/6208/6217/6223/6229/6230/6194/6202,12
M1,GO:0016072,rRNA metabolic process,12/48,265/18805,0.045283018867924525,17.74056603773585,13.88360538628399,2.1235121938642805e-12,1.4687626007561274e-10,1.2331272564369769e-10,6135/9045/6155/6165/6125/6208/6217/6223/6229/6230/6194/6202,12
M1,GO:0042255,ribosome assembly,6/48,60/18805,0.1,39.177083333333336,14.983031738728354,9.026109060860792e-9,5.351193228938898e-7,4.4926948859322137e-7,6135/6152/6125/6208/6223/6193,6
M1,GO:1901798,positive regulation of signal transduction by p53 class mediator,4/48,27/18805,0.14814814814814814,58.04012345679012,15.003815749948105,6.279425488092855e-7,2.9696558833629652e-5,2.493230430927435e-5,6135/9349/6167/6224,4
M1,GO:0042273,ribosomal large subunit biogenesis,5/48,65/18805,0.07692307692307693,30.136217948717952,11.903347515675353,6.440217578377514e-7,2.9696558833629652e-5,2.493230430927435e-5,6135/9045/6152/6165/6125,5
M1,GO:1904667,negative regulation of ubiquitin protein ligase activity,3/48,10/18805,0.3,117.53125,18.645983293159066,1.8495532406725052e-6,7.675645948790897e-5,6.444232870132623e-5,6135/9349/6125,3
M1,GO:0051438,regulation of ubiquitin-protein transferase activity,4/48,36/18805,0.1111111111111111,43.53009259259259,12.920849329501355,2.07241618820259e-6,7.818661073673408e-5,6.564303907129735e-5,6135/9349/6125/6187,4
M1,GO:0051444,negative regulation of ubiquitin-protein transferase activity,3/48,14/18805,0.21428571428571427,83.95089285714285,15.706310806500007,5.570163738926235e-6,1.926348293045323e-4,1.617301927705775e-4,6135/9349/6125,3
M1,GO:1901796,regulation of signal transduction by p53 class mediator,5/48,106/18805,0.04716981132075472,18.479756289308177,9.129419547453981,7.3074780581189105e-6,2.3327718416302676e-4,1.9585224593015056e-4,6135/9349/6167/6125/6224,5
M1,GO:0030490,maturation of SSU-rRNA,4/48,54/18805,0.07407407407407407,29.02006172839506,10.430804398132524,1.0757906886534387e-5,3.1171464714731164e-4,2.617058927222832e-4,6208/6217/6223/6202,4
M1,GO:0140694,membraneless organelle assembly,8/48,427/18805,0.01873536299765808,7.339968774395004,6.703721807622345,1.1266794475204036e-5,3.1171464714731164e-4,2.617058927222832e-4,6135/6152/6125/6208/6223/6228/6188/6193,8
M1,GO:0000027,ribosomal large subunit assembly,3/48,18/18805,0.16666666666666666,65.29513888888889,13.805423203316927,1.239763080246735e-5,3.2156354893899693e-4,2.6997472339583507e-4,6135/6152/6125,3
M1,GO:1904666,regulation of ubiquitin protein ligase activity,3/48,19/18805,0.15789473684210525,61.85855263157894,13.425958849891257,1.4695790790083819e-5,3.587501869343991e-4,3.011954644902628e-4,6135/9349/6125,3
M1,GO:0000028,ribosomal small subunit assembly,3/48,21/18805,0.14285714285714285,55.9672619047619,12.749224311707918,2.0098437473455522e-5,4.6338064174911343e-4,3.890399300417414e-4,6208/6223/6193,3
M1,GO:0022618,protein-RNA complex assembly,6/48,228/18805,0.02631578947368421,10.309758771929824,7.15454651674041,2.385049694015377e-5,5.20945064745464e-4,4.373692236670858e-4,6135/6152/6125/6208/6223/6193,6
M1,GO:0071826,protein-RNA complex organization,6/48,237/18805,0.02531645569620253,9.91824894514768,6.989325253365899,2.96470492690224e-5,6.151762723322148e-4,5.164828056866533e-4,6135/6152/6125/6208/6223/6193,6
M1,GO:0031397,negative regulation of protein ubiquitination,4/48,79/18805,0.05063291139240506,19.83649789029536,8.487020440407726,4.877626252104694e-5,9.639118545825944e-4,8.092703205246385e-4,6135/9349/6125/6188,4
M1,GO:0072331,signal transduction by p53 class mediator,5/48,165/18805,0.030303030303030304,11.871843434343434,7.095553162980011,6.177920156585443e-5,0.0011653803931740722,9.784170200142497e-4,6135/9349/6167/6125/6224,5
M1,GO:1903321,negative regulation of protein modification by small protein conjugation or removal,4/48,92/18805,0.043478260869565216,17.03351449275362,7.798570171809708,8.853084279631049e-5,0.0015974043374116895,0.0013411308451065798,6135/9349/6125/6188,4
M1,GO:0000462,"maturation of SSU-rRNA from tricistronic rRNA transcript (SSU-rRNA, 5.8S rRNA, LSU-rRNA)",3/48,35/18805,0.08571428571428572,33.580357142857146,9.759369862688425,9.645338926706065e-5,0.0016678398560762571,0.0014002663090963627,6217/6223/6202,3
M1,GO:1901874,negative regulation of post-translational protein modification,4/48,96/18805,0.041666666666666664,16.32378472222222,7.61448300834469,1.044704592094301e-4,0.0017342096228765399,0.0014559882946661626,6135/9349/6125/6188,4
M1,GO:0031396,regulation of protein ubiquitination,5/48,201/18805,0.024875621890547265,9.745543117744612,6.305879962403598,1.5646966679785243e-4,0.002497496604658029,0.002096820231177698,6135/9349/6125/6187/6188,5
M1,GO:1903320,regulation of protein modification by small protein conjugation or removal,5/48,243/18805,0.0205761316872428,8.061128257887518,5.604397148534922,3.763228654321413e-4,0.005784221820531061,0.004856252181599952,6135/9349/6125/6187/6188,5
M1,GO:2000059,negative regulation of ubiquitin-dependent protein catabolic process,3/48,56/18805,0.05357142857142857,20.98772321428571,7.57761151800814,3.934320371520146e-4,0.005831224836360216,0.004895714447267549,6135/9349/6125,3
M1,GO:1901873,regulation of post-translational protein modification,5/48,248/18805,0.020161290322580645,7.898605510752688,5.5321929423253815,4.1306865317635285e-4,0.005911154864420221,0.004962821205131499,6135/9349/6125/6187/6188,5
M1,GO:0034101,erythrocyte homeostasis,4/48,149/18805,0.026845637583892617,10.517337807606264,5.900154753835803,5.61768754387476e-4,0.007771134435693419,0.006524402024640511,6208/6223/6229/6194,4
M1,GO:1903051,negative regulation of proteolysis involved in protein catabolic process,3/48,74/18805,0.04054054054054054,15.882601351351353,6.489007520337935,8.909148775031751e-4,0.011926763682703794,0.010013338691122272,6135/9349/6125,3
M1,GO:2000434,regulation of protein neddylation,2/48,20/18805,0.1,39.177083333333336,8.641242536938613,0.001177137012992137,0.01520350876724016,0.01276439163463917,6135/6125,2
M1,GO:0002262,myeloid cell homeostasis,4/48,183/18805,0.02185792349726776,8.563296903460838,5.2010087422169,0.0012089537092022295,0.01520350876724016,0.01276439163463917,6208/6223/6229/6194,4
M1,GO:0045116,protein neddylation,2/48,28/18805,0.07142857142857142,27.98363095238095,7.228203179679612,0.002311608526690757,0.028215221722843062,0.02368861988652138,6135/6125,2
M2,GO:0001503,ossification,9/31,458/18805,0.019650655021834062,11.920340893083532,9.614218003833873,3.4917494719890615e-8,3.1425745247901556e-5,2.337634383352677e-5,1009/1277/1278/3486/3488/5764/6238/7171/1462,9
M2,GO:0001649,osteoblast differentiation,6/31,262/18805,0.022900763358778626,13.891898547155872,8.538962122257503,3.796256673814437e-6,0.0014538671377979696,0.0010814730989935773,1277/3486/3488/6238/7171/1462,6
M2,GO:0030199,collagen fibril organization,4/31,69/18805,0.057971014492753624,35.16596540439458,11.553334957465648,4.846223792659899e-6,0.0014538671377979696,0.0010814730989935773,7373/1277/1278/1281,4
M2,GO:0030198,extracellular matrix organization,6/31,339/18805,0.017699115044247787,10.736511561518698,7.35096540331908,1.6522688600752803e-5,0.002562218769246442,0.0019059311546675286,7373/1277/1278/1281/23768/10631,6
M2,GO:0043062,extracellular structure organization,6/31,340/18805,0.01764705882352941,10.704933586337761,7.338122064612979,1.680019326329791e-5,0.002562218769246442,0.0019059311546675286,7373/1277/1278/1281/23768/10631,6
M2,GO:0045229,external encapsulating structure organization,6/31,341/18805,0.017595307917888565,10.673540819222403,7.325332187298872,1.7081458461642945e-5,0.002562218769246442,0.0019059311546675286,7373/1277/1278/1281/23768/10631,6
M2,GO:0071560,cellular response to transforming growth factor beta stimulus,5/31,308/18805,0.016233766233766232,9.847612065354,6.361775563006271,1.366669019966019e-4,0.015179647769758935,0.01129152746382068,1277/1278/1281/9315/10631,5
M2,GO:0031102,neuron projection regeneration,3/31,61/18805,0.04918032786885246,29.83342147012163,9.165528694603614,1.3683233951820766e-4,0.015179647769758935,0.01129152746382068,9315/5396/5764,3
M2,GO:0071559,response to transforming growth factor beta,5/31,315/18805,0.015873015873015872,9.628776241679468,6.275720450842217,1.5179647769758935e-4,0.015179647769758935,0.01129152746382068,1277/1278/1281/9315/10631,5
M2,GO:0043589,skin morphogenesis,2/31,12/18805,0.16666666666666666,101.1021505376344,14.09494985922106,1.7180561709545275e-4,0.015462505538590748,0.011501933944495574,1277/1278,2
M2,GO:0043568,positive regulation of insulin-like growth factor receptor signaling pathway,2/31,13/18805,0.15384615384615385,93.32506203473946,13.531076325899411,2.0283441806187444e-4,0.016595543295971543,0.012344755013143747,3486/3488,2
M2,GO:0031099,regeneration,4/31,203/18805,0.019704433497536946,11.952963610360719,6.375693120874273,3.3010048418472584e-4,0.024561083820694,0.01826999919293729,9315/10631/5396/5764,4
M2,GO:0030336,negative regulation of cell migration,5/31,388/18805,0.01288659793814433,7.8171765879614235,5.51364149209863,3.979164144255462e-4,0.024561083820694,0.01826999919293729,1009/1281/1634/3486/3488,5
M2,GO:0071356,cellular response to tumor necrosis factor,4/31,219/18805,0.0182648401826484,11.079687730151715,6.096825011305702,4.3995497546622884e-4,0.024561083820694,0.01826999919293729,9590/1277/10631/7114,4
M2,GO:0071230,cellular response to amino acid stimulus,3/31,92/18805,0.03260869565217391,19.78085553997195,7.337787633062453,4.6123089759865445e-4,0.024561083820694,0.01826999919293729,1277/1278/1281,3
M2,GO:2000146,negative regulation of cell motility,5/31,403/18805,0.01240694789081886,7.526214680220924,5.381569175418114,4.731905578878727e-4,0.024561083820694,0.01826999919293729,1009/1281/1634/3486/3488,5
M2,GO:0014910,regulation of smooth muscle cell migration,3/31,94/18805,0.031914893617021274,19.359986273164036,7.251291115783857,4.9122167641388e-4,0.024561083820694,0.01826999919293729,3486/3488/10631,3
M2,GO:0033273,response to vitamin,3/31,94/18805,0.031914893617021274,19.359986273164036,7.251291115783857,4.9122167641388e-4,0.024561083820694,0.01826999919293729,8854/1277/10631,3
M2,GO:0040013,negative regulation of locomotion,5/31,421/18805,0.011876484560570071,7.2044287794038775,5.231791251619675,5.772097873750823e-4,0.025801694462522253,0.019192839389665674,1009/1281/1634/3486/3488,5
M2,GO:0014909,smooth muscle cell migration,3/31,101/18805,0.0297029702970297,18.01820504631108,6.968426977459538,6.059667563017502e-4,0.025801694462522253,0.019192839389665674,3486/3488/10631,3
M2,GO:0071229,cellular response to acid chemical,3/31,101/18805,0.0297029702970297,18.01820504631108,6.968426977459538,6.059667563017502e-4,0.025801694462522253,0.019192839389665674,1277/1278/1281,3
M2,GO:0034612,response to tumor necrosis factor,4/31,241/18805,0.016597510373443983,10.068263953955293,5.757374178281511,6.307080868616551e-4,0.025801694462522253,0.019192839389665674,9590/1277/10631/7114,4
M2,GO:0043567,regulation of insulin-like growth factor receptor signaling pathway,2/31,25/18805,0.08,48.52903225806452,9.662927998022829,7.705749996097764e-4,0.030152934767339074,0.022429551476055732,3486/3488,2
M2,GO:0032963,collagen metabolic process,3/31,112/18805,0.026785714285714284,16.2485599078341,6.576970593703663,8.186640218517357e-4,0.030699900819440087,0.022836417451653677,1277/1278/7431,3
M2,GO:0014812,muscle cell migration,3/31,115/18805,0.02608695652173913,15.824684431977559,6.479735646720962,8.838988034498983e-4,0.03182035692419634,0.02366987953659517,3486/3488/10631,3
M2,GO:0044342,type B pancreatic cell proliferation,2/31,28/18805,0.07142857142857142,43.3294930875576,9.108283537950173,9.679390586946337e-4,0.033326755605454554,0.024790428731074964,3486/3488,2
M2,GO:0032355,response to estradiol,3/31,120/18805,0.025,15.165322580645162,6.325547223358479,9.998026681636366e-4,0.033326755605454554,0.024790428731074964,8854/1277/10631,3
M2,GO:0071295,cellular response to vitamin,2/31,31/18805,0.06451612903225806,39.136316337148806,8.635127271375966,0.0011870583992514671,0.03815544854736859,0.02838229856856891,1277/10631,2
M2,GO:0043200,response to amino acid,3/31,131/18805,0.022900763358778626,13.891898547155872,6.016742304550214,0.0012876321887295785,0.039960998960573126,0.029725374665408786,1277/1278/1281,3
M2,GO:0070570,regulation of neuron projection regeneration,2/31,34/18805,0.058823529411764705,35.68311195445921,8.225103524452038,0.001427727331427342,0.04283181994282026,0.03186086255395752,5396/5764,2
M3,GO:0002181,cytoplasmic translation,13/16,169/18805,0.07692307692307693,90.40865384615385,34.07060432485225,8.53699209221148e-25,2.0061931416696978e-22,1.3838913496848081e-22,6134/6136/23521/6144/6122/6128/6129/6130/6133/6232/6234/6201/3921,13
M3,GO:0022613,ribonucleoprotein complex biogenesis,8/16,494/18805,0.016194331983805668,19.0334008097166,11.852729084491726,2.2929945342187283e-9,2.694268577707006e-7,1.858532411945706e-7,4869/23521/6129/6130/6232/6234/6201/3921,8
M3,GO:0042254,ribosome biogenesis,7/16,317/18805,0.022082018927444796,25.953272870662463,13.075113274198538,3.6364252955795673e-9,2.8485331482039944e-7,1.9649455983131694e-7,4869/6129/6130/6232/6234/6201/3921,7
M3,GO:0042274,ribosomal small subunit biogenesis,5/16,108/18805,0.046296296296296294,54.41261574074074,16.244376250171225,2.36391271887381e-8,1.3887987223383634e-6,9.580067334383334e-7,4869/6232/6234/6201/3921,5
M3,GO:0042255,ribosome assembly,4/16,60/18805,0.06666666666666667,78.35416666666667,17.51257039561491,1.6557447574632888e-7,7.782000360077458e-6,5.36809879261782e-6,4869/6232/6234/3921,4
M3,GO:0000028,ribosomal small subunit assembly,3/16,21/18805,0.14285714285714285,167.9017857142857,22.331087345810072,6.658633537077969e-7,2.6079648020222046e-5,1.7989992363333458e-5,6232/6234/3921,3
M3,GO:0006364,rRNA processing,5/16,222/18805,0.02252252252252252,26.47100225225225,11.140325681734291,8.611840384584458e-7,2.8911178433962106e-5,1.994320931166927e-5,6129/6130/6232/6234/6201,5
M3,GO:0016072,rRNA metabolic process,5/16,265/18805,0.018867924528301886,22.17570754716981,10.130695965216098,2.058725835429968e-6,6.047507141575531e-5,4.171628666529145e-5,6129/6130/6232/6234/6201,5
M3,GO:0042273,ribosomal large subunit biogenesis,3/16,65/18805,0.046153846153846156,54.245192307692314,12.548319394963537,2.1374762819021907e-5,5.581188069411276e-4,3.849957279683477e-4,4869/6129/6130,3
M3,GO:0022618,protein-RNA complex assembly,4/16,228/18805,0.017543859649122806,20.619517543859647,8.69763615303729,3.416300137936011e-5,8.028305324149626e-4,5.538002328864691e-4,23521/6232/6234/3921,4
M3,GO:0071826,protein-RNA complex organization,4/16,237/18805,0.016877637130801686,19.836497890295355,8.515792093735186,3.974127511792423e-5,8.49018150246563e-4,5.856608964746728e-4,23521/6232/6234/3921,4
M3,GO:0000470,maturation of LSU-rRNA,2/16,26/18805,0.07692307692307693,90.40865384615385,13.3126121210209,2.1797029842306575e-4,0.004268585010785037,0.002944511048872993,6129/6130,2
M3,GO:0140694,membraneless organelle assembly,4/16,427/18805,0.00936768149882904,11.009953161592506,6.105625164293586,3.840921088422512e-4,0.006943203505994541,0.004789488644672606,4869/6232/6234/3921,4
M3,GO:0006446,regulation of translational initiation,2/16,83/18805,0.024096385542168676,28.32078313253012,7.279295488677929,0.0022187055112101446,0.03724255679531314,0.025690274340327984,4869/23521,2
M5,GO:0006119,oxidative phosphorylation,10/10,151/18805,0.06622516556291391,124.5364238410596,35.156162952074105,8.238484189777263e-22,7.167481245106218e-20,1.4742550655390894e-20,4508/4509/4512/4513/4514/4519/4535/4537/4538/4540,10
M5,GO:1902600,proton transmembrane transport,10/10,190/18805,0.05263157894736842,98.97368421052632,31.308241564082177,8.734226797971921e-21,3.7993886571177855e-19,7.814834503448561e-20,4508/4509/4512/4513/4514/4519/4535/4537/4538/4540,10
M5,GO:0009060,aerobic respiration,10/10,201/18805,0.04975124378109453,93.55721393034827,30.430500328192746,1.5540591760528684e-20,4.506771610553318e-19,9.269826664175006e-20,4508/4509/4512/4513/4514/4519/4535/4537/4538/4540,10
M5,GO:0045333,cellular respiration,10/10,245/18805,0.04081632653061224,76.75510204081633,27.530233821902893,1.1725924600698226e-19,2.550388600651864e-18,5.245808373996575e-19,4508/4509/4512/4513/4514/4519/4535/4537/4538/4540,10
M5,GO:0015980,energy derivation by oxidation of organic compounds,10/10,352/18805,0.028409090909090908,53.42329545454545,22.90161531187706,4.652707836801785e-18,8.095711636035104e-17,1.6651796468553757e-17,4508/4509/4512/4513/4514/4519/4535/4537/4538/4540,10
M5,GO:0019646,aerobic electron transport chain,8/10,93/18805,0.08602150537634409,161.76344086021507,35.84863460811161,1.1738679256154516e-17,1.7021084921424048e-16,3.5010096027127506e-17,4512/4513/4514/4519/4535/4537/4538/4540,8
M5,GO:0042773,ATP synthesis coupled electron transport,8/10,101/18805,0.07920792079207921,148.95049504950495,34.38854642011975,2.327669255006556e-17,2.5313403148196297e-16,5.206628596725192e-17,4512/4513/4514/4519/4535/4537/4538/4540,8
M5,GO:0042775,mitochondrial ATP synthesis coupled electron transport,8/10,101/18805,0.07920792079207921,148.95049504950495,34.38854642011975,2.327669255006556e-17,2.5313403148196297e-16,5.206628596725192e-17,4512/4513/4514/4519/4535/4537/4538/4540,8
M5,GO:0022904,respiratory electron transport chain,8/10,117/18805,0.06837606837606838,128.5811965811966,31.930237249197784,7.842283702148715e-17,7.580874245410424e-16,1.5592844787898033e-16,4512/4513/4514/4519/4535/4537/4538/4540,8
M5,GO:0006091,generation of precursor metabolites and energy,10/10,484/18805,0.02066115702479339,38.853305785123965,19.46058371922559,1.1644323208308318e-16,1.0130561191228236e-15,2.0837209951709622e-16,4508/4509/4512/4513/4514/4519/4535/4537/4538/4540,10
M5,GO:0022900,electron transport chain,8/10,127/18805,0.06299212598425197,118.45669291338581,30.63503634790007,1.5399564714946042e-16,1.2179655729093689e-15,2.5051923459720833e-16,4512/4513/4514/4519/4535/4537/4538/4540,8
M5,GO:0042776,proton motive force-driven mitochondrial ATP synthesis,6/10,68/18805,0.08823529411764706,165.9264705882353,31.426697802245826,3.70313518026202e-13,2.6847730056899644e-12,5.522219128460908e-13,4508/4509/4535/4537/4538/4540,6
M5,GO:0015986,proton motive force-driven ATP synthesis,6/10,77/18805,0.07792207792207792,146.53246753246754,29.516408444844075,8.008399848033603e-13,5.359467590607104e-12,1.1023708292839778e-12,4508/4509/4535/4537/4538/4540,6
M5,GO:0006754,ATP biosynthetic process,6/10,100/18805,0.06,112.83,25.86326947619986,4.009522026468575e-12,2.4916315450197574e-11,5.1249529661628406e-12,4508/4509/4535/4537/4538/4540,6
M5,GO:0009206,purine ribonucleoside triphosphate biosynthetic process,6/10,111/18805,0.05405405405405406,101.64864864864866,24.531396651313536,7.600554269499261e-12,4.365933541661217e-11,8.980141585994034e-12,4508/4509/4535/4537/4538/4540,6
M5,GO:0009145,purine nucleoside triphosphate biosynthetic process,6/10,112/18805,0.05357142857142857,100.74107142857142,24.42010313087095,8.029303065124077e-12,4.365933541661217e-11,8.980141585994034e-12,4508/4509/4535/4537/4538/4540,6
M5,GO:0009201,ribonucleoside triphosphate biosynthetic process,6/10,117/18805,0.05128205128205128,96.43589743589743,23.885109474411635,1.048709579290922e-11,5.3669254940182476e-11,1.1039048203062337e-11,4508/4509/4535/4537/4538/4540,6
M5,GO:0009142,nucleoside triphosphate biosynthetic process,6/10,125/18805,0.048,90.264,23.096537128488485,1.570502581265541e-11,7.590762476116781e-11,1.561318355644105e-11,4508/4509/4535/4537/4538/4540,6
M5,GO:0009152,purine ribonucleotide biosynthetic process,6/10,157/18805,0.03821656050955414,71.86624203821655,20.56728922764836,6.285467490068421e-11,2.878082482294487e-10,5.919830877072752e-11,4508/4509/4535/4537/4538/4540,6
M5,GO:0070482,response to oxygen levels,7/10,358/18805,0.019553072625698324,36.7695530726257,15.761447854922869,9.768891637267028e-11,4.2494678622111573e-10,8.740587254396814e-11,4508/4512/4513/4519/4535/4538/4540,7
M5,GO:0009260,ribonucleotide biosynthetic process,6/10,173/18805,0.03468208092485549,65.21965317919074,19.573352877990562,1.1320494497626409e-10,4.689919149016656e-10,9.646536664644058e-11,4508/4509/4535/4537/4538/4540,6
M5,GO:0046390,ribose phosphate biosynthetic process,6/10,180/18805,0.03333333333333333,62.68333333333334,19.180499052828168,1.4393313871357062e-10,5.69190139458211e-10,1.1707480182443545e-10,4508/4509/4535/4537/4538/4540,6
M5,GO:0006164,purine nucleotide biosynthetic process,6/10,198/18805,0.030303030303030304,56.984848484848484,18.267069441852474,2.561152012700122e-10,9.687835874126548e-10,1.9926583165172573e-10,4508/4509/4535/4537/4538/4540,6
M5,GO:0046034,ATP metabolic process,6/10,230/18805,0.02608695652173913,49.05652173913043,16.914368852123022,6.322832533073909e-10,2.292026793239292e-9,4.714392678169144e-10,4508/4509/4535/4537/4538/4540,6
M5,GO:0009165,nucleotide biosynthetic process,6/10,234/18805,0.02564102564102564,48.217948717948715,16.764915009871903,7.014743951163614e-10,2.4411308950049376e-9,5.021079880832903e-10,4508/4509/4535/4537/4538/4540,6
M5,GO:0009205,purine ribonucleoside triphosphate metabolic process,6/10,254/18805,0.023622047244094488,44.42125984251969,16.070876805500113,1.149063689657838e-9,3.844943884624304e-9,7.908535515863664e-10,4508/4509/4535/4537/4538/4540,6
M5,GO:0009144,purine nucleoside triphosphate metabolic process,6/10,261/18805,0.022988505747126436,43.229885057471265,15.84683003551812,1.3530758804891254e-9,4.204200057234068e-9,8.647477431697419e-10,4508/4509/4535/4537/4538/4540,6
M5,GO:0009199,ribonucleoside triphosphate metabolic process,6/10,261/18805,0.022988505747126436,43.229885057471265,15.84683003551812,1.3530758804891254e-9,4.204200057234068e-9,8.647477431697419e-10,4508/4509/4535/4537/4538/4540,6
M5,GO:0072522,purine-containing compound biosynthetic process,6/10,264/18805,0.022727272727272728,42.73863636363636,15.753519646665616,1.4492725134439732e-9,4.34781754033192e-9,8.942879393302195e-10,4508/4509/4535/4537/4538/4540,6
M5,GO:0009141,nucleoside triphosphate metabolic process,6/10,277/18805,0.021660649819494584,40.73285198555956,15.366653875075643,1.9343613369446125e-9,5.609647877139376e-9,1.1538295694055585e-9,4508/4509/4535/4537/4538/4540,6
M5,GO:0001666,response to hypoxia,6/10,316/18805,0.0189873417721519,35.70569620253165,14.351310049997661,4.261794105322129e-9,1.196051894074275e-8,2.4601188383862887e-9,4512/4513/4519/4535/4538/4540,6
M5,GO:1901293,nucleoside phosphate biosynthetic process,6/10,322/18805,0.018633540372670808,35.04037267080746,14.211501537242505,4.769930982912286e-9,1.2968249859792778e-8,2.667395615444371e-9,4508/4509/4535/4537/4538/4540,6
M5,GO:0036293,response to decreased oxygen levels,6/10,330/18805,0.01818181818181818,34.19090909090909,14.030974987566385,5.524768260460765e-9,1.4565298141214743e-8,2.995887094986699e-9,4512/4513/4519/4535/4538/4540,6
M5,GO:0009150,purine ribonucleotide metabolic process,6/10,350/18805,0.017142857142857144,32.23714285714286,13.606682699642906,7.855464857189639e-9,2.0100748311044075e-8,4.1344551879945474e-9,4508/4509/4535/4537/4538/4540,6
M5,GO:0006120,"mitochondrial electron transport, NADH to ubiquinone",4/10,51/18805,0.0784313725490196,147.49019607843138,24.162988586620042,9.9546513937757e-9,2.474441917881388e-8,5.089596201328929e-9,4535/4537/4538/4540,4
M5,GO:0009259,ribonucleotide metabolic process,6/10,371/18805,0.016172506738544475,30.412398921832885,13.198104635628846,1.1127111859296034e-8,2.689052032663208e-8,5.531020514854754e-9,4508/4509/4535/4537/4538/4540,6
M5,GO:0019693,ribose phosphate metabolic process,6/10,379/18805,0.0158311345646438,29.77044854881267,13.051326688697227,1.2638767371815545e-8,2.9718182739133847e-8,6.112632868303394e-9,4508/4509/4535/4537/4538/4540,6
M5,GO:0006163,purine nucleotide metabolic process,6/10,448/18805,0.013392857142857142,25.185267857142854,11.95069082425305,3.4248878062401346e-8,7.841190503760308e-8,1.6128280528000635e-8,4508/4509/4535/4537/4538/4540,6
M5,GO:0006123,"mitochondrial electron transport, cytochrome c to oxygen",3/10,24/18805,0.125,235.0625,26.465619246032613,2.1789372548830784e-7,4.860706183969944e-7,9.99782276194665e-8,4512/4513/4514,3
M5,GO:0010257,NADH dehydrogenase complex assembly,3/10,63/18805,0.047619047619047616,89.54761904761905,16.238396896079845,4.228735071340488e-6,8.97316954162494e-6,1.8456610067468113e-6,4535/4538/4540,3
M5,GO:0032981,mitochondrial respiratory chain complex I assembly,3/10,63/18805,0.047619047619047616,89.54761904761905,16.238396896079845,4.228735071340488e-6,8.97316954162494e-6,1.8456610067468113e-6,4535/4538/4540,3
M5,GO:0033108,mitochondrial respiratory chain complex assembly,3/10,122/18805,0.02459016393442623,46.24180327868852,11.563797334322727,3.092458989261922e-5,6.405807906328267e-5,1.3175890430439268e-5,4535/4538/4540,3
M5,GO:0006979,response to oxidative stress,4/10,408/18805,0.00980392156862745,18.436274509803923,8.213234662767698,4.134228497433222e-5,8.364601843643961e-5,1.720486767597669e-5,4512/4535/4537/4540,4
M5,GO:0055093,response to hyperoxia,2/10,20/18805,0.1,188.05,19.305056050620117,4.811215531253945e-5,9.513085254979391e-5,1.9567144505099778e-5,4508/4519,2
M5,GO:0036296,response to increased oxygen levels,2/10,27/18805,0.07407407407407407,139.29629629629628,16.587148026967117,8.870453747354586e-5,1.7149543911552202e-4,3.527431899532819e-5,4508/4519,2
M5,GO:0046688,response to copper ion,2/10,37/18805,0.05405405405405406,101.64864864864866,14.135258956314942,1.6783431926369104e-4,3.1742577773785044e-4,6.529023861516585e-5,4512/4519,2
M5,GO:0007005,mitochondrion organization,3/10,445/18805,0.006741573033707865,12.677528089887641,5.7504064681737805,0.001395371112891435,0.0025829209962032946,5.312723162184636e-4,4535/4538/4540,3
M5,GO:0021549,cerebellum development,2/10,108/18805,0.018518518518518517,34.82407407407407,8.131221406036017,0.0014270334798737378,0.00258649818227115,5.320080955669637e-4,4512/4538,2
M5,GO:0022037,metencephalon development,2/10,118/18805,0.01694915254237288,31.8728813559322,7.759832216563414,0.0017000508747627972,0.003018457675599252,6.20856388205533e-4,4512/4538,2
M5,GO:0045471,response to ethanol,2/10,131/18805,0.015267175572519083,28.709923664122137,7.34101744647715,0.0020893263094203694,0.0036354277783914426,7.477588896872903e-4,4519/4538,2
M5,GO:0030902,hindbrain development,2/10,161/18805,0.012422360248447204,23.360248447204967,6.572399771149098,0.0031335691991555385,0.005345500398559448,0.0010994979646159785,4512/4538,2
M5,GO:0046689,response to mercury ion,1/10,11/18805,0.09090909090909091,170.95454545454544,13.005392746731218,0.005835527460053669,0.009763286327397485,0.002008177466010372,4519,1
M5,GO:0006122,"mitochondrial electron transport, ubiquinol to cytochrome c",1/10,14/18805,0.07142857142857142,134.32142857142856,11.510468121087223,0.007421706718903298,0.012182801595180886,0.0025058394085671516,4519,1
M5,GO:0009642,response to light intensity,1/10,16/18805,0.0625,117.53125,10.756092276824337,0.008477893810179604,0.013658828916400474,0.002809438494601429,4537,1
M5,GO:0097305,response to alcohol,2/10,276/18805,0.007246376811594203,13.6268115942029,4.874456588761761,0.008936250109879642,0.014135522901082342,0.002907488074027826,4519/4538,2
M5,GO:0033194,response to hydroperoxide,1/10,20/18805,0.05,94.025,9.60092402624398,0.010587234076103957,0.016448024368232936,0.0033831387085294603,4535,1
M5,GO:0033762,response to glucagon,1/10,23/18805,0.043478260869565216,81.76086956521739,8.939185355744891,0.012166587988361455,0.018570055350656957,0.0038196121108429316,4519,1
M5,GO:0010038,response to metal ion,2/10,347/18805,0.005763688760806916,10.838616714697405,4.2668798593234705,0.013853584172465818,0.020780376258698725,0.00427424557045225,4512/4519,2
M5,GO:0008535,respiratory chain complex IV assembly,1/10,30/18805,0.03333333333333333,62.68333333333334,7.799063303963902,0.015842927043910326,0.02336160428508811,0.004805169665414373,4514,1
M5,GO:0017004,cytochrome complex assembly,1/10,42/18805,0.023809523809523808,44.773809523809526,6.550761771819405,0.022116583944306822,0.03206904671924489,0.006596174158828352,4514,1
M5,GO:0007595,lactation,1/10,43/18805,0.023255813953488372,43.73255813953488,6.4707930503241196,0.022637760417181796,0.03216949200488385,0.006616834411167883,4513,1
M5,GO:0009410,response to xenobiotic stimulus,2/10,453/18805,0.004415011037527594,8.30242825607064,3.6289305418095714,0.022925385106928722,0.03216949200488385,0.006616834411167883,4519/4535,2
M5,GO:0051602,response to electrical stimulus,1/10,45/18805,0.022222222222222223,41.78888888888889,6.3188154471387765,0.02367936345542665,0.03270007334320823,0.006725967898784512,4512,1
M5,GO:0046686,response to cadmium ion,1/10,50/18805,0.02,37.61,5.979022022248215,0.026279001562756532,0.03572301774937216,0.007347747147481268,4519,1
M5,GO:0035094,response to nicotine,1/10,53/18805,0.018867924528301886,35.4811320754717,5.79828569032647,0.02783579246410628,0.037257137605803785,0.007663295091332903,4538,1
M5,GO:0071385,cellular response to glucocorticoid stimulus,1/10,57/18805,0.017543859649122806,32.99122807017544,5.579494112160056,0.029908028995047964,0.03942422003892686,0.008109034974733899,4537,1
M5,GO:0031100,animal organ regeneration,1/10,66/18805,0.015151515151515152,28.492424242424242,5.160784866936503,0.03455603334368085,0.044211395601474024,0.009093692985179171,4519,1
M5,GO:0071384,cellular response to corticosteroid stimulus,1/10,66/18805,0.015151515151515152,28.492424242424242,5.160784866936503,0.03455603334368085,0.044211395601474024,0.009093692985179171,4537,1
M6,GO:0006096,glycolytic process,6/10,97/18805,0.061855670103092786,116.31958762886597,26.265109968395002,3.32558875533209e-12,2.1970596162272108e-10,8.752658552095447e-11,226/2023/2597/3939/5230/7167,6
M6,GO:0046032,ADP catabolic process,6/10,99/18805,0.06060606060606061,113.96969696969697,25.995193368250835,3.769640956884786e-12,2.1970596162272108e-10,8.752658552095447e-11,226/2023/2597/3939/5230/7167,6
M6,GO:0019364,pyridine nucleotide catabolic process,6/10,101/18805,0.0594059405940594,111.7128712871287,25.73330161746497,4.261974417880164e-12,2.1970596162272108e-10,8.752658552095447e-11,226/2023/2597/3939/5230/7167,6
M6,GO:0009137,purine nucleoside diphosphate catabolic process,6/10,102/18805,0.058823529411764705,110.61764705882354,25.60524177044207,4.527518570456177e-12,2.1970596162272108e-10,8.752658552095447e-11,226/2023/2597/3939/5230/7167,6
M6,GO:0009181,purine ribonucleoside diphosphate catabolic process,6/10,102/18805,0.058823529411764705,110.61764705882354,25.60524177044207,4.527518570456177e-12,2.1970596162272108e-10,8.752658552095447e-11,226/2023/2597/3939/5230/7167,6
M6,GO:0072526,pyridine-containing compound catabolic process,6/10,104/18805,0.057692307692307696,108.49038461538461,25.35466213034956,5.100043850531268e-12,2.1970596162272108e-10,8.752658552095447e-11,226/2023/2597/3939/5230/7167,6
M6,GO:0009191,ribonucleoside diphosphate catabolic process,6/10,105/18805,0.05714285714285714,107.45714285714284,25.232054190288522,5.408146747636211e-12,2.1970596162272108e-10,8.752658552095447e-11,226/2023/2597/3939/5230/7167,6
M6,GO:0046031,ADP metabolic process,6/10,105/18805,0.05714285714285714,107.45714285714284,25.232054190288522,5.408146747636211e-12,2.1970596162272108e-10,8.752658552095447e-11,226/2023/2597/3939/5230/7167,6
M6,GO:0009134,nucleoside diphosphate catabolic process,6/10,108/18805,0.05555555555555555,104.47222222222221,24.874459132891456,6.426901713358022e-12,2.3208256187126193e-10,9.245718254304523e-11,226/2023/2597/3939/5230/7167,6
M6,GO:0009135,purine nucleoside diphosphate metabolic process,6/10,117/18805,0.05128205128205128,96.43589743589743,23.885109474411635,1.048709579290922e-11,3.0984601206322697e-10,1.2343662990696976e-10,226/2023/2597/3939/5230/7167,6
M6,GO:0009179,purine ribonucleoside diphosphate metabolic process,6/10,117/18805,0.05128205128205128,96.43589743589743,23.885109474411635,1.048709579290922e-11,3.0984601206322697e-10,1.2343662990696976e-10,226/2023/2597/3939/5230/7167,6
M6,GO:0006090,pyruvate metabolic process,6/10,127/18805,0.047244094488188976,88.84251968503938,22.91107229987083,1.7301631701885396e-11,4.5373009373819373e-10,1.8075725191837353e-10,226/2023/2597/3939/5230/7167,6
M6,GO:0009185,ribonucleoside diphosphate metabolic process,6/10,128/18805,0.046875,88.1484375,22.819965664734017,1.814920374952775e-11,4.5373009373819373e-10,1.8075725191837353e-10,226/2023/2597/3939/5230/7167,6
M6,GO:0009154,purine ribonucleotide catabolic process,6/10,130/18805,0.046153846153846156,86.7923076923077,22.64089950509456,1.99482398082675e-11,4.6308413840620985e-10,1.8448372153510545e-10,226/2023/2597/3939/5230/7167,6
M6,GO:0009132,nucleoside diphosphate metabolic process,6/10,134/18805,0.04477611940298507,84.20149253731343,22.294805249564416,2.3993490553416055e-11,5.198589619906812e-10,2.0710170793474912e-10,226/2023/2597/3939/5230/7167,6
M6,GO:0009261,ribonucleotide catabolic process,6/10,136/18805,0.04411764705882353,82.96323529411765,22.127480939643757,2.6258731642624407e-11,5.333804864908082e-10,2.124884205291317e-10,226/2023/2597/3939/5230/7167,6
M6,GO:0006195,purine nucleotide catabolic process,6/10,139/18805,0.04316546762589928,81.1726618705036,21.883260425204977,2.998833481065557e-11,5.733064007919447e-10,2.283941288984914e-10,226/2023/2597/3939/5230/7167,6
M6,GO:0072523,purine-containing compound catabolic process,6/10,156/18805,0.038461538461538464,72.32692307692308,20.634405962652025,6.046368393089707e-11,1.091705404307864e-9,4.349142177485579e-10,226/2023/2597/3939/5230/7167,6
M6,GO:0009166,nucleotide catabolic process,6/10,162/18805,0.037037037037037035,69.64814814814814,20.24101981010745,7.602246659647484e-11,1.3003842970449642e-9,5.180478333166983e-10,226/2023/2597/3939/5230/7167,6
M6,GO:0016052,carbohydrate catabolic process,6/10,179/18805,0.0335195530726257,63.03351955307262,19.235217196134048,1.3916093661948671e-10,2.1262850037232026e-9,8.47070624965033e-10,226/2023/2597/3939/5230/7167,6
M6,GO:0019362,pyridine nucleotide metabolic process,6/10,180/18805,0.03333333333333333,62.68333333333334,19.180499052828168,1.4393313871357062e-10,2.1262850037232026e-9,8.47070624965033e-10,226/2023/2597/3939/5230/7167,6
M6,GO:0046496,nicotinamide nucleotide metabolic process,6/10,180/18805,0.03333333333333333,62.68333333333334,19.180499052828168,1.4393313871357062e-10,2.1262850037232026e-9,8.47070624965033e-10,226/2023/2597/3939/5230/7167,6
M6,GO:1901292,nucleoside phosphate catabolic process,6/10,184/18805,0.03260869565217391,61.32065217391304,18.966072050358065,1.644055357312461e-10,2.323121700550217e-9,9.254865398143374e-10,226/2023/2597/3939/5230/7167,6
M6,GO:0072524,pyridine-containing compound metabolic process,6/10,187/18805,0.03208556149732621,60.33689839572194,18.80975280034312,1.8130055412364402e-10,2.455111670424346e-9,9.780687788249218e-10,226/2023/2597/3939/5230/7167,6
M6,GO:0046034,ATP metabolic process,6/10,230/18805,0.02608695652173913,49.05652173913043,16.914368852123022,6.322832533073909e-10,8.219682292996081e-9,3.2745616908130145e-9,226/2023/2597/3939/5230/7167,6
M6,GO:0006091,generation of precursor metabolites and energy,7/10,484/18805,0.014462809917355372,27.197314049586776,13.46817702461224,8.044468419109749e-10,1.0055585523887187e-8,4.005949860528336e-9,226/664/2023/2597/3939/5230/7167,7
M6,GO:0046434,organophosphate catabolic process,6/10,242/18805,0.024793388429752067,46.62396694214876,16.47709329717027,8.588228186823405e-10,1.0337682076731875e-8,4.118331645143388e-9,226/2023/2597/3939/5230/7167,6
M6,GO:0009205,purine ribonucleoside triphosphate metabolic process,6/10,254/18805,0.023622047244094488,44.42125984251969,16.070876805500113,1.149063689657838e-9,1.3337346397814192e-8,5.313339617590755e-9,226/2023/2597/3939/5230/7167,6
M6,GO:1901136,carbohydrate derivative catabolic process,6/10,258/18805,0.023255813953488372,43.73255813953488,15.941745272369731,1.2622436346953938e-9,1.4145833837103552e-8,5.6354253019068395e-9,226/2023/2597/3939/5230/7167,6
M6,GO:0009144,purine nucleoside triphosphate metabolic process,6/10,261/18805,0.022988505747126436,43.229885057471265,15.84683003551812,1.3530758804891254e-9,1.41854729406118e-8,5.6512167504299636e-9,226/2023/2597/3939/5230/7167,6
M6,GO:0009199,ribonucleoside triphosphate metabolic process,6/10,261/18805,0.022988505747126436,43.229885057471265,15.84683003551812,1.3530758804891254e-9,1.41854729406118e-8,5.6512167504299636e-9,226/2023/2597/3939/5230/7167,6
M6,GO:0009141,nucleoside triphosphate metabolic process,6/10,277/18805,0.021660649819494584,40.73285198555956,15.366653875075643,1.9343613369446125e-9,1.964585732834372e-8,7.82652777776932e-9,226/2023/2597/3939/5230/7167,6
M6,GO:0009150,purine ribonucleotide metabolic process,6/10,350/18805,0.017142857142857144,32.23714285714286,13.606682699642906,7.855464857189639e-9,7.736442662383734e-8,3.0820484128686615e-8,226/2023/2597/3939/5230/7167,6
M6,GO:0009259,ribonucleotide metabolic process,6/10,371/18805,0.016172506738544475,30.412398921832885,13.198104635628846,1.1127111859296034e-8,1.0636209865503561e-7,4.237259314840285e-8,226/2023/2597/3939/5230/7167,6
M6,GO:0019693,ribose phosphate metabolic process,6/10,379/18805,0.0158311345646438,29.77044854881267,13.051326688697227,1.2638767371815545e-8,1.173599827382872e-7,4.675393644310714e-8,226/2023/2597/3939/5230/7167,6
M6,GO:0006163,purine nucleotide metabolic process,6/10,448/18805,0.013392857142857142,25.185267857142854,11.95069082425305,3.4248878062401346e-8,3.0919126028556773e-7,1.231757895226715e-7,226/2023/2597/3939/5230/7167,6
M6,GO:0019318,hexose metabolic process,5/10,237/18805,0.02109704641350211,39.67299578059071,13.819851654775295,7.296755956618296e-8,6.409312664597152e-7,2.553345612131011e-7,226/2023/2597/5230/7167,5
M6,GO:0061621,canonical glycolysis,3/10,19/18805,0.15789473684210525,296.9210526315789,29.767301129942012,1.0446352337271081e-7,8.705293614392567e-7,3.4680198042762293e-7,2023/5230/7167,3
M6,GO:0061718,glucose catabolic process to pyruvate,3/10,19/18805,0.15789473684210525,296.9210526315789,29.767301129942012,1.0446352337271081e-7,8.705293614392567e-7,3.4680198042762293e-7,2023/5230/7167,3
M6,GO:0005996,monosaccharide metabolic process,5/10,260/18805,0.019230769230769232,36.16346153846154,13.169486226836506,1.1578715538779328e-7,9.407706375258204e-7,3.747847398078572e-7,226/2023/2597/5230/7167,5
M6,GO:0061620,glycolytic process through glucose-6-phosphate,3/10,21/18805,0.14285714285714285,268.6428571428571,28.305786148538395,1.4330121471334325e-7,1.1359242629716234e-6,4.525301517263471e-7,2023/5230/7167,3
M6,GO:0061615,glycolytic process through fructose-6-phosphate,3/10,25/18805,0.12,225.66,25.92697931243821,2.475373334383194e-7,1.9154674611298524e-6,7.630850128549695e-7,2023/5230/7167,3
M6,GO:0006007,glucose catabolic process,3/10,28/18805,0.10714285714285714,201.48214285714283,24.487562891671345,3.5228383539324666e-7,2.6626103837861666e-6,1.0607322338646106e-6,2023/5230/7167,3
M6,GO:0071456,cellular response to hypoxia,4/10,156/18805,0.02564102564102564,48.217948717948715,13.659839518369266,9.205226000746914e-7,6.799314659642608e-6,2.708714827970982e-6,664/2023/26355/5230,4
M6,GO:0006734,NADH metabolic process,3/10,40/18805,0.075,141.0375,20.4505040422355,1.058886250748369e-6,7.647511810960444e-6,3.0466200898725e-6,2023/5230/7167,3
M6,GO:0036294,cellular response to decreased oxygen levels,4/10,163/18805,0.024539877300613498,46.147239263803684,13.353118562891403,1.097069594376269e-6,7.751035177658423e-6,3.087861787374853e-6,664/2023/26355/5230,4
M6,GO:0071453,cellular response to oxygen levels,4/10,179/18805,0.0223463687150838,42.022346368715084,12.720118864482377,1.5942646645224155e-6,1.1024170552548617e-5,4.3918153132420405e-6,664/2023/26355/5230,4
M6,GO:0006006,glucose metabolic process,4/10,193/18805,0.02072538860103627,38.97409326424871,12.231324872588024,2.152211528134152e-6,1.4572265555074987e-5,5.80530741141449e-6,2023/2597/5230/7167,4
M6,GO:0019320,hexose catabolic process,3/10,51/18805,0.058823529411764705,110.61764705882354,18.081004911457548,2.2250609993651853e-6,1.4758057648850718e-5,5.879323371040124e-6,2023/5230/7167,3
M6,GO:0046365,monosaccharide catabolic process,3/10,55/18805,0.05454545454545454,102.57272727272728,17.400502032412728,2.7999628800751025e-6,1.8199758720488166e-5,7.250430194720791e-6,2023/5230/7167,3
M6,GO:0006094,gluconeogenesis,3/10,89/18805,0.033707865168539325,63.387640449438194,13.607896639274413,1.2005534925042778e-5,7.650585981644906e-5,3.0478447797322225e-5,2023/5230/7167,3
M6,GO:0019319,hexose biosynthetic process,3/10,92/18805,0.03260869565217391,61.32065217391304,13.378030738696653,1.3264677888592406e-5,8.290423680370253e-5,3.3027436848114696e-5,2023/5230/7167,3
M6,GO:0046364,monosaccharide biosynthetic process,3/10,94/18805,0.031914893617021274,60.015957446808514,13.230883363748326,1.4150784732222505e-5,8.677367996174177e-5,3.4568947806621014e-5,2023/5230/7167,3
M6,GO:0001666,response to hypoxia,4/10,316/18805,0.012658227848101266,23.80379746835443,9.429701852857038,1.5168968507442725e-5,9.129471786886824e-5,3.637004145059367e-5,664/2023/26355/5230,4
M6,GO:0036293,response to decreased oxygen levels,4/10,330/18805,0.012121212121212121,22.793939393939393,9.213071497359394,1.7990641035951198e-5,1.0630833339425708e-4,4.235117411333966e-5,664/2023/26355/5230,4
M6,GO:0070482,response to oxygen levels,4/10,358/18805,0.0111731843575419,21.011173184357542,8.817696492340591,2.477445632921184e-5,1.4378032691060444e-4,5.727928812956873e-5,664/2023/26355/5230,4
M6,GO:0090200,positive regulation of release of cytochrome c from mitochondria,2/10,21/18805,0.09523809523809523,179.0952380952381,18.835270918162728,5.316150837546855e-5,3.0311386354433823e-4,1.207546727642222e-4,664/26355,2
M6,GO:0031639,plasminogen activation,2/10,27/18805,0.07407407407407407,139.29629629629628,16.587148026967117,8.870453747354586e-5,4.970512875672829e-4,1.980155736705289e-4,2023/5230,2
M6,GO:0016051,carbohydrate biosynthetic process,3/10,207/18805,0.014492753623188406,27.2536231884058,8.760830035945878,1.4901168918545637e-4,8.208271014453106e-4,3.270015659199132e-4,2023/5230/7167,3
M6,GO:0090199,regulation of release of cytochrome c from mitochondria,2/10,41/18805,0.04878048780487805,91.73170731707317,13.415048762046359,2.0640846739366361e-4,0.0011180458650490114,4.4540774542843197e-4,664/26355,2
M6,GO:0031638,zymogen activation,2/10,46/18805,0.043478260869565216,81.76086956521739,12.64966478179419,2.6015842104188877e-4,0.0013860899481739977,5.521912991915844e-4,2023/5230,2
M6,GO:0072522,purine-containing compound biosynthetic process,3/10,264/18805,0.011363636363636364,21.36931818181818,7.688043552041414,3.051677418013127e-4,0.0015996696142810748,6.372772876326225e-4,226/2023/5230,3
M6,GO:0001836,release of cytochrome c from mitochondria,2/10,54/18805,0.037037037037037035,69.64814814814814,11.6524552954894,3.588817349027112e-4,0.0018513740292600183,7.37551435138404e-4,664/26355,2
M6,GO:0051402,neuron apoptotic process,3/10,309/18805,0.009708737864077669,18.257281553398055,7.055319284252915,4.839838156402883e-4,0.002457730313798339,9.791119954565043e-4,664/26355/2597,3
M6,GO:1901293,nucleoside phosphate biosynthetic process,3/10,322/18805,0.009316770186335404,17.52018633540373,6.8970059691051455,5.458908407649294e-4,0.002729454203824647,0.0010873615127787257,226/2023/5230,3
M6,GO:0044282,small molecule catabolic process,3/10,370/18805,0.008108108108108109,15.247297297297298,6.384335981435494,8.180917665485797e-4,0.004028482183761945,0.0016048690157173093,2023/5230/7167,3
M6,GO:0006754,ATP biosynthetic process,2/10,100/18805,0.02,37.61,8.46690776646407,0.0012253152925721406,0.005943693583372323,0.002367852018639015,226/2023,2
M6,GO:0008637,apoptotic mitochondrial changes,2/10,107/18805,0.018691588785046728,35.14953271028037,8.17114717123843,0.0014010044911469447,0.006695977347393485,0.0026675472509454213,664/26355,2
M6,GO:0009206,purine ribonucleoside triphosphate biosynthetic process,2/10,111/18805,0.018018018018018018,33.88288288288288,8.014643553284497,0.0015065117523230408,0.00709588868847809,0.0028268641576771015,226/2023,2
M6,GO:0009145,purine nucleoside triphosphate biosynthetic process,2/10,112/18805,0.017857142857142856,33.58035714285714,7.976811057608818,0.0015334675992014774,0.007119670996292574,0.002836338566944086,226/2023,2
M6,GO:0009201,ribonucleoside triphosphate biosynthetic process,2/10,117/18805,0.017094017094017096,32.14529914529915,7.794853924839333,0.0016717108456724562,0.007545917011715949,0.0030061466961653818,226/2023,2
M6,GO:0010821,regulation of mitochondrion organization,2/10,117/18805,0.017094017094017096,32.14529914529915,7.794853924839333,0.0016717108456724562,0.007545917011715949,0.0030061466961653818,664/26355,2
M6,GO:0009142,nucleoside triphosphate biosynthetic process,2/10,125/18805,0.016,30.088,7.5263496145531565,0.0019048593466571566,0.008480538187172272,0.0033784816097884676,226/2023,2
M6,GO:0009152,purine ribonucleotide biosynthetic process,2/10,157/18805,0.012738853503184714,23.955414012738853,6.6622784807158615,0.0029827084014367273,0.01309973284414779,0.0052186789954013855,226/2023,2
M6,GO:0009260,ribonucleotide biosynthetic process,2/10,173/18805,0.011560693641618497,21.739884393063583,6.3212592372844405,0.0036073525819471605,0.015631861188437693,0.006227429720414044,226/2023,2
M6,GO:0046390,ribose phosphate biosynthetic process,2/10,180/18805,0.011111111111111112,20.894444444444446,6.186198964980426,0.0038983118034287318,0.01667041231729392,0.0066411683077802494,226/2023,2
M6,GO:0016241,regulation of macroautophagy,2/10,191/18805,0.010471204188481676,19.691099476439792,5.9887424166437615,0.004377053064295406,0.018474574622026067,0.007359911509341559,664/2597,2
M6,GO:0006164,purine nucleotide biosynthetic process,2/10,198/18805,0.010101010101010102,18.9949494949495,5.87149918099417,0.004695298436801608,0.01956374348667337,0.007793815218982428,226/2023,2
M6,GO:0032025,response to cobalt ion,1/10,10/18805,0.1,188.05,13.647104080688377,0.00530629430991314,0.0210310445209972,0.008378359436704959,664,1
M6,GO:0035694,mitochondrial protein catabolic process,1/10,10/18805,0.1,188.05,13.647104080688377,0.00530629430991314,0.0210310445209972,0.008378359436704959,664,1
M6,GO:0046174,polyol catabolic process,1/10,10/18805,0.1,188.05,13.647104080688377,0.00530629430991314,0.0210310445209972,0.008378359436704959,7167,1
M6,GO:1900038,negative regulation of cellular response to hypoxia,1/10,10/18805,0.1,188.05,13.647104080688377,0.00530629430991314,0.0210310445209972,0.008378359436704959,2023,1
M6,GO:0140507,granzyme-mediated programmed cell death signaling pathway,1/10,11/18805,0.09090909090909091,170.95454545454544,13.005392746731218,0.005835527460053669,0.022577933625207647,0.008994609994819564,664,1
M6,GO:2001171,positive regulation of ATP biosynthetic process,1/10,11/18805,0.09090909090909091,170.95454545454544,13.005392746731218,0.005835527460053669,0.022577933625207647,0.008994609994819564,2023,1
M6,GO:0016485,protein processing,2/10,227/18805,0.00881057268722467,16.568281938325992,5.443247647345177,0.006124777858745295,0.023145962838281638,0.009220901794683859,2023/5230,2
M6,GO:0042180,ketone metabolic process,2/10,227/18805,0.00881057268722467,16.568281938325992,5.443247647345177,0.006124777858745295,0.023145962838281638,0.009220901794683859,5230/7167,2
M6,GO:0019682,glyceraldehyde-3-phosphate metabolic process,1/10,12/18805,0.08333333333333333,156.70833333333331,12.445386214833484,0.006364507173015732,0.023775457830231182,0.009471680366375499,7167,1
M6,GO:0009165,nucleotide biosynthetic process,2/10,234/18805,0.008547008547008548,16.072649572649574,5.351602429162656,0.006496278936698567,0.023991939254852664,0.009557922359018225,226/2023,2
M6,GO:0010917,negative regulation of mitochondrial membrane potential,1/10,13/18805,0.07692307692307693,144.65384615384616,11.95105895194235,0.006893233556683698,0.025171920291260693,0.01002800387311762,664,1
M6,GO:0006000,fructose metabolic process,1/10,14/18805,0.07142857142857142,134.32142857142856,11.510468121087223,0.007421706718903298,0.02566015620897417,0.010222507574749223,226,1
M6,GO:0006086,pyruvate decarboxylation to acetyl-CoA,1/10,14/18805,0.07142857142857142,134.32142857142856,11.510468121087223,0.007421706718903298,0.02566015620897417,0.010222507574749223,5230,1
M6,GO:0030810,positive regulation of nucleotide biosynthetic process,1/10,14/18805,0.07142857142857142,134.32142857142856,11.510468121087223,0.007421706718903298,0.02566015620897417,0.010222507574749223,2023,1
M6,GO:0045837,negative regulation of membrane potential,1/10,14/18805,0.07142857142857142,134.32142857142856,11.510468121087223,0.007421706718903298,0.02566015620897417,0.010222507574749223,664,1
M6,GO:1900373,positive regulation of purine nucleotide biosynthetic process,1/10,14/18805,0.07142857142857142,134.32142857142856,11.510468121087223,0.007421706718903298,0.02566015620897417,0.010222507574749223,2023,1
M6,GO:0010635,regulation of mitochondrial fusion,1/10,15/18805,0.06666666666666667,125.36666666666667,11.114506650112087,0.007949926767479965,0.02663635257145349,0.010611405234943415,664,1
M6,GO:0017014,protein nitrosylation,1/10,15/18805,0.06666666666666667,125.36666666666667,11.114506650112087,0.007949926767479965,0.02663635257145349,0.010611405234943415,2597,1
M6,GO:0018119,peptidyl-cysteine S-nitrosylation,1/10,15/18805,0.06666666666666667,125.36666666666667,11.114506650112087,0.007949926767479965,0.02663635257145349,0.010611405234943415,2597,1
M6,GO:0042762,regulation of sulfur metabolic process,1/10,17/18805,0.058823529411764705,110.61764705882354,10.429623159173875,0.009005607954727046,0.02986553658455398,0.011897849392389116,5230,1
M6,GO:0006089,lactate metabolic process,1/10,18/18805,0.05555555555555555,104.47222222222221,10.13060232219152,0.009533069308806819,0.030374975738845254,0.012100800051426613,3939,1
M6,GO:0010755,regulation of plasminogen activation,1/10,18/18805,0.05555555555555555,104.47222222222221,10.13060232219152,0.009533069308806819,0.030374975738845254,0.012100800051426613,2023,1
M6,GO:0046184,aldehyde biosynthetic process,1/10,18/18805,0.05555555555555555,104.47222222222221,10.13060232219152,0.009533069308806819,0.030374975738845254,0.012100800051426613,7167,1
M6,GO:2001169,regulation of ATP biosynthetic process,1/10,18/18805,0.05555555555555555,104.47222222222221,10.13060232219152,0.009533069308806819,0.030374975738845254,0.012100800051426613,2023,1
M6,GO:0006071,glycerol metabolic process,1/10,19/18805,0.05263157894736842,98.97368421052632,9.855372352758925,0.010060277980064258,0.03174359556816392,0.012646031594766516,7167,1
M6,GO:0010663,positive regulation of striated muscle cell apoptotic process,1/10,20/18805,0.05,94.025,9.60092402624398,0.010587234076103957,0.03215748667975501,0.012810917770396326,664,1
M6,GO:0010666,positive regulation of cardiac muscle cell apoptotic process,1/10,20/18805,0.05,94.025,9.60092402624398,0.010587234076103957,0.03215748667975501,0.012810917770396326,664,1
M6,GO:0055093,response to hyperoxia,1/10,20/18805,0.05,94.025,9.60092402624398,0.010587234076103957,0.03215748667975501,0.012810917770396326,664,1
M6,GO:1900037,regulation of cellular response to hypoxia,1/10,20/18805,0.05,94.025,9.60092402624398,0.010587234076103957,0.03215748667975501,0.012810917770396326,2023,1
M6,GO:0006085,acetyl-CoA biosynthetic process,1/10,21/18805,0.047619047619047616,89.54761904761905,9.364755687787056,0.011113937704490429,0.033137887651003575,0.013201490465015186,5230,1
M6,GO:0090141,positive regulation of mitochondrial fission,1/10,21/18805,0.047619047619047616,89.54761904761905,9.364755687787056,0.011113937704490429,0.033137887651003575,0.013201490465015186,664,1
M6,GO:0019400,alditol metabolic process,1/10,22/18805,0.045454545454545456,85.47727272727272,9.144768209912957,0.011640388972747995,0.03377791442984909,0.013456464695939882,7167,1
M6,GO:0035795,negative regulation of mitochondrial membrane permeability,1/10,22/18805,0.045454545454545456,85.47727272727272,9.144768209912957,0.011640388972747995,0.03377791442984909,0.013456464695939882,664,1
M6,GO:0061709,reticulophagy,1/10,22/18805,0.045454545454545456,85.47727272727272,9.144768209912957,0.011640388972747995,0.03377791442984909,0.013456464695939882,664,1
M6,GO:0030808,regulation of nucleotide biosynthetic process,1/10,23/18805,0.043478260869565216,81.76086956521739,8.939185355744891,0.012166587988361455,0.03438383561928238,0.013697851922823424,2023,1
M6,GO:0060706,cell differentiation involved in embryonic placenta development,1/10,23/18805,0.043478260869565216,81.76086956521739,8.939185355744891,0.012166587988361455,0.03438383561928238,0.013697851922823424,3880,1
M6,GO:1900371,regulation of purine nucleotide biosynthetic process,1/10,23/18805,0.043478260869565216,81.76086956521739,8.939185355744891,0.012166587988361455,0.03438383561928238,0.013697851922823424,2023,1
M6,GO:0097193,intrinsic apoptotic signaling pathway,2/10,330/18805,0.006060606060606061,11.396969696969697,4.395168007152402,0.012588190319467264,0.03525704127437739,0.014045720086634557,664/2023,2
M6,GO:0051560,mitochondrial calcium ion homeostasis,1/10,24/18805,0.041666666666666664,78.35416666666666,8.74649259105644,0.012692534858775861,0.03525704127437739,0.014045720086634557,664,1
M6,GO:0010954,positive regulation of protein processing,1/10,25/18805,0.04,75.22,8.565389497770692,0.01321822969139419,0.03579937208085927,0.014261774140714785,2023,1
M6,GO:0046716,muscle cell cellular homeostasis,1/10,25/18805,0.04,75.22,8.565389497770692,0.01321822969139419,0.03579937208085927,0.014261774140714785,226,1
M6,GO:1905709,negative regulation of membrane permeability,1/10,25/18805,0.04,75.22,8.565389497770692,0.01321822969139419,0.03579937208085927,0.014261774140714785,664,1
M6,GO:0062012,regulation of small molecule metabolic process,2/10,347/18805,0.005763688760806916,10.838616714697405,4.2668798593234705,0.013853584172465818,0.03721004013265612,0.014823756878758552,2023/5230,2
M6,GO:0036296,response to increased oxygen levels,1/10,27/18805,0.037037037037037035,69.64814814814814,8.233604410279474,0.014268863672663445,0.03770228206191561,0.015019856497540469,664,1
M6,GO:1903319,positive regulation of protein maturation,1/10,27/18805,0.037037037037037035,69.64814814814814,8.233604410279474,0.014268863672663445,0.03770228206191561,0.015019856497540469,2023,1
M6,GO:0006936,muscle contraction,2/10,359/18805,0.005571030640668524,10.47632311977716,4.181575466487423,0.014779299136975663,0.0381586189418624,0.015201652242426153,226/2023,2
M6,GO:0010506,regulation of autophagy,2/10,359/18805,0.005571030640668524,10.47632311977716,4.181575466487423,0.014779299136975663,0.0381586189418624,0.015201652242426153,664/2597,2
M6,GO:1903599,positive regulation of autophagy of mitochondrion,1/10,28/18805,0.03571428571428571,67.16071428571428,8.081092056082866,0.014793803035922037,0.0381586189418624,0.015201652242426153,664,1
M6,GO:0090140,regulation of mitochondrial fission,1/10,30/18805,0.03333333333333333,62.68333333333334,7.799063303963902,0.015842927043910326,0.04054292353756579,0.01615151285869018,664,1
M6,GO:0016236,macroautophagy,2/10,374/18805,0.0053475935828877,10.056149732620321,4.080457907727248,0.01597373501467339,0.04055831156069416,0.016157643148066014,664/2597,2
M6,GO:0097345,mitochondrial outer membrane permeabilization,1/10,33/18805,0.030303030303030304,56.984848484848484,7.424652989693804,0.01741472786703313,0.04387431439368812,0.017478674236189925,664,1
M6,GO:0018198,peptidyl-cysteine modification,1/10,34/18805,0.029411764705882353,55.30882352941177,7.310887564337707,0.017938159186090097,0.04450306668304795,0.017729156929602908,2597,1
M6,GO:0051873,killing by host of symbiont cells,1/10,34/18805,0.029411764705882353,55.30882352941177,7.310887564337707,0.017938159186090097,0.04450306668304795,0.017729156929602908,2597,1
M6,GO:0008053,mitochondrial fusion,1/10,35/18805,0.02857142857142857,53.72857142857142,7.201978943386955,0.018461339539195154,0.0447756369420778,0.017837743623888482,664,1
M6,GO:0034249,negative regulation of amide metabolic process,1/10,35/18805,0.02857142857142857,53.72857142857142,7.201978943386955,0.018461339539195154,0.0447756369420778,0.017837743623888482,5230,1
M6,GO:1903715,regulation of aerobic respiration,1/10,35/18805,0.02857142857142857,53.72857142857142,7.201978943386955,0.018461339539195154,0.0447756369420778,0.017837743623888482,664,1
M6,GO:0006084,acetyl-CoA metabolic process,1/10,36/18805,0.027777777777777776,52.23611111111111,7.097588202496823,0.01898426903331396,0.04570286989501509,0.01820713521323678,5230,1
M6,GO:1903580,positive regulation of ATP metabolic process,1/10,37/18805,0.02702702702702703,50.82432432432433,6.997408669701019,0.019506947775370653,0.04661586784555487,0.018570855854261537,2023,1
M6,GO:0043243,positive regulation of protein-containing complex disassembly,1/10,38/18805,0.02631578947368421,49.48684210526316,6.901162082143884,0.020029375872251176,0.04717063158320023,0.018791862946505682,664,1
M6,GO:0046164,alcohol catabolic process,1/10,38/18805,0.02631578947368421,49.48684210526316,6.901162082143884,0.020029375872251176,0.04717063158320023,0.018791862946505682,7167,1
M6,GO:0009615,response to virus,2/10,425/18805,0.004705882352941176,8.84941176470588,3.775398332326859,0.020337111233611743,0.04737060187950267,0.01887152722649013,664/2023,2
M6,GO:0007339,binding of sperm to zona pellucida,1/10,39/18805,0.02564102564102564,48.217948717948715,6.808595288229913,0.02055155343079962,0.04737060187950267,0.01887152722649013,226,1
M6,GO:0010661,positive regulation of muscle cell apoptotic process,1/10,39/18805,0.02564102564102564,48.217948717948715,6.808595288229913,0.02055155343079962,0.04737060187950267,0.01887152722649013,664,1
M6,GO:0030162,regulation of proteolysis,2/10,430/18805,0.004651162790697674,8.746511627906976,3.748268448880834,0.020789467648501085,0.047561674870082095,0.01894764699277764,2023/2597,2
M6,GO:0051702,biological process involved in interaction with symbiont,1/10,40/18805,0.025,47.0125,6.719477406004542,0.02107348055782099,0.047561674870082095,0.01894764699277764,2597,1
M6,GO:1902110,positive regulation of mitochondrial membrane permeability involved in apoptotic process,1/10,40/18805,0.025,47.0125,6.719477406004542,0.02107348055782099,0.047561674870082095,0.01894764699277764,664,1
M6,GO:0045981,positive regulation of nucleotide metabolic process,1/10,41/18805,0.024390243902439025,45.86585365853659,6.633597364995773,0.021595157360081996,0.048039900332040475,0.01913816272337159,2023,1
M6,GO:1900544,positive regulation of purine nucleotide metabolic process,1/10,41/18805,0.024390243902439025,45.86585365853659,6.633597364995773,0.021595157360081996,0.048039900332040475,0.01913816272337159,2023,1
M6,GO:0000266,mitochondrial fission,1/10,42/18805,0.023809523809523808,44.773809523809526,6.550761771819405,0.022116583944306822,0.048039900332040475,0.01913816272337159,664,1
M6,GO:0010951,negative regulation of endopeptidase activity,1/10,42/18805,0.023809523809523808,44.773809523809526,6.550761771819405,0.022116583944306822,0.048039900332040475,0.01913816272337159,2597,1
M6,GO:1902686,mitochondrial outer membrane permeabilization involved in programmed cell death,1/10,42/18805,0.023809523809523808,44.773809523809526,6.550761771819405,0.022116583944306822,0.048039900332040475,0.01913816272337159,664,1
M6,GO:0007005,mitochondrion organization,2/10,445/18805,0.0044943820224719105,8.451685393258428,3.6694597995697595,0.02217226169171099,0.048039900332040475,0.01913816272337159,664/26355,2
M6,GO:0035794,positive regulation of mitochondrial membrane permeability,1/10,44/18805,0.022727272727272728,42.73863636363636,6.393527815491144,0.023158686885353386,0.04984485587907186,0.01985722193724968,664,1
