Cluster,ID,Description,GeneRatio,BgRatio,RichFactor,FoldEnrichment,zScore,pvalue,p.adjust,qvalue,geneID,Count
M0,GO:0002181,cytoplasmic translation,67/156,169/18805,0.39644970414201186,47.78997875891367,55.88297205946818,1.6129372679998218e-99,4.624291147355489e-96,3.5943033645848666e-96,1968/79727/6134/4736/6135/6136/6137/23521/9045/6138/6141/6142/6143/6144/6147/6154/6157/6158/6159/6122/6156/6160/6161/6164/11224/6165/25873/6167/6168/6170/6124/6171/6125/6128/6129/6130/6132/6133/6175/6176/6181/6206/6207/6208/6209/6210/6217/6222/6223/6187/6224/6228/6229/6230/6232/6233/6234/6235/6188/6189/6191/6193/6194/6201/6202/6203/3921,67
M0,GO:0042274,ribosomal small subunit biogenesis,22/156,108/18805,0.2037037037037037,24.55543684710351,22.45312129758134,9.464246690500754e-25,1.356699763083283e-21,1.0545163286205315e-21,4869/6206/6207/6208/6209/6210/6217/6223/6228/6229/6230/6232/6233/6234/6189/6191/6193/6194/6201/6202/6203/3921,22
M0,GO:0042254,ribosome biogenesis,31/156,317/18805,0.09779179810725552,11.788299765429104,17.717290910183838,1.8080054012108077e-24,1.7278504950904617e-21,1.3429990997765896e-21,4869/6135/9045/6154/11224/6165/6125/6129/6130/6175/6206/6207/6208/6209/6210/6217/6223/6228/6229/6230/6232/6233/6234/6189/6191/6193/6194/6201/6202/6203/3921,31
M0,GO:0022613,ribonucleoprotein complex biogenesis,34/156,494/18805,0.06882591093117409,8.296610609363645,15.031013312204793,7.931386041854941e-22,5.684820945499528e-19,4.41861690805445e-19,1968/4869/6135/23521/9045/6154/11224/6165/6125/6129/6130/6175/6206/6207/6208/6209/6210/6217/6223/6228/6229/6230/6232/6233/6234/6189/6191/6193/6194/6201/6202/6203/3921/6431,34
M0,GO:0006364,rRNA processing,19/156,222/18805,0.08558558558558559,10.316903441903442,12.77173251555699,3.180613613985558e-14,1.8237638462593187e-11,1.4175492675384057e-11,6135/9045/6154/11224/6165/6125/6129/6130/6208/6209/6217/6223/6229/6230/6232/6234/6194/6201/6202,19
M0,GO:0016072,rRNA metabolic process,20/156,265/18805,0.07547169811320754,9.097726173197872,12.142016114473048,7.065436114845654e-14,3.3761008902104146e-11,2.624127764057588e-11,6135/9045/6154/11224/6165/6125/6129/6130/6208/6209/6217/6223/6229/6230/6232/6234/6194/6201/6202/7157,20
M0,GO:0042255,ribosome assembly,10/156,60/18805,0.16666666666666666,20.090811965811966,13.546183328272832,6.097373106458633e-11,2.4973098137452714e-8,1.9410735137402895e-8,4869/6135/6125/6208/6209/6223/6232/6234/6193/3921,10
M0,GO:0000028,ribosomal small subunit assembly,7/156,21/18805,0.3333333333333333,40.18162393162393,16.430761263259004,2.490913211165071e-10,8.926810220512823e-8,6.938504300047968e-8,6208/6209/6223/6232/6234/6193/3921,7
M0,GO:0042273,ribosomal large subunit biogenesis,9/156,65/18805,0.13846153846153847,16.690828402366865,11.589839024055747,3.1726751710270924e-9,1.0106733017038526e-6,7.855617938086966e-7,4869/6135/9045/6154/11224/6165/6125/6129/6130,9
M0,GO:0030901,midbrain development,10/156,93/18805,0.10752688172043011,12.961814171491591,10.576404861948529,5.172560816911478e-9,1.4829731862085206e-6,1.1526643420422735e-6,60/805/998/1499/22943/3939/5354/6423/6469/7531,10
M0,GO:1901798,positive regulation of signal transduction by p53 class mediator,6/156,27/18805,0.2222222222222222,26.787749287749286,12.263947987316234,7.585319469090576e-8,1.97701008344388e-5,1.536662326896148e-5,6135/6154/6167/6209/6224/6201,6
M0,GO:0060485,mesenchyme development,15/156,342/18805,0.043859649122807015,5.287055780476833,7.317802741137251,1.722736005207174e-7,4.115903439107473e-5,3.19915098510841e-5,58/59/70/998/1277/286204/1499/22943/2487/4192/4194/6201/6423/6469/6934,15
M0,GO:0022618,protein-RNA complex assembly,12/156,228/18805,0.05263157894736842,6.344466936572199,7.425807274264664,4.572857898490646e-7,1.0084910457671295e-4,7.838656008991659e-5,1968/6135/23521/6125/6208/6209/6223/6232/6234/6193/3921/6431,12
M0,GO:0140694,membraneless organelle assembly,16/156,427/18805,0.03747072599531616,4.516903861166156,6.723338177289595,5.486571002833963e-7,1.1235713617946409e-4,8.733135949623685e-5,58/70/71/10398/4869/6135/6125/6208/6209/6223/6228/6232/6234/6188/6193/3921,16
M0,GO:0071826,protein-RNA complex organization,12/156,237/18805,0.05063291139240506,6.103537812398572,7.23140344952481,6.904512358237575e-7,1.3196824620711418e-4,1.0257440464834349e-4,1968/6135/23521/6125/6208/6209/6223/6232/6234/6193/3921/6431,12
M0,GO:0072331,signal transduction by p53 class mediator,10/156,165/18805,0.06060606060606061,7.305749805749806,7.440727490980812,1.2006354207670912e-6,2.1513885945870315e-4,1.6722007801078502e-4,54541/4194/6135/6154/6167/6125/6209/6224/6201/7157,10
M0,GO:0021762,substantia nigra development,6/156,46/18805,0.13043478260869565,15.723244147157189,9.144021402614012,2.1076657021206358e-6,3.5545162164587427e-4,2.762803895597143e-4,60/805/998/3939/5354/7531,6
M0,GO:0050767,regulation of neurogenesis,14/156,372/18805,0.03763440860215054,4.536634960022057,6.3012010980879065,2.7630833931192157e-6,4.285728664022178e-4,3.3311503246507266e-4,1382/1499/7852/63950/1946/3400/79727/4192/5530/283659/5802/6469/6498/7157,14
M0,GO:1901796,regulation of signal transduction by p53 class mediator,8/156,106/18805,0.07547169811320754,9.097726173197872,7.646566585657264,2.8402108341967696e-6,4.285728664022178e-4,3.3311503246507266e-4,6135/6154/6167/6125/6209/6224/6201/7157,8
M0,GO:0090090,negative regulation of canonical Wnt signaling pathway,9/156,149/18805,0.06040268456375839,7.281233866804337,7.040256419392229,4.282319362237546e-6,6.138704805767522e-4,4.771405310450993e-4,348/1499/22943/2487/2719/4192/6423/6469/6934,9
M0,GO:2000179,positive regulation of neural precursor cell proliferation,6/156,53/18805,0.11320754716981132,13.646589259796807,8.43232228906109,4.9244986274505066e-6,6.723113126143144e-4,5.225645911936202e-4,1499/63950/3400/4192/10763/6469,6
M0,GO:0051960,regulation of nervous system development,15/156,454/18805,0.03303964757709251,3.982760081328363,5.8840455629441974,5.885328181495684e-6,7.669652680158239e-4,5.961358736950415e-4,1382/1499/7852/22943/63950/1946/3400/79727/4192/5530/283659/5802/6469/6498/7157,15
M0,GO:0030900,forebrain development,14/156,413/18805,0.03389830508474576,4.086266840504129,5.800342856969639,9.147414953454854e-6,0.0011402451596328291,8.862735678015528e-4,558/1499/7852/22943/63950/1943/27086/3400/4192/5101/5453/5802/6469/7531,14
M0,GO:2000177,regulation of neural precursor cell proliferation,7/156,92/18805,0.07608695652173914,9.171892419175029,7.186285903780893,1.1468368081334498e-5,0.001369992137049417,0.0010648480363239091,1499/63950/3400/4192/10763/6469/7157,7
M0,GO:0031400,negative regulation of protein modification process,12/156,321/18805,0.037383177570093455,4.506350347471842,5.795214162751143,1.562479930039272e-5,0.0017918519837690373,0.0013927452681655322,348/805/11261/1499/22943/4869/6135/6125/6188/6201/6423/6546,12
M0,GO:0060828,regulation of canonical Wnt signaling pathway,11/156,277/18805,0.039711191335740074,4.7869804683884105,5.807354327311732,2.048755045128338e-5,0.0021862487353438006,0.0016992963753502933,348/1277/1499/22943/2487/2719/4192/6206/6423/6469/6934,11
M0,GO:0030178,negative regulation of Wnt signaling pathway,9/156,181/18805,0.049723756906077346,5.9939439014024645,6.174561368152854,2.0589018435396797e-5,0.0021862487353438006,0.0016992963753502933,348/1499/22943/2487/2719/4192/6423/6469/6934,9
M0,GO:0071542,dopaminergic neuron differentiation,5/156,41/18805,0.12195121951219512,14.700594121325826,8.032084389643874,2.1695413210211407e-5,0.0022214553454884324,0.0017266612693991562,1499/22943/63950/6423/6469,5
M0,GO:0048857,neural nucleus development,6/156,69/18805,0.08695652173913043,10.48216276477146,7.2169410576423125,2.3054533406772514e-5,0.0022792188716281654,0.0017715588828362038,60/805/998/3939/5354/7531,6
M0,GO:0051961,negative regulation of nervous system development,8/156,147/18805,0.05442176870748299,6.560265131693702,6.189866316913961,3.150989399031827e-5,0.003011295535674749,0.0023405770378071506,1499/22943/3400/79727/5530/283659/5802/7157,8
M0,GO:0048713,regulation of oligodendrocyte differentiation,5/156,45/18805,0.1111111111111111,13.393874643874643,7.613013239337149,3.443827930458351e-5,0.003085454586445029,0.0023982183318356346,1499/7852/3400/4192/6469,5
M0,GO:1902692,regulation of neuroblast proliferation,5/156,45/18805,0.1111111111111111,13.393874643874643,7.613013239337149,3.443827930458351e-5,0.003085454586445029,0.0023982183318356346,1499/63950/3400/6469/7157,5
M0,GO:0001558,regulation of cell growth,13/156,410/18805,0.03170731707317073,3.8221544715447155,5.284239091641681,3.868989224205767e-5,0.003361330941150889,0.0026126475877651066,348/684/998/1382/2017/7852/1946/2023/27086/2487/5802/6423/7157,13
M0,GO:0014013,regulation of gliogenesis,7/156,112/18805,0.0625,7.534054487179487,6.343251137587439,4.13019293664229e-5,0.00348272445569219,0.002707002615130566,1499/7852/3400/79727/4192/6469/7157,7
M0,GO:0043086,negative regulation of catalytic activity,11/156,306/18805,0.03594771241830065,4.333312384782973,5.376779776812563,5.08596146169207e-5,0.004166129003048904,0.003238189598316425,348/11261/286204/2597/10763/4869/6135/6125/6201/6546/7157,11
M0,GO:0045685,regulation of glial cell differentiation,6/156,80/18805,0.075,9.040865384615385,6.5916860988676325,5.3618170463779845e-5,0.004270091519990467,0.003318996107363215,1499/7852/3400/79727/4192/6469,6
M0,GO:0048863,stem cell differentiation,10/156,256/18805,0.0390625,4.70878405448718,5.464506225732633,5.641621169895251e-5,0.004371494025429645,0.0033978128070179933,998/1499/63950/2487/79727/6201/6423/6469/7114/7157,10
M0,GO:0016049,cell growth,14/156,492/18805,0.028455284552845527,3.43013862830936,4.995667194330031,6.269542033629575e-5,0.004614202003205542,0.003586461417871655,348/684/998/1382/1499/2017/7852/1946/2023/27086/2487/5802/6423/7157,14
M0,GO:1904338,regulation of dopaminergic neuron differentiation,3/156,10/18805,0.3,36.16346153846154,10.172556296227887,6.438987408929302e-5,0.004614202003205542,0.003586461417871655,22943/6423/6469,3
M0,GO:1904667,negative regulation of ubiquitin protein ligase activity,3/156,10/18805,0.3,36.16346153846154,10.172556296227887,6.438987408929302e-5,0.004614202003205542,0.003586461417871655,6135/6125/6201,3
M0,GO:0061053,somite development,6/156,83/18805,0.07228915662650602,8.714087117701576,6.441798128472523,6.598614654043503e-5,0.004614202003205542,0.003586461417871655,286204/22943/2487/6423/6469/7157,6
M0,GO:0034341,response to type II interferon,7/156,121/18805,0.05785123966942149,6.973670269124814,6.029185539063072,6.764670860697228e-5,0.004617693180385464,0.0035891749905002583,71/684/998/2597/10410/23521/7157,7
M0,GO:0030326,embryonic limb morphogenesis,7/156,124/18805,0.056451612903225805,6.804952440033085,5.931562272945642,7.899513071174207e-5,0.0051472509034219205,0.004000782098487032,1382/1499/22943/2719/5087/6423/6469,7
M0,GO:0035113,embryonic appendage morphogenesis,7/156,124/18805,0.056451612903225805,6.804952440033085,5.931562272945642,7.899513071174207e-5,0.0051472509034219205,0.004000782098487032,1382/1499/22943/2719/5087/6423/6469,7
M0,GO:0030490,maturation of SSU-rRNA,5/156,54/18805,0.09259259259259259,11.16156220322887,6.839191888161159,8.394913914822629e-5,0.005348492931954772,0.00415720064507123,6208/6217/6223/6234/6202,5
M0,GO:0009952,anterior/posterior pattern specification,9/156,219/18805,0.0410958904109589,4.953898840885142,5.382874950208662,9.080537176659792e-5,0.005499544447371034,0.0042746078222548715,286204/1499/22943/2719/57801/5087/6423/6469/7157,9
M0,GO:0060425,lung morphogenesis,5/156,55/18805,0.09090909090909091,10.958624708624708,6.764562612405282,9.173064535627098e-5,0.005499544447371034,0.0042746078222548715,998/1499/23521/6469/6431,5
M0,GO:0002052,positive regulation of neuroblast proliferation,4/156,29/18805,0.13793103448275862,16.626878868258178,7.7024582389452405,9.207468903865003e-5,0.005499544447371034,0.0042746078222548715,1499/63950/3400/6469,4
M0,GO:0048762,mesenchymal cell differentiation,10/156,275/18805,0.03636363636363636,4.383449883449883,5.16949394763925,1.0222679229542902e-4,0.005946811210609715,0.0046222529814259426,998/1277/286204/1499/2487/4192/6201/6423/6469/6934,10
M0,GO:0055002,striated muscle cell development,8/156,174/18805,0.04597701149425287,5.542292956086059,5.505431049651359,1.0371139188367134e-4,0.005946811210609715,0.0046222529814259426,58/70/71/92737/27086/10398/5530/6546,8
M0,GO:0060070,canonical Wnt signaling pathway,11/156,333/18805,0.03303303303303303,3.9819627319627315,5.021425389863092,1.0810418861327461e-4,0.006077151152044281,0.004723561760460317,348/1277/1499/22943/2487/2719/4192/6206/6423/6469/6934,11
M0,GO:1903321,negative regulation of protein modification by small protein conjugation or removal,6/156,92/18805,0.06521739130434782,7.861622073578594,6.03404639404291,1.1725583814802818e-4,0.0064116043721064156,0.004983520810584798,11261/1499/6135/6125/6188/6201,6
M0,GO:0021537,telencephalon development,10/156,280/18805,0.03571428571428571,4.305173992673992,5.096287029931855,1.1852634521159402e-4,0.0064116043721064156,0.004983520810584798,1499/7852/63950/1943/27086/3400/4192/5802/6469/7531,10
M0,GO:0010721,negative regulation of cell development,10/156,285/18805,0.03508771929824561,4.229644624381466,5.024771555579597,1.3697346820544377e-4,0.007261100957789803,0.0056438054550478275,1499/2487/3400/79727/4192/5530/283659/5802/6469/7157,10
M0,GO:0010718,positive regulation of epithelial to mesenchymal transition,5/156,60/18805,0.08333333333333333,10.045405982905983,6.418308867246178,1.3929562353625364e-4,0.007261100957789803,0.0056438054550478275,1277/286204/1499/4192/6934,5
M0,GO:0003012,muscle system process,13/156,467/18805,0.027837259100642397,3.3556388294075656,4.714664642459223,1.4353984843375157e-4,0.00728875040991217,0.0056652964286101615,58/59/226/481/805/2017/7852/2023/27086/10398/5530/6546/7169,13
M0,GO:0045926,negative regulation of growth,9/156,233/18805,0.03862660944206009,4.656239683063718,5.136211831622345,1.452405883817378e-4,0.00728875040991217,0.0056652964286101615,684/2023/27086/2487/2778/2719/5802/6423/7157,9
M0,GO:1901874,negative regulation of post-translational protein modification,6/156,96/18805,0.0625,7.534054487179487,5.870197683502285,1.4835269495560067e-4,0.00728875040991217,0.0056652964286101615,11261/1499/6135/6125/6188/6201,6
M0,GO:0050769,positive regulation of neurogenesis,9/156,234/18805,0.038461538461538464,4.636341222879685,5.11934689426882,1.499952124816247e-4,0.00728875040991217,0.0056652964286101615,1382/1499/7852/63950/1946/3400/4192/6469/6498,9
M0,GO:0006096,glycolytic process,6/156,97/18805,0.061855670103092786,7.456383822363203,5.830706395312562,1.570630758868533e-4,0.007504997309460139,0.005833377748288919,226/54541/2023/2597/3643/3939,6
M0,GO:0050768,negative regulation of neurogenesis,7/156,139/18805,0.050359712230215826,6.070605054418004,5.4878369606069946,1.6145061842615495e-4,0.007588179066029283,0.00589803208297101,1499/3400/79727/5530/283659/5802/7157,7
M0,GO:0030111,regulation of Wnt signaling pathway,11/156,350/18805,0.03142857142857143,3.788553113553114,4.816322553041716,1.6713150242578055e-4,0.007728484152495369,0.006007086428444439,348/1277/1499/22943/2487/2719/4192/6206/6423/6469/6934,11
M0,GO:0060560,developmental growth involved in morphogenesis,9/156,238/18805,0.037815126050420166,4.558419521654816,5.052826708056995,1.703348944080898e-4,0.00775158955980942,0.006025045471377212,348/1382/1499/2017/7852/1946/5802/6423/6469,9
M0,GO:0046032,ADP catabolic process,6/156,99/18805,0.06060606060606061,7.305749805749806,5.753386016059256,1.756961643652866e-4,0.007870639113051199,0.006117578617784733,226/54541/2023/2597/3643/3939,6
M0,GO:2001242,regulation of intrinsic apoptotic signaling pathway,8/156,189/18805,0.042328042328042326,5.102428435761769,5.184279131151565,1.8343637364646334e-4,0.008090955126837083,0.006288822720802638,1499/2023/6154/6188/6201/6423/6498/7157,8
M0,GO:0051444,negative regulation of ubiquitin-protein transferase activity,3/156,14/18805,0.21428571428571427,25.831043956043953,8.500484821747126,1.9060601097564613e-4,0.008279809597987537,0.00643561284267054,6135/6125/6201,3
M0,GO:0019364,pyridine nucleotide catabolic process,6/156,101/18805,0.0594059405940594,7.16108149276466,5.678191551626057,1.960339518130303e-4,0.008290126889126148,0.006443632120235735,226/54541/2023/2597/3643/3939,6
M0,GO:0001764,neuron migration,8/156,191/18805,0.041884816753926704,5.0489998657537924,5.144038817494994,1.9710930973237695e-4,0.008290126889126148,0.006443632120235735,558/10752/1499/7852/54541/92737/4192/7531,8
M0,GO:2001244,positive regulation of intrinsic apoptotic signaling pathway,5/156,65/18805,0.07692307692307693,9.27268244575937,6.11051598964782,2.0377244058558645e-4,0.008290126889126148,0.006443632120235735,6154/6188/6201/6498/7157,5
M0,GO:0009137,purine nucleoside diphosphate catabolic process,6/156,102/18805,0.058823529411764705,7.090874811463047,5.641359394661047,2.0687609723506607e-4,0.008290126889126148,0.006443632120235735,226/54541/2023/2597/3643/3939,6
M0,GO:0009181,purine ribonucleoside diphosphate catabolic process,6/156,102/18805,0.058823529411764705,7.090874811463047,5.641359394661047,2.0687609723506607e-4,0.008290126889126148,0.006443632120235735,226/54541/2023/2597/3643/3939,6
M0,GO:0006936,muscle contraction,11/156,359/18805,0.03064066852367688,3.6935754588957925,4.712864078403493,2.0819293199061134e-4,0.008290126889126148,0.006443632120235735,58/59/226/481/805/2017/7852/2023/10398/6546/7169,11
M0,GO:0001569,branching involved in blood vessel morphogenesis,4/156,36/18805,0.1111111111111111,13.393874643874643,6.80765327663872,2.182797338508098e-4,0.008356895521119944,0.006495529094491187,1499/4192/6423/6469,4
M0,GO:0051438,regulation of ubiquitin-protein transferase activity,4/156,36/18805,0.1111111111111111,13.393874643874643,6.80765327663872,2.182797338508098e-4,0.008356895521119944,0.006495529094491187,6135/6125/6187/6201,4
M0,GO:0014706,striated muscle tissue development,12/156,423/18805,0.028368794326241134,3.419712675031824,4.603596468013491,2.1861428813533163e-4,0.008356895521119944,0.006495529094491187,58/70/998/1499/22943/63950/92737/27086/5530/6469/6498/6546,12
M0,GO:0072526,pyridine-containing compound catabolic process,6/156,104/18805,0.057692307692307696,6.9545118343195265,5.569164719544259,2.2997694291759452e-4,0.008675577570325572,0.00674322975286077,226/54541/2023/2597/3643/3939,6
M0,GO:0009191,ribonucleoside diphosphate catabolic process,6/156,105/18805,0.05714285714285714,6.888278388278388,5.5337792019584615,2.4226437154263136e-4,0.00890476863093236,0.006921372126258443,226/54541/2023/2597/3643/3939,6
M0,GO:0046031,ADP metabolic process,6/156,105/18805,0.05714285714285714,6.888278388278388,5.5337792019584615,2.4226437154263136e-4,0.00890476863093236,0.006921372126258443,226/54541/2023/2597/3643/3939,6
M0,GO:0008630,intrinsic apoptotic signaling pathway in response to DNA damage,6/156,106/18805,0.05660377358490566,6.823294629898403,5.498853527895212,2.550626812241366e-4,0.009256515279362021,0.007194772766842067,54541/6154/6188/6423/6498/7157,6
M0,GO:0035567,non-canonical Wnt signaling pathway,5/156,69/18805,0.07246376811594203,8.73513563730955,5.887266370783185,2.6997665820169617e-4,0.009520193204306781,0.007399720600487383,998/22943/2487/2719/6423,5
M0,GO:1902229,regulation of intrinsic apoptotic signaling pathway in response to DNA damage,4/156,38/18805,0.10526315789473684,12.688933873144398,6.596733189274029,2.700304944639063e-4,0.009520193204306781,0.007399720600487383,6154/6188/6423/6498,4
M0,GO:0051146,striated muscle cell differentiation,10/156,311/18805,0.03215434083601286,3.8760408937257806,4.677561117093163,2.7678070503670904e-4,0.009520193204306781,0.007399720600487383,58/70/71/22943/92737/27086/10398/5530/6469/6546,10
M0,GO:0035107,appendage morphogenesis,7/156,152/18805,0.046052631578947366,5.5514085695006745,5.152914277231481,2.7973142892898225e-4,0.009520193204306781,0.007399720600487383,1382/1499/22943/2719/5087/6423/6469,7
M0,GO:0035108,limb morphogenesis,7/156,152/18805,0.046052631578947366,5.5514085695006745,5.152914277231481,2.7973142892898225e-4,0.009520193204306781,0.007399720600487383,1382/1499/22943/2719/5087/6423/6469,7
M0,GO:0009134,nucleoside diphosphate catabolic process,6/156,108/18805,0.05555555555555555,6.696937321937321,5.430339736191554,2.8225197850229386e-4,0.009520193204306781,0.007399720600487383,226/54541/2023/2597/3643/3939,6
M0,GO:0055001,muscle cell development,8/156,202/18805,0.039603960396039604,4.7740543285097745,4.932328406845844,2.8812956384105065e-4,0.009546344046925384,0.007420046756132776,58/70/71/92737/27086/10398/5530/6546,8
M0,GO:1904948,midbrain dopaminergic neuron differentiation,3/156,16/18805,0.1875,22.60216346153846,7.906150042365506,2.896867569175125e-4,0.009546344046925384,0.007420046756132776,1499/22943/6423,3
M0,GO:0048709,oligodendrocyte differentiation,6/156,109/18805,0.05504587155963303,6.635497529992943,5.396731469800204,2.966735649668237e-4,0.009665489894998677,0.007512654749219687,1499/7852/3400/4192/5354/6469,6
M0,GO:0010001,glial cell differentiation,9/156,259/18805,0.03474903474903475,4.188817938817938,4.7262220798003165,3.187013687807112e-4,0.010266481171846057,0.0079797847156566,1499/7852/92737/3400/79727/4192/5354/5453/6469,9
M0,GO:0060537,muscle tissue development,12/156,446/18805,0.026905829596412557,3.243359779234219,4.385322059683854,3.5350784104389135e-4,0.011261188669698182,0.008752936836139391,58/70/998/1499/22943/63950/92737/27086/5530/6469/6498/6546,12
M0,GO:0010720,positive regulation of cell development,12/156,447/18805,0.026845637583892617,3.2361039408019274,4.376155159055658,3.606957400165525e-4,0.01136389765524677,0.008832769018103433,60/558/1382/1499/7852/63950/1946/3400/4192/5530/6469/6498,12
M0,GO:0007405,neuroblast proliferation,5/156,74/18805,0.06756756756756757,8.14492376992377,5.632388764720038,3.74324425231565e-4,0.011665088338466271,0.009066874235872118,1499/63950/3400/6469/7157,5
M0,GO:0061351,neural precursor cell proliferation,7/156,160/18805,0.04375,5.273838141025641,4.965425999968426,3.818172439281163e-4,0.01177064557356892,0.009148920264808402,1499/63950/3400/4192/10763/6469/7157,7
M0,GO:0034764,positive regulation of transmembrane transport,8/156,211/18805,0.037914691943127965,4.570421679426419,4.770171256394382,3.859272830755136e-4,0.011770782133803165,0.009149026408408313,481/805/11261/2719/3643/5354/5530/7114,8
M0,GO:0006417,regulation of translation,12/156,451/18805,0.026607538802660754,3.2074023537438174,4.339743431703907,3.9069985107451777e-4,0.011790910242427816,0.009164671298889242,2597/79727/4440/4869/6134/23521/6154/6125/6208/6188/6191/6203,12
M0,GO:0003159,morphogenesis of an endothelium,3/156,18/18805,0.16666666666666666,20.090811965811966,7.411252006278398,4.1700395637458087e-4,0.012325261267277562,0.009580004076451305,1499/7852/27086,3
M0,GO:0061154,endothelial tube morphogenesis,3/156,18/18805,0.16666666666666666,20.090811965811966,7.411252006278398,4.1700395637458087e-4,0.012325261267277562,0.009580004076451305,1499/7852/27086,3
M0,GO:0009135,purine nucleoside diphosphate metabolic process,6/156,117/18805,0.05128205128205128,6.181788297172913,5.142222093327307,4.340032821709166e-4,0.01256855969680826,0.009769111625261355,226/54541/2023/2597/3643/3939,6
M0,GO:0009179,purine ribonucleoside diphosphate metabolic process,6/156,117/18805,0.05128205128205128,6.181788297172913,5.142222093327307,4.340032821709166e-4,0.01256855969680826,0.009769111625261355,226/54541/2023/2597/3643/3939,6
M0,GO:0010563,negative regulation of phosphorus metabolic process,9/156,271/18805,0.033210332103321034,4.003335225659949,4.554739275677589,4.4327264391220674e-4,0.01258279871382472,0.00978017912623389,348/805/11261/54541/22943/4869/6423/6546/7157,9
M0,GO:0045936,negative regulation of phosphate metabolic process,9/156,271/18805,0.033210332103321034,4.003335225659949,4.554739275677589,4.4327264391220674e-4,0.01258279871382472,0.00978017912623389,348/805/11261/54541/22943/4869/6423/6546/7157,9
M0,GO:0001503,ossification,12/156,458/18805,0.026200873362445413,3.1583809203896536,4.276987172806247,4.4829902754582433e-4,0.012600718744841945,0.009794107753503718,1277/1499/22943/2719/3400/4192/5087/5530/6209/6423/6469/6546,12
M0,GO:0003007,heart morphogenesis,9/156,272/18805,0.03308823529411765,3.9886170814479636,4.540895519641746,4.5524576701159547e-4,0.012666005194183623,0.009844852677872242,70/998/1499/22943/3643/4194/6423/6469/7157,9
M0,GO:0045861,negative regulation of proteolysis,7/156,165/18805,0.04242424242424243,5.114024864024865,4.85451196880915,4.594574608284258e-4,0.012666005194183623,0.009844852677872242,286204/2597/6135/6125/6201/6469/7157,7
M0,GO:1904666,regulation of ubiquitin protein ligase activity,3/156,19/18805,0.15789473684210525,19.033400809716596,7.192782414234886,4.921868399401745e-4,0.01323200035834008,0.010284781362732346,6135/6125/6201,3
M0,GO:0051338,regulation of transferase activity,12/156,463/18805,0.02591792656587473,3.1242731350722712,4.2328916672960215,4.937010140918001e-4,0.01323200035834008,0.010284781362732346,60/348/805/11261/3643/4869/6135/6125/6187/6188/6201/6546,12
M0,GO:0051348,negative regulation of transferase activity,7/156,167/18805,0.041916167664670656,5.052779057270074,4.811396590103337,4.93834683760861e-4,0.01323200035834008,0.010284781362732346,348/11261/4869/6135/6125/6201/6546,7
M0,GO:0031397,negative regulation of protein ubiquitination,5/156,79/18805,0.06329113924050633,7.629422265498215,5.400405422398039,5.066089733800576e-4,0.013448591913709493,0.010453130571594367,11261/6135/6125/6188/6201,5
M0,GO:0060428,lung epithelium development,4/156,45/18805,0.08888888888888889,10.715099715099715,5.967559369263761,5.210575918705348e-4,0.013705248769658928,0.010652621168420301,998/1499/6469/6431,4
M0,GO:0014014,negative regulation of gliogenesis,4/156,46/18805,0.08695652173913043,10.48216276477146,5.888994191601527,5.670267875666823e-4,0.014778779999578892,0.011487040280178627,1499/3400/79727/7157,4
M0,GO:0035455,response to interferon-alpha,3/156,20/18805,0.15,18.08173076923077,6.99038212143658,5.755304146925753e-4,0.0148652765668794,0.011554271103880341,558/684/10410,3
M0,GO:0006413,translational initiation,6/156,124/18805,0.04838709677419355,5.832816377171215,4.938223282797342,5.909475025953089e-4,0.014993331769387172,0.011653804033481778,1968/4869/23521/6188/6189/6193,6
M0,GO:0030510,regulation of BMP signaling pathway,6/156,124/18805,0.04838709677419355,5.832816377171215,4.938223282797342,5.909475025953089e-4,0.014993331769387172,0.011653804033481778,286204/22943/10468/2719/6423/6498,6
M0,GO:0030308,negative regulation of cell growth,7/156,174/18805,0.040229885057471264,4.849506336575302,4.665747435513887,6.306308941726224e-4,0.01575652080500656,0.012247004770876908,684/2023/27086/2487/5802/6423/7157,7
M0,GO:0051962,positive regulation of nervous system development,9/156,285/18805,0.031578947368421054,3.80668016194332,4.366711599435894,6.366848528689999e-4,0.01575652080500656,0.012247004770876908,1382/1499/7852/63950/1946/3400/4192/6469/6498,9
M0,GO:0016055,Wnt signaling pathway,12/156,477/18805,0.025157232704402517,3.0325753910659574,4.11251940834947,6.419661115193874e-4,0.01575652080500656,0.012247004770876908,348/998/1277/1499/22943/2487/2719/4192/6206/6423/6469/6934,12
M0,GO:0010717,regulation of epithelial to mesenchymal transition,6/156,126/18805,0.047619047619047616,5.74023199023199,4.882786153423561,6.430111385370658e-4,0.01575652080500656,0.012247004770876908,1277/286204/1499/4192/6423/6934,6
M0,GO:0034762,regulation of transmembrane transport,12/156,478/18805,0.02510460251046025,3.0262310910846475,4.104090031658863,6.53852419296816e-4,0.01588321264394072,0.012345478004597694,60/481/805/11261/254263/2719/3643/5354/5530/6546/7114/7531,12
M0,GO:0042063,gliogenesis,10/156,348/18805,0.028735632183908046,3.463933097553787,4.243240261926349,6.669857228280159e-4,0.01588321264394072,0.012345478004597694,1499/7852/92737/3400/79727/4192/5354/5453/6469/7157,10
M0,GO:0048670,regulation of collateral sprouting,3/156,21/18805,0.14285714285714285,17.220695970695967,6.802127024737808,6.673801461441907e-4,0.01588321264394072,0.012345478004597694,1382/1946/5802,3
M0,GO:0006090,pyruvate metabolic process,6/156,127/18805,0.047244094488188976,5.69503331314355,4.8555116335954684,6.703413777177633e-4,0.01588321264394072,0.012345478004597694,226/54541/2023/2597/3643/3939,6
M0,GO:0046034,ATP metabolic process,8/156,230/18805,0.034782608695652174,4.192865105908584,4.455943991089695,6.817929872854568e-4,0.016022135201208234,0.012453457757405625,226/481/54541/2023/2597/3643/3939/7114,8
M0,GO:0009185,ribonucleoside diphosphate metabolic process,6/156,128/18805,0.046875,5.650540865384615,4.828525578471358,6.985632286573167e-4,0.01615145787548812,0.012553975849469774,226/54541/2023/2597/3643/3939,6
M0,GO:0072089,stem cell proliferation,6/156,128/18805,0.046875,5.650540865384615,4.828525578471358,6.985632286573167e-4,0.01615145787548812,0.012553975849469774,1499/10763/5087/6423/6469/7157,6
M0,GO:0007519,skeletal muscle tissue development,7/156,178/18805,0.03932584269662921,4.740528666090464,4.5859696601853415,7.21351732151027e-4,0.01641462465971402,0.012758526390914614,58/1499/63950/92737/5530/6469/6498,7
M0,GO:0048588,developmental cell growth,8/156,232/18805,0.034482758620689655,4.1567197170645445,4.424850804912212,7.213961308419834e-4,0.01641462465971402,0.012758526390914614,348/1382/1499/2017/7852/1946/27086/5802,8
M0,GO:0016052,carbohydrate catabolic process,7/156,179/18805,0.03910614525139665,4.714045265721244,4.566395827814525,7.455720006834402e-4,0.016607729254657696,0.012908619988658727,226/54541/2023/2597/3643/3939/7157,7
M0,GO:0009154,purine ribonucleotide catabolic process,6/156,130/18805,0.046153846153846156,5.563609467455622,4.775397077442439,7.577609500190239e-4,0.016607729254657696,0.012908619988658727,226/54541/2023/2597/3643/3939,6
M0,GO:0050821,protein stabilization,8/156,234/18805,0.03418803418803419,4.121192198115276,4.394105120086577,0.00076283339394000115,0.016607729254657696,0.012908619988658727,481/11261/2597/4194/6135/6125/6201/7157,8
M0,GO:0010560,positive regulation of glycoprotein biosynthetic process,3/156,22/18805,0.13636363636363635,16.43793706293706,6.6264019048133855,7.680713819108453e-4,0.016607729254657696,0.012908619988658727,11261/1499/6934,3
M0,GO:0072111,cell proliferation involved in kidney development,3/156,22/18805,0.13636363636363635,16.43793706293706,6.6264019048133855,7.680713819108453e-4,0.016607729254657696,0.012908619988658727,2719/79727/6469,3
M0,GO:0019362,pyridine nucleotide metabolic process,7/156,180/18805,0.03888888888888889,4.6878561253561255,4.546966215369468,7.704318070699245e-4,0.016607729254657696,0.012908619988658727,226/54541/2023/2597/3643/3939/7157,7
M0,GO:0046496,nicotinamide nucleotide metabolic process,7/156,180/18805,0.03888888888888889,4.6878561253561255,4.546966215369468,7.704318070699245e-4,0.016607729254657696,0.012908619988658727,226/54541/2023/2597/3643/3939/7157,7
M0,GO:1900542,regulation of purine nucleotide metabolic process,5/156,87/18805,0.05747126436781609,6.927866195107574,5.068599109013799,7.876530872819367e-4,0.01685224926296502,0.01309867702887557,54541/2023/3643/7114/7157,5
M0,GO:0006140,regulation of nucleotide metabolic process,5/156,88/18805,0.056818181818181816,6.849140442890443,5.030080218465496,8.295856753313719e-4,0.017617941712407728,0.013693823584222335,54541/2023/3643/7114/7157,5
M0,GO:0097062,dendritic spine maintenance,3/156,23/18805,0.13043478260869565,15.723244147157189,6.461839394551233,8.779295246231957e-4,0.018507529022755164,0.014385269377920321,348/2017/3643,3
M0,GO:0009132,nucleoside diphosphate metabolic process,6/156,134/18805,0.04477611940298507,5.397531572904707,4.6723699475366365,8.877376180629311e-4,0.018577691613039588,0.014439804359886479,226/54541/2023/2597/3643/3939,6
M0,GO:0042692,muscle cell differentiation,11/156,429/18805,0.02564102564102564,3.0908941485864565,4.006774011306953,9.243974525957521e-4,0.019204692004290008,0.014927150321473738,58/70/71/1499/22943/92737/27086/10398/5530/6469/6546,11
M0,GO:0009261,ribonucleotide catabolic process,6/156,136/18805,0.04411764705882353,5.318156108597286,4.622393470756272,9.588463110479663e-4,0.019728577211237594,0.015334348376696711,226/54541/2023/2597/3643/3939,6
M0,GO:0072524,pyridine-containing compound metabolic process,7/156,187/18805,0.0374331550802139,4.512374880021938,4.41483827155003,9.633766339634683e-4,0.019728577211237594,0.015334348376696711,226/54541/2023/2597/3643/3939/7157,7
M0,GO:0086064,cell communication by electrical coupling involved in cardiac conduction,3/156,24/18805,0.125,15.068108974358974,6.3072730745585055,9.972702024594517e-4,0.02027782745000885,0.015761261803707797,481/805/6546,3
M0,GO:0048736,appendage development,7/156,190/18805,0.03684210526315789,4.441126855600539,4.360191953853159,0.001056892284884075,0.021189581683654847,0.016469937188808147,1382/1499/22943/2719/5087/6423/6469,7
M0,GO:0060173,limb development,7/156,190/18805,0.03684210526315789,4.441126855600539,4.360191953853159,0.001056892284884075,0.021189581683654847,0.016469937188808147,1382/1499/22943/2719/5087/6423/6469,7
M0,GO:0006195,purine nucleotide catabolic process,6/156,139/18805,0.04316546762589928,5.203375760929718,4.549248188843077,0.0010736348243980112,0.021375771121868736,0.016614655871714838,226/54541/2023/2597/3643/3939,6
M0,GO:0030168,platelet activation,6/156,140/18805,0.04285714285714286,5.166208791208791,4.52533461576522,0.0011141506703317334,0.021673739508862068,0.016846256508824924,60/71/348/558/2778/10398,6
M0,GO:0060538,skeletal muscle organ development,7/156,192/18805,0.036458333333333336,4.394865117521368,4.324387422230077,0.001123101072115327,0.021673739508862068,0.016846256508824924,58/1499/63950/92737/5530/6469/6498,7
M0,GO:0030100,regulation of endocytosis,9/156,309/18805,0.02912621359223301,3.5110156833457804,4.07051540371484,0.001125838386861783,0.021673739508862068,0.016846256508824924,60/71/348/558/998/22943/2719/3643/5530,9
M0,GO:0051402,neuron apoptotic process,9/156,309/18805,0.02912621359223301,3.5110156833457804,4.07051540371484,0.001125838386861783,0.021673739508862068,0.016846256508824924,558/998/10752/1499/22943/2597/4192/10763/7157,9
M0,GO:1903020,positive regulation of glycoprotein metabolic process,3/156,25/18805,0.12,14.465384615384615,6.161700986029767,0.001126399437328374,0.021673739508862068,0.016846256508824924,11261/1499/6934,3
M0,GO:0001738,morphogenesis of a polarized epithelium,4/156,56/18805,0.07142857142857142,8.610347985347984,5.216378790071311,0.0011969165096154498,0.02246178766571319,0.017458779391006488,60/71/998/6423,4
M0,GO:0030857,negative regulation of epithelial cell differentiation,4/156,56/18805,0.07142857142857142,8.610347985347984,5.216378790071311,0.0011969165096154498,0.02246178766571319,0.017458779391006488,1499/2487/10468/6431,4
M0,GO:2000059,negative regulation of ubiquitin-dependent protein catabolic process,4/156,56/18805,0.07142857142857142,8.610347985347984,5.216378790071311,0.0011969165096154498,0.02246178766571319,0.017458779391006488,6135/6125/6201/6469,4
M0,GO:1904064,positive regulation of cation transmembrane transport,6/156,142/18805,0.04225352112676056,5.093445287107259,4.478185507280313,0.0011986932378284332,0.02246178766571319,0.017458779391006488,481/805/11261/5354/5530/7114,6
M0,GO:0051924,regulation of calcium ion transport,8/156,253/18805,0.03162055335968379,3.8116955508259855,4.118061540122569,0.0012602571336668002,0.02340977287332994,0.018195615873125945,481/805/1499/7852/5354/5530/6546/7531,8
M0,GO:0000470,maturation of LSU-rRNA,3/156,26/18805,0.11538461538461539,13.909023668639053,6.024256931862353,0.0012656138107311268,0.02340977287332994,0.018195615873125945,11224/6129/6130,3
M0,GO:0001942,hair follicle development,5/156,97/18805,0.05154639175257732,6.21365318530267,4.708406719128273,0.0012857546382430186,0.023598148437743542,0.01834203375716523,1499/22943/10468/2778/6469,5
M0,GO:0009205,purine ribonucleoside triphosphate metabolic process,8/156,254/18805,0.031496062992125984,3.7966888754290324,4.1042801430061795,0.0012922599597927228,0.023598148437743542,0.01834203375716523,226/481/54541/2023/2597/3643/3939/7114,8
M0,GO:0043523,regulation of neuron apoptotic process,8/156,255/18805,0.03137254901960784,3.7817998994469586,4.090568468036946,0.0013249071940908202,0.02404119573074925,0.01868639926642416,558/998/10752/1499/22943/4192/10763/7157,8
M0,GO:0071346,cellular response to type II interferon,5/156,98/18805,0.05102040816326531,6.150248560962846,4.6751849921329605,0.0013459471880424355,0.024157081843523547,0.018776473578741522,71/998/2597/23521/7157,5
M0,GO:0042060,wound healing,11/156,450/18805,0.024444444444444446,2.9466524216524217,3.822760789889935,0.001356751814260985,0.024157081843523547,0.018776473578741522,60/71/348/558/7852/667/2778/10398/5530/6469/6431,11
M0,GO:0090257,regulation of muscle system process,8/156,256/18805,0.03125,3.7670272435897436,4.076925854195815,0.0013582080969288723,0.024157081843523547,0.018776473578741522,481/805/2017/2023/27086/10398/5530/6546,8
M0,GO:0072132,mesenchyme morphogenesis,4/156,58/18805,0.06896551724137931,8.313439434129089,5.101870399198222,0.0013649972998433255,0.024157081843523547,0.018776473578741522,58/59/70/4194,4
M0,GO:0060993,kidney morphogenesis,5/156,99/18805,0.050505050505050504,6.088124838124838,4.642421154251663,0.0014081945829188813,0.02459018302155179,0.019113108312971618,1499/2719/5087/5530/6469,5
M0,GO:0061387,regulation of extent of cell growth,5/156,99/18805,0.050505050505050504,6.088124838124838,4.642421154251663,0.0014081945829188813,0.02459018302155179,0.019113108312971618,348/1382/2017/1946/5802,5
M0,GO:0048714,positive regulation of oligodendrocyte differentiation,3/156,27/18805,0.1111111111111111,13.393874643874643,5.8941876740675525,0.0014152006273303263,0.02459018302155179,0.019113108312971618,7852/4192/6469,3
M0,GO:0031396,regulation of protein ubiquitination,7/156,201/18805,0.03482587064676617,4.198080112259217,4.1691147421546315,0.0014623996052534935,0.02512958411783014,0.01953236633834979,11261/1499/6135/6125/6187/6188/6201,7
M0,GO:0022404,molting cycle process,5/156,100/18805,0.05,6.027243589743589,4.610103956426258,0.0014725392855931161,0.02512958411783014,0.01953236633834979,1499/22943/10468/2778/6469,5
M0,GO:0022405,hair cycle process,5/156,100/18805,0.05,6.027243589743589,4.610103956426258,0.0014725392855931161,0.02512958411783014,0.01953236633834979,1499/22943/10468/2778/6469,5
M0,GO:0034504,protein localization to nucleus,9/156,322/18805,0.027950310559006212,3.369266602962255,3.9220694777405885,0.0014970385491351126,0.025373841953911083,0.019722219601060992,11261/1277/4869/5530/6135/6469/6934/7157/7531,9
M0,GO:0007369,gastrulation,7/156,202/18805,0.034653465346534656,4.177297537446052,4.152424299396496,0.0015045528887913794,0.025373841953911083,0.019722219601060992,286204/1499/22943/2719/6194/6423/7157,7
M0,GO:0009144,purine nucleoside triphosphate metabolic process,8/156,261/18805,0.03065134099616858,3.6948619707240393,4.009726179816609,0.0015348464913800559,0.025583749365038492,0.019885373453192037,226/481/54541/2023/2597/3643/3939/7114,8
M0,GO:0009199,ribonucleoside triphosphate metabolic process,8/156,261/18805,0.03065134099616858,3.6948619707240393,4.009726179816609,0.0015348464913800559,0.025583749365038492,0.019885373453192037,226/481/54541/2023/2597/3643/3939/7114,8
M0,GO:0043588,skin development,9/156,324/18805,0.027777777777777776,3.3484686609686607,3.8999064255716243,0.0015620016485433598,0.025663528208072956,0.01994738281955848,1277/1499/22943/10468/2778/5453/5530/6469/6431,9
M0,GO:0010882,regulation of cardiac muscle contraction by calcium ion signaling,3/156,28/18805,0.10714285714285714,12.915521978021976,5.770834646847293,0.001575438076254217,0.025663528208072956,0.01994738281955848,481/805/6546,3
M0,GO:0030325,adrenal gland development,3/156,28/18805,0.10714285714285714,12.915521978021976,5.770834646847293,0.001575438076254217,0.025663528208072956,0.01994738281955848,3643/4192/5087,3
M0,GO:0035116,embryonic hindlimb morphogenesis,3/156,28/18805,0.10714285714285714,12.915521978021976,5.770834646847293,0.001575438076254217,0.025663528208072956,0.01994738281955848,1499/2719/6469,3
M0,GO:0007409,axonogenesis,11/156,459/18805,0.023965141612200435,2.8888749231886486,3.747127710434068,0.0015871341212672382,0.025707986020752385,0.01998193835695952,60/71/348/10752/1382/2017/1943/1946/5802/6469/6498,11
M0,GO:0035282,segmentation,5/156,102/18805,0.049019607843137254,5.909062342885872,4.546766404539491,0.0016076913528869,0.02589466915015024,0.020127040769139966,286204/22943/6423/6469/7157,5
M0,GO:0001658,branching involved in ureteric bud morphogenesis,4/156,61/18805,0.06557377049180328,7.9045817570407735,4.940043829461382,0.0016470117918409898,0.02637979221903976,0.020504110340061017,1499/2719/5087/6469,4
M0,GO:0048638,regulation of developmental growth,9/156,327/18805,0.027522935779816515,3.3177487649964714,3.8669842145442272,0.0016636802387642378,0.026498729136317054,0.020596555938385334,348/1382/2017/7852/1946/27086/2778/3643/5802,9
M0,GO:0030177,positive regulation of Wnt signaling pathway,6/156,152/18805,0.039473684210526314,4.758350202429149,4.255046788528072,0.0016974821008424843,0.02674000650063408,0.02078409258232238,1277/22943/2719/6206/6423/6469,6
M0,GO:0034767,positive regulation of monoatomic ion transmembrane transport,6/156,152/18805,0.039473684210526314,4.758350202429149,4.255046788528072,0.0016974821008424843,0.02674000650063408,0.02078409258232238,481/805/11261/5354/5530/7114,6
M0,GO:0008544,epidermis development,10/156,395/18805,0.02531645569620253,3.051768906199286,3.7692916592870676,0.001728931053399292,0.02692198378279219,0.020925537300376724,1382/1499/22943/10468/2778/3643/5453/5530/6469/6431,10
M0,GO:0003156,regulation of animal organ formation,3/156,29/18805,0.10344827586206896,12.470159151193634,5.653619164834042,0.0017465953901637068,0.02692198378279219,0.020925537300376724,1499/22943/6469,3
M0,GO:0045686,negative regulation of glial cell differentiation,3/156,29/18805,0.10344827586206896,12.470159151193634,5.653619164834042,0.0017465953901637068,0.02692198378279219,0.020925537300376724,1499/3400/79727,3
M0,GO:1904036,negative regulation of epithelial cell apoptotic process,3/156,29/18805,0.10344827586206896,12.470159151193634,5.653619164834042,0.0017465953901637068,0.02692198378279219,0.020925537300376724,4192/6431/6934,3
M0,GO:0097193,intrinsic apoptotic signaling pathway,9/156,330/18805,0.02727272727272727,3.2875874125874125,3.834441272094174,0.0017706087689305543,0.027146178291571656,0.021099796024914064,1499/54541/2023/6154/6188/6201/6423/6498/7157,9
M0,GO:0042593,glucose homeostasis,8/156,268/18805,0.029850746268656716,3.598354381936471,3.918372329628069,0.0018122675038533772,0.027637079433764002,0.02148135669461142,1277/1946/3643/79727/5443/5530/6194/6934,8
M0,GO:0033500,carbohydrate homeostasis,8/156,269/18805,0.02973977695167286,3.584977599847488,3.9055712006257113,0.0018549391918281598,0.02808864108170491,0.021832340120782515,1277/1946/3643/79727/5443/5530/6194/6934,8
M0,GO:2001233,regulation of apoptotic signaling pathway,10/156,399/18805,0.02506265664160401,3.021174731701047,3.7322458611248486,0.0018614725516302522,0.02808864108170491,0.021832340120782515,1499/2017/2023/6154/6188/6201/6423/6498/6934/7157,10
M0,GO:0001933,negative regulation of protein phosphorylation,7/156,210/18805,0.03333333333333333,4.0181623931623935,4.022664430806599,0.0018769293537036916,0.02817359401606536,0.021898371131390003,348/805/11261/22943/4869/6423/6546,7
M0,GO:0048668,collateral sprouting,3/156,30/18805,0.1,12.054487179487179,5.542030363218901,0.00192893300210952,0.028758511916280677,0.02235300781185769,1382/1946/5802,3
M0,GO:0072523,purine-containing compound catabolic process,6/156,156/18805,0.038461538461538464,4.636341222879685,4.1711787368678435,0.0019359584233840847,0.028758511916280677,0.02235300781185769,226/54541/2023/2597/3643/3939,6
M0,GO:0060562,epithelial tube morphogenesis,9/156,337/18805,0.026706231454005934,3.219299246747318,3.7599366630644364,0.0020416203602729045,0.030171781303620707,0.02345149377481139,1499/7852/27086/2719/4192/5087/6201/6423/6469,9
M0,GO:0001756,somitogenesis,4/156,65/18805,0.06153846153846154,7.418145956607495,4.7406852310458385,0.00208280059199606,0.03062250921668053,0.023801829167371977,286204/22943/6423/7157,4
M0,GO:0007389,pattern specification process,11/156,476/18805,0.023109243697478993,2.785700818789054,3.6091292432984923,0.002109748197953594,0.03085416493723491,0.02398188723665901,286204/1499/22943/63950/10468/2719/57801/5087/6423/6469/7157,11
M0,GO:0045807,positive regulation of endocytosis,6/156,159/18805,0.03773584905660377,4.548863086598936,4.110121051979488,0.0021308422244759374,0.03085416493723491,0.02398188723665901,348/558/998/2719/3643/5530,6
M0,GO:0048754,branching morphogenesis of an epithelial tube,6/156,159/18805,0.03773584905660377,4.548863086598936,4.110121051979488,0.0021308422244759374,0.03085416493723491,0.02398188723665901,1499/2719/4192/5087/6423/6469,6
M0,GO:0001655,urogenital system development,4/156,66/18805,0.06060606060606061,7.305749805749806,4.693481855952169,0.002203044938325864,0.03158064919090126,0.02454655860229397,1499/3400/5087/6469,4
M0,GO:1905330,regulation of morphogenesis of an epithelium,4/156,66/18805,0.06060606060606061,7.305749805749806,4.693481855952169,0.002203044938325864,0.03158064919090126,0.02454655860229397,1499/27086/4192/6469,4
M0,GO:0009141,nucleoside triphosphate metabolic process,8/156,277/18805,0.02888086642599278,3.4814403406461167,3.805301722707249,0.0022256299299056844,0.031745676661888544,0.02467482881178494,226/481/54541/2023/2597/3643/3939/7114,8
M0,GO:0001708,cell fate specification,5/156,110/18805,0.045454545454545456,5.479312354312354,4.3092788891969676,0.0022407951603075436,0.03180376101287984,0.024719975791407344,1499/22943/63950/6423/6469,5
M0,GO:0072006,nephron development,6/156,161/18805,0.037267080745341616,4.49235547061634,4.070253692341806,0.0022687621681584903,0.03204207456212016,0.02490520876324358,59/1499/2719/5087/5530/6469,6
M0,GO:0010644,cell communication by electrical coupling,3/156,32/18805,0.09375,11.30108173076923,5.333970727807444,0.0023281477801525854,0.032719606302438545,0.02543183101436029,481/805/6546,3
M0,GO:0009166,nucleotide catabolic process,6/156,162/18805,0.037037037037037035,4.464624881291548,4.050563765599378,0.002340195319696226,0.032728487714971125,0.02543873423259004,226/54541/2023/2597/3643/3939,6
M0,GO:0044403,biological process involved in symbiotic interaction,7/156,220/18805,0.031818181818181815,3.8355186480186476,3.869209197447879,0.002438786494734245,0.033876606542796714,0.02633112773340945,558/684/7852/2597/3643/5443/3921,7
M0,GO:0032414,positive regulation of ion transmembrane transporter activity,4/156,68/18805,0.058823529411764705,7.090874811463047,4.601969619144458,0.0024577377610400125,0.033876606542796714,0.02633112773340945,481/805/11261/7114,4
M0,GO:0060675,ureteric bud morphogenesis,4/156,68/18805,0.058823529411764705,7.090874811463047,4.601969619144458,0.0024577377610400125,0.033876606542796714,0.02633112773340945,1499/2719/5087/6469,4
M0,GO:0030316,osteoclast differentiation,5/156,113/18805,0.04424778761061947,5.33384388472884,4.226143547779759,0.002519477793268161,0.03456144896315702,0.026863432326107765,1499/1943/27086/2719/5530,5
M0,GO:0035115,embryonic forelimb morphogenesis,3/156,33/18805,0.09090909090909091,10.958624708624708,5.236736350441506,0.002545503195616275,0.034580016098359,0.02687786392533035,1382/1499/6469,3
M0,GO:0060795,cell fate commitment involved in formation of primary germ layer,3/156,33/18805,0.09090909090909091,10.958624708624708,5.236736350441506,0.002545503195616275,0.034580016098359,0.02687786392533035,1499/22943/6423,3
M0,GO:0050673,epithelial cell proliferation,11/156,488/18805,0.022540983606557378,2.717199978982766,3.515306998194107,0.002557015491054101,0.034580016098359,0.02687786392533035,348/998/1499/2173/10468/2719/4192/6423/6469/6431/6934,11
M0,GO:0072171,mesonephric tubule morphogenesis,4/156,69/18805,0.057971014492753624,6.988108509847641,4.557591683924058,0.0025923692135223692,0.03489353302896072,0.0271215499136489,1499/2719/5087/6469,4
M0,GO:0031069,hair follicle morphogenesis,3/156,34/18805,0.08823529411764706,10.636312217194572,5.143589041261749,0.002774995706523241,0.037004245072568054,0.02876213420176109,1499/10468/6469,3
M0,GO:1902253,regulation of intrinsic apoptotic signaling pathway by p53 class mediator,3/156,34/18805,0.08823529411764706,10.636312217194572,5.143589041261749,0.002774995706523241,0.037004245072568054,0.02876213420176109,6154/6201/7157,3
M0,GO:0042326,negative regulation of phosphorylation,7/156,226/18805,0.030973451327433628,3.7336907193101885,3.7813952692995016,0.0028332430254759213,0.037366754169955316,0.02904390012585883,348/805/11261/22943/4869/6423/6546,7
M0,GO:0007440,foregut morphogenesis,2/156,10/18805,0.2,24.108974358974358,6.685273074086506,0.0029455481138506807,0.037366754169955316,0.02904390012585883,1499/6469,2
M0,GO:0048664,neuron fate determination,2/156,10/18805,0.2,24.108974358974358,6.685273074086506,0.0029455481138506807,0.037366754169955316,0.02904390012585883,998/1499,2
M0,GO:0048672,positive regulation of collateral sprouting,2/156,10/18805,0.2,24.108974358974358,6.685273074086506,0.0029455481138506807,0.037366754169955316,0.02904390012585883,1382/1946,2
M0,GO:0048865,stem cell fate commitment,2/156,10/18805,0.2,24.108974358974358,6.685273074086506,0.0029455481138506807,0.037366754169955316,0.02904390012585883,63950/6423,2
M0,GO:0060502,epithelial cell proliferation involved in lung morphogenesis,2/156,10/18805,0.2,24.108974358974358,6.685273074086506,0.0029455481138506807,0.037366754169955316,0.02904390012585883,998/6431,2
M0,GO:0060768,regulation of epithelial cell proliferation involved in prostate gland development,2/156,10/18805,0.2,24.108974358974358,6.685273074086506,0.0029455481138506807,0.037366754169955316,0.02904390012585883,1499/6469,2
M0,GO:0072203,cell proliferation involved in metanephros development,2/156,10/18805,0.2,24.108974358974358,6.685273074086506,0.0029455481138506807,0.037366754169955316,0.02904390012585883,2719/6469,2
M0,GO:0097050,type B pancreatic cell apoptotic process,2/156,10/18805,0.2,24.108974358974358,6.685273074086506,0.0029455481138506807,0.037366754169955316,0.02904390012585883,6431/6934,2
M0,GO:1903799,negative regulation of miRNA processing,2/156,10/18805,0.2,24.108974358974358,6.685273074086506,0.0029455481138506807,0.037366754169955316,0.02904390012585883,79727/7157,2
M0,GO:1905770,regulation of mesodermal cell differentiation,2/156,10/18805,0.2,24.108974358974358,6.685273074086506,0.0029455481138506807,0.037366754169955316,0.02904390012585883,22943/6423,2
M0,GO:0000462,"maturation of SSU-rRNA from tricistronic rRNA transcript (SSU-rRNA, 5.8S rRNA, LSU-rRNA)",3/156,35/18805,0.08571428571428572,10.332417582417582,5.054238074496182,0.0030168440252633074,0.0380567779456727,0.029580232008881133,6217/6223/6202,3
M0,GO:0048663,neuron fate commitment,4/156,72/18805,0.05555555555555555,6.696937321937321,4.429591416674182,0.0030264894913196285,0.0380567779456727,0.029580232008881133,998/1499/63950/6469,4
M0,GO:0051170,import into nucleus,6/156,172/18805,0.03488372093023256,4.20505366726297,3.8620490338313798,0.0031511760591052805,0.039451623412466545,0.030664397688466464,11261/3178/4869/5530/6469/7157,6
M0,GO:0003002,regionalization,10/156,430/18805,0.023255813953488372,2.8033691115086463,3.459910196109287,0.0031919742992604933,0.03978865354773841,0.030926359686656583,286204/1499/22943/63950/2719/57801/5087/6423/6469/7157,10
M0,GO:0035137,hindlimb morphogenesis,3/156,36/18805,0.08333333333333333,10.045405982905983,4.9684210505139115,0.003271258960846263,0.04027040580086637,0.031300809237763336,1499/2719/6469,3
M0,GO:0019058,viral life cycle,8/156,295/18805,0.02711864406779661,3.269013472403303,3.5925640452227814,0.0032727605690972667,0.04027040580086637,0.031300809237763336,348/558/684/7852/1915/10410/3643/3921,8
M0,GO:0045165,cell fate commitment,8/156,295/18805,0.02711864406779661,3.269013472403303,3.5925640452227814,0.0032727605690972667,0.04027040580086637,0.031300809237763336,998/1499/22943/63950/6423/6469/6934/7157,8
M0,GO:0007548,sex differentiation,8/156,296/18805,0.02702702702702703,3.2579695079695083,3.5812290326332743,0.003340531974039427,0.04077219915460222,0.03169083605099514,558/1499/63950/10468/3643/5087/6423/6469,8
M0,GO:1903051,negative regulation of proteolysis involved in protein catabolic process,4/156,74/18805,0.05405405405405406,6.515939015939017,4.348249742150473,0.0033419835372624773,0.04077219915460222,0.03169083605099514,6135/6125/6201/6469,4
M0,GO:0042303,molting cycle,5/156,121/18805,0.04132231404958678,4.981193049374868,4.018191577391169,0.003384929908040916,0.04094765420402239,0.031827211260593465,1499/22943/10468/2778/6469,5
M0,GO:0042633,hair cycle,5/156,121/18805,0.04132231404958678,4.981193049374868,4.018191577391169,0.003384929908040916,0.04094765420402239,0.031827211260593465,1499/22943/10468/2778/6469,5
M0,GO:0006937,regulation of muscle contraction,6/156,175/18805,0.03428571428571429,4.1329670329670325,3.808272948820133,0.0034310445320339753,0.04106185569995316,0.03191597617784989,481/805/2017/2023/10398/6546,6
M0,GO:1903169,regulation of calcium ion transmembrane transport,6/156,175/18805,0.03428571428571429,4.1329670329670325,3.808272948820133,0.0034310445320339753,0.04106185569995316,0.03191597617784989,481/805/5354/5530/6546/7531,6
M0,GO:0030239,myofibril assembly,4/156,75/18805,0.05333333333333334,6.429059829059829,4.308697618268903,0.003507818854755808,0.04106185569995316,0.03191597617784989,58/70/71/10398,4
M0,GO:0032411,positive regulation of transporter activity,4/156,75/18805,0.05333333333333334,6.429059829059829,4.308697618268903,0.003507818854755808,0.04106185569995316,0.03191597617784989,481/805/11261/7114,4
M0,GO:0019722,calcium-mediated signaling,7/156,235/18805,0.029787234042553193,3.5906983087834154,3.655143793781961,0.003514610411391003,0.04106185569995316,0.03191597617784989,481/805/11261/7852/5443/5530/6546,7
M0,GO:0022898,regulation of transmembrane transporter activity,6/156,176/18805,0.03409090909090909,4.109484265734265,3.7906140858247825,0.0035283243668161202,0.04106185569995316,0.03191597617784989,60/481/805/11261/254263/7114,6
M0,GO:0030509,BMP signaling pathway,6/156,176/18805,0.03409090909090909,4.109484265734265,3.7906140858247825,0.0035283243668161202,0.04106185569995316,0.03191597617784989,286204/22943/10468/2719/6423/6498,6
M0,GO:1903580,positive regulation of ATP metabolic process,3/156,37/18805,0.08108108108108109,9.773908523908524,4.885900436289148,0.0035384435610306183,0.04106185569995316,0.03191597617784989,2023/3643/7114,3
M0,GO:0001731,formation of translation preinitiation complex,2/156,11/18805,0.18181818181818182,21.917249417249415,6.346743577974707,0.0035805594436652565,0.04106185569995316,0.03191597617784989,1968/23521,2
M0,GO:0060439,trachea morphogenesis,2/156,11/18805,0.18181818181818182,21.917249417249415,6.346743577974707,0.0035805594436652565,0.04106185569995316,0.03191597617784989,1499/6469,2
M0,GO:0060767,epithelial cell proliferation involved in prostate gland development,2/156,11/18805,0.18181818181818182,21.917249417249415,6.346743577974707,0.0035805594436652565,0.04106185569995316,0.03191597617784989,1499/6469,2
M0,GO:1990034,calcium ion export across plasma membrane,2/156,11/18805,0.18181818181818182,21.917249417249415,6.346743577974707,0.0035805594436652565,0.04106185569995316,0.03191597617784989,805/7531,2
M0,GO:2001171,positive regulation of ATP biosynthetic process,2/156,11/18805,0.18181818181818182,21.917249417249415,6.346743577974707,0.0035805594436652565,0.04106185569995316,0.03191597617784989,2023/7114,2
M0,GO:0035821,modulation of process of another organism,5/156,123/18805,0.04065040650406504,4.900198040441943,3.9690555530799188,0.003630999650653748,0.04147440636822428,0.03223663770364431,348/998/1915/10410/5443,5
M0,GO:0070527,platelet aggregation,4/156,76/18805,0.05263157894736842,6.344466936572199,4.269859078839213,0.0036791620946778824,0.04169232302546043,0.03240601686887072,60/71/2778/10398,4
M0,GO:1903578,regulation of ATP metabolic process,4/156,76/18805,0.05263157894736842,6.344466936572199,4.269859078839213,0.0036791620946778824,0.04169232302546043,0.03240601686887072,54541/2023/3643/7114,4
M0,GO:0007517,muscle organ development,9/156,369/18805,0.024390243902439025,2.940118824265166,3.4424513296980366,0.0037313992065954654,0.04211780128074488,0.0327367265659453,58/70/1499/63950/92737/5530/6469/6498/6876,9
M0,GO:0048730,epidermis morphogenesis,3/156,38/18805,0.07894736842105263,9.516700404858298,4.806460609116174,0.003818593252450619,0.0429329680579448,0.03337032782430531,1499/10468/6469,3
M0,GO:0021761,limbic system development,5/156,125/18805,0.04,4.821794871794872,3.9209706356430445,0.003889657099664288,0.043561120721630917,0.03385856940785074,1499/3400/4192/5802/7531,5
M0,GO:0007596,blood coagulation,7/156,241/18805,0.029045643153526972,3.5013033301415044,3.57436376394418,0.0040338661254883355,0.0447851532545818,0.03480996803552207,60/71/348/558/2778/10398/6469,7
M0,GO:0072078,nephron tubule morphogenesis,4/156,78/18805,0.05128205128205128,6.181788297172913,4.194232565103236,0.0040387149757993655,0.0447851532545818,0.03480996803552207,1499/2719/5087/6469,4
M0,GO:1903034,regulation of response to wounding,6/156,181/18805,0.03314917127071823,3.9959626009349765,3.704237632899478,0.004045816077061976,0.0447851532545818,0.03480996803552207,71/348/7852/4192/5802/6431,6
M0,GO:0048741,skeletal muscle fiber development,3/156,39/18805,0.07692307692307693,9.27268244575937,4.729905319243343,0.004111895978766156,0.04534156065816373,0.03524244448197552,58/92737/5530,3
M0,GO:0099173,postsynapse organization,7/156,243/18805,0.02880658436213992,3.472486018782315,3.548005162295578,0.004219274649693929,0.04617045962088739,0.035886719298521684,60/71/348/998/2017/3643/5802,7
M0,GO:1903320,regulation of protein modification by small protein conjugation or removal,7/156,243/18805,0.02880658436213992,3.472486018782315,3.548005162295578,0.004219274649693929,0.04617045962088739,0.035886719298521684,11261/1499/6135/6125/6187/6188/6201,7
M0,GO:0048548,regulation of pinocytosis,2/156,12/18805,0.16666666666666666,20.090811965811966,6.050295859827102,0.004273348222345573,0.04640791421766954,0.03607128463598716,558/998,2
M0,GO:2000651,positive regulation of sodium ion transmembrane transporter activity,2/156,12/18805,0.16666666666666666,20.090811965811966,6.050295859827102,0.004273348222345573,0.04640791421766954,0.03607128463598716,481/11261,2
M0,GO:1901292,nucleoside phosphate catabolic process,6/156,184/18805,0.03260869565217391,3.930811036789297,3.653885010171831,0.00438212147249414,0.04740959344015359,0.03684985563960316,226/54541/2023/2597/3643/3939,6
M0,GO:0031016,pancreas development,4/156,80/18805,0.05,6.027243589743589,4.1211996596208795,0.004421319520613689,0.047475367286889315,0.03690097940129777,1499/3643/6469/6934,4
M0,GO:0072088,nephron epithelium morphogenesis,4/156,80/18805,0.05,6.027243589743589,4.1211996596208795,0.004421319520613689,0.047475367286889315,0.03690097940129777,1499/2719/5087/6469,4
M0,GO:1904062,regulation of monoatomic cation transmembrane transport,8/156,311/18805,0.02572347266881029,3.100832714980625,3.416771104523654,0.004494101029000202,0.048061273987286025,0.03735638464233089,481/805/11261/5354/5530/6546/7114/7531,8
M0,GO:0050817,coagulation,7/156,246/18805,0.028455284552845527,3.43013862830936,3.5089805620158128,0.004509411476309711,0.048061273987286025,0.03735638464233089,60/71/348/558/2778/10398/6469,7
M0,GO:0021987,cerebral cortex development,5/156,130/18805,0.038461538461538464,4.636341222879685,3.805096245013427,0.004593674075857819,0.048778013242534696,0.03791348155396102,1499/63950/4192/5802/7531,5
M0,GO:0007599,hemostasis,7/156,248/18805,0.028225806451612902,3.4024762200165424,3.483298559376256,0.004711053358065827,0.04926855562063839,0.038294763368601506,60/71/348/558/2778/10398/6469,7
M0,GO:1901873,regulation of post-translational protein modification,7/156,248/18805,0.028225806451612902,3.4024762200165424,3.483298559376256,0.004711053358065827,0.04926855562063839,0.038294763368601506,11261/1499/6135/6125/6187/6188/6201,7
M0,GO:0035136,forelimb morphogenesis,3/156,41/18805,0.07317073170731707,8.820356472795497,4.5847473905396265,0.004738675711105971,0.04926855562063839,0.038294763368601506,1382/1499/6469,3
M0,GO:0045981,positive regulation of nucleotide metabolic process,3/156,41/18805,0.07317073170731707,8.820356472795497,4.5847473905396265,0.004738675711105971,0.04926855562063839,0.038294763368601506,2023/3643/7114,3
M0,GO:1900544,positive regulation of purine nucleotide metabolic process,3/156,41/18805,0.07317073170731707,8.820356472795497,4.5847473905396265,0.004738675711105971,0.04926855562063839,0.038294763368601506,2023/3643/7114,3
M0,GO:0030099,myeloid cell differentiation,10/156,455/18805,0.02197802197802198,2.649337841645534,3.2572938052176013,0.004742979194731844,0.04926855562063839,0.038294763368601506,998/1499/1943/27086/2719/4869/5530/6208/6223/6194,10
M0,GO:0072028,nephron morphogenesis,4/156,82/18805,0.04878048780487805,5.880237648530332,4.050604347175184,0.004827639918230632,0.04996289673274837,0.038834450969554936,1499/2719/5087/6469,4
M0,GO:0071772,response to BMP,6/156,188/18805,0.031914893617021274,3.847176759410802,3.5883777176320923,0.00486210261194168,0.04996289673274837,0.038834450969554936,286204/22943/10468/2719/6423/6498,6
M0,GO:0071773,cellular response to BMP stimulus,6/156,188/18805,0.031914893617021274,3.847176759410802,3.5883777176320923,0.00486210261194168,0.04996289673274837,0.038834450969554936,286204/22943/10468/2719/6423/6498,6
M1,GO:0021772,olfactory bulb development,5/127,35/18805,0.14285714285714285,21.152980877390323,9.840178461531378,3.5820600909077286e-6,0.005797720831836642,0.004910839708542278,389549/5080/9353/7474/7545,5
M1,GO:0021988,olfactory lobe development,5/127,37/18805,0.13513513513513514,20.009576505639497,9.54390488827827,4.758080288745706e-6,0.005797720831836642,0.004910839708542278,389549/5080/9353/7474/7545,5
M1,GO:0044458,motile cilium assembly,6/127,79/18805,0.0759493670886076,11.245888567726503,7.524929935713471,1.565057331679212e-5,0.012568687895491001,0.010646047540357148,57639/7802/8655/84223/9576/51364,6
M1,GO:0021537,telencephalon development,10/127,280/18805,0.03571428571428571,5.288245219347581,5.961304634032838,2.062977085841773e-5,0.012568687895491001,0.010646047540357148,26047/2018/389549/4781/4915/5080/5992/9353/7474/7545,10
M1,GO:0085029,extracellular matrix assembly,5/127,56/18805,0.08928571428571429,13.220613048368953,7.551961166045126,3.763187902341663e-5,0.018341777836013266,0.015536024161035793,1278/2006/10516/2824/28984,5
M1,GO:0051960,regulation of nervous system development,12/127,454/18805,0.02643171806167401,3.91376738700614,5.182206719121301,5.939309823533965e-5,0.02329253152111418,0.019729457837680025,79365/869/389549/4036/4915/5080/5803/6281/5270/9353/7162/7474,12
M1,GO:0010001,glial cell differentiation,9/127,259/18805,0.03474903474903475,5.145319672878728,5.539168519585679,6.690509669585526e-5,0.02329253152111418,0.019729457837680025,1191/2824/4774/4781/4915/5080/5803/5270/7431,9
M1,GO:0021781,glial cell fate commitment,3/127,13/18805,0.23076923076923078,34.1701998788613,9.8649538751837,8.188286522043868e-5,0.024943567817776135,0.021127934039115826,4774/4781/5080,3
M1,GO:0061351,neural precursor cell proliferation,7/127,160/18805,0.04375,6.478100393700787,5.738132610141831,1.0762152933089417e-4,0.027122840718749527,0.022973842148227036,2018/4036/4774/4781/5080/5803/7474,7
M1,GO:0030900,forebrain development,11/127,413/18805,0.026634382566585957,3.9437760957846373,4.98800772372974,1.1408023330116797e-4,0.027122840718749527,0.022973842148227036,26047/2018/389549/4036/4781/4915/5080/5992/9353/7474/7545,11
M1,GO:0042063,gliogenesis,10/127,348/18805,0.028735632183908046,4.254909946601503,5.053704444845635,1.2745675464189308e-4,0.027122840718749527,0.022973842148227036,1191/2824/4036/4774/4781/4915/5080/5803/5270/7431,10
M1,GO:0030111,regulation of Wnt signaling pathway,10/127,350/18805,0.02857142857142857,4.230596175478064,5.03061948022271,1.3355522717480275e-4,0.027122840718749527,0.022973842148227036,2348/3489/340419/84870/6424/23213/7162/129293/11197/7474,10
M1,GO:0016485,protein processing,8/127,227/18805,0.03524229074889868,5.218356516008186,5.272523535816961,1.5583909750020914e-4,0.029213836969846897,0.024744977343960334,350/10699/1512/9427/55851/5992/6281/5270,8
M1,GO:0043010,camera-type eye development,10/127,366/18805,0.0273224043715847,4.045652080375199,4.851923525196786,1.91844016839763e-4,0.0326769078244714,0.027678299999476665,793/1410/4774/4781/4915/5080/646960/6121/7431/7474,10
M1,GO:0050680,negative regulation of epithelial cell proliferation,7/127,177/18805,0.03954802259887006,5.855909960407492,5.3522444449929765,2.0112992095489164e-4,0.0326769078244714,0.027678299999476665,350/4781/5080/28984/6678/23213/7474,7
M1,GO:0050767,regulation of neurogenesis,10/127,372/18805,0.026881720430107527,3.9803996274659217,4.787510671593396,2.1862414240483497e-4,0.033299189690036424,0.028205391003676406,79365/389549/4036/4915/5080/5803/6281/5270/9353/7474,10
M1,GO:0031638,zymogen activation,4/127,46/18805,0.08695652173913043,12.875727490585415,6.649608760986313,2.599362679778368e-4,0.03541763265941155,0.029999774375356263,350/1512/6281/5270,4
M1,GO:0001523,retinoid metabolic process,5/127,84/18805,0.05952380952380952,8.813742032245969,5.918286519567264,2.6159925640927695e-4,0.03541763265941155,0.029999774375356263,9249/4036/5919/5947/6121,5
M1,GO:0001578,microtubule bundle formation,6/127,134/18805,0.04477611940298507,6.630038782465624,5.393141219007102,2.9882458130375356e-4,0.03725556343451281,0.03155655568541115,57639/84223/89765/9576/51673/51364,6
M1,GO:0016101,diterpenoid metabolic process,5/127,89/18805,0.056179775280898875,8.318587985490577,5.706601939183964,3.4240317377229687e-4,0.03725556343451281,0.03155655568541115,9249/4036/5919/5947/6121,5
M1,GO:0060271,cilium assembly,10/127,395/18805,0.02531645569620253,3.748629522575501,4.552496877964399,3.522443314562798e-4,0.03725556343451281,0.03155655568541115,57639/10309/7802/8655/84223/5992/89765/9576/83659/51364,10
M1,GO:0090288,negative regulation of cellular response to growth factor stimulus,6/127,140/18805,0.04285714285714286,6.345894263217098,5.235186786158427,3.779458890702757e-4,0.03725556343451281,0.03155655568541115,1634/5654/4036/9353/23213/7474,6
M1,GO:0141091,transforming growth factor beta receptor superfamily signaling pathway,10/127,399/18805,0.02506265664160401,3.7110492767351446,4.5134220543205466,3.813130317684465e-4,0.03725556343451281,0.03155655568541115,54829/1278/2348/5654/3725/4036/4774/6424/23213/7474,10
M1,GO:0003341,cilium movement,8/127,260/18805,0.03076923076923077,4.5560266505148395,4.7610205768201785,3.8989639226399476e-4,0.03725556343451281,0.03155655568541115,57639/7802/84223/83853/9576/83659/10383/51364,8
M1,GO:0030317,flagellated sperm motility,7/127,198/18805,0.03535353535353535,5.234828600970333,4.939603049302459,3.974742098060456e-4,0.03725556343451281,0.03155655568541115,57639/7802/84223/83853/9576/83659/10383,7
M1,GO:0097722,sperm motility,7/127,198/18805,0.03535353535353535,5.234828600970333,4.939603049302459,3.974742098060456e-4,0.03725556343451281,0.03155655568541115,57639/7802/84223/83853/9576/83659/10383,7
M1,GO:0043603,amide metabolic process,11/127,480/18805,0.022916666666666665,3.393290682414698,4.3798160752523785,4.1544894503107695e-4,0.03749811403854572,0.03176200316592366,10351/948/1191/10699/1512/2348/2940/4837/4915/55851/8877,11
M1,GO:0120316,sperm flagellum assembly,4/127,54/18805,0.07407407407407407,10.968212306794983,6.048723582882516,4.8321215944484205e-4,0.03948010611982266,0.033440808630530304,57639/7802/84223/9576,4
M1,GO:0030198,extracellular matrix organization,9/127,339/18805,0.02654867256637168,3.9310849418159015,4.490592369009468,4.969287194769499e-4,0.03948010611982266,0.033440808630530304,1278/1298/2006/10516/2824/4016/4060/28984/23213,9
M1,GO:0043062,extracellular structure organization,9/127,340/18805,0.026470588235294117,3.9195229272811485,4.479592294045483,5.075755594380775e-4,0.03948010611982266,0.033440808630530304,1278/1298/2006/10516/2824/4016/4060/28984/23213,9
M1,GO:0001654,eye development,10/127,415/18805,0.024096385542168676,3.567972678114031,4.361997162130067,5.183973849819973e-4,0.03948010611982266,0.033440808630530304,793/1410/4774/4781/4915/5080/646960/6121/7431/7474,10
M1,GO:0045229,external encapsulating structure organization,9/127,341/18805,0.026392961876832845,3.9080287251483594,4.468633964114582,5.184092719878232e-4,0.03948010611982266,0.033440808630530304,1278/1298/2006/10516/2824/4016/4060/28984/23213,9
M1,GO:0021871,forebrain regionalization,3/127,24/18805,0.125,18.508858267716537,7.07727201250491,5.48849584639686e-4,0.0400253451469533,0.03390264208935725,2018/389549/5080,3
M1,GO:0150063,visual system development,10/127,419/18805,0.02386634844868735,3.5339108864375244,4.325302808004812,5.5841679729028e-4,0.0400253451469533,0.03390264208935725,793/1410/4774/4781/4915/5080/646960/6121/7431/7474,10
M1,GO:0006721,terpenoid metabolic process,5/127,100/18805,0.05,7.403543307086614,5.294235927916563,5.854682036815185e-4,0.040523576319331935,0.03432465851552164,9249/4036/5919/5947/6121,5
M1,GO:0044782,cilium organization,10/127,425/18805,0.023529411764705882,3.4840203798054654,4.271089403996148,6.232289430750179e-4,0.040523576319331935,0.03432465851552164,57639/10309/7802/8655/84223/5992/89765/9576/83659/51364,10
M1,GO:0048880,sensory system development,10/127,426/18805,0.023474178403755867,3.4758419282096775,4.26214843262024,6.346135455685222e-4,0.040523576319331935,0.03432465851552164,793/1410/4774/4781/4915/5080/646960/6121/7431/7474,10
M1,GO:0007178,cell surface receptor protein serine/threonine kinase signaling pathway,10/127,427/18805,0.0234192037470726,3.4677017831787427,4.253234079334527,6.461698207843188e-4,0.040523576319331935,0.03432465851552164,54829/1278/2348/5654/3725/4036/4774/6424/23213/7474,10
M1,GO:0035082,axoneme assembly,5/127,103/18805,0.04854368932038835,7.187906123385063,5.192542963748124,6.698994354455088e-4,0.040523576319331935,0.03432465851552164,57639/84223/89765/9576/51364,5
M1,GO:0060294,cilium movement involved in cell motility,7/127,217/18805,0.03225806451612903,4.776479552959106,4.613839351880858,6.859036219543775e-4,0.040523576319331935,0.03432465851552164,57639/7802/84223/83853/9576/83659/10383,7
M1,GO:2000050,regulation of non-canonical Wnt signaling pathway,3/127,26/18805,0.11538461538461539,17.08509993943065,6.767620586048946,6.981302625051375e-4,0.040523576319331935,0.03432465851552164,84870/6424/7474,3
M1,GO:0051962,positive regulation of nervous system development,8/127,285/18805,0.028070175438596492,4.156375189943362,4.427436652762836,7.134879036331214e-4,0.040523576319331935,0.03432465851552164,869/4036/4915/5080/5803/5270/9353/7162,8
M1,GO:0001539,cilium or flagellum-dependent cell motility,7/127,220/18805,0.031818181818181815,4.711345740873299,4.565867119488922,7.436587744814297e-4,0.040523576319331935,0.03432465851552164,57639/7802/84223/83853/9576/83659/10383,7
M1,GO:0060285,cilium-dependent cell motility,7/127,220/18805,0.031818181818181815,4.711345740873299,4.565867119488922,7.436587744814297e-4,0.040523576319331935,0.03432465851552164,57639/7802/84223/83853/9576/83659/10383,7
M1,GO:0016525,negative regulation of angiogenesis,6/127,160/18805,0.0375,5.55265748031496,4.768761153161935,7.65321953903215e-4,0.040523576319331935,0.03432465851552164,350/948/1634/28984/6678/23213,6
M1,GO:0021846,cell proliferation in forebrain,3/127,27/18805,0.1111111111111111,16.452318460192476,6.625408506258416,7.815379922070582e-4,0.040523576319331935,0.03432465851552164,2018/4781/5080,3
M1,GO:0031639,plasminogen activation,3/127,27/18805,0.1111111111111111,16.452318460192476,6.625408506258416,7.815379922070582e-4,0.040523576319331935,0.03432465851552164,350/6281/5270,3
M1,GO:0045765,regulation of angiogenesis,9/127,363/18805,0.024793388429752067,3.671178499381792,4.237541946835588,8.093105519988287e-4,0.04061094083076586,0.03439865882086769,350/948/1512/1634/28984/6678/8877/23213/7474,9
M1,GO:2000181,negative regulation of blood vessel morphogenesis,6/127,162/18805,0.037037037037037035,5.484106153397492,4.726474170687645,8.16551539067512e-4,0.04061094083076586,0.03439865882086769,350/948/1634/28984/6678/23213,6
M1,GO:0048709,oligodendrocyte differentiation,5/127,109/18805,0.045871559633027525,6.792241566134509,5.000890684880272,8.657376707127542e-4,0.04082085120604146,0.034576459069627155,1191/2824/4915/5080/5803,5
M1,GO:1901343,negative regulation of vasculature development,6/127,164/18805,0.036585365853658534,5.417226810063377,4.684883723941152,8.703903174625081e-4,0.04082085120604146,0.034576459069627155,350/948/1634/28984/6678/23213,6
M1,GO:0060512,prostate gland morphogenesis,3/127,28/18805,0.10714285714285714,15.864735658042743,6.490600803803445,8.710234972154928e-4,0.04082085120604146,0.034576459069627155,1396/23213/7474,3
M1,GO:1901342,regulation of vasculature development,9/127,372/18805,0.024193548387096774,3.582359664719329,4.1481264253303545,9.614415224342331e-4,0.04414970033800148,0.037396091986618966,350/948/1512/1634/28984/6678/8877/23213/7474,9
M1,GO:1901890,positive regulation of cell junction assembly,5/127,112/18805,0.044642857142857144,6.610306524184477,4.91041157165869,9.782863431481658e-4,0.04414970033800148,0.037396091986618966,869/26047/4915/6281/7162,5
M1,GO:0010594,regulation of endothelial cell migration,7/127,236/18805,0.029661016949152543,4.391932470305619,4.323851170979084,0.0011199806897206428,0.049625326197258304,0.04203410779985035,301/350/1634/28984/9353/6678/7474,7
M2,GO:0007409,axonogenesis,21/134,459/18805,0.0457516339869281,6.420593112867037,9.96038643404769,1.2006650590289174e-11,2.6630751009261388e-8,2.2559864530174923e-8,288/53335/627/885/2258/2596/3798/3897/9355/56956/57689/4131/4137/4684/4929/22854/10439/6092/3925/347733/7345,21
M2,GO:0010975,regulation of neuron projection development,19/134,448/18805,0.04241071428571429,5.951742404051173,8.986486537858145,4.4914888899162575e-10,4.98106117891713e-7,4.2196356150002737e-7,53335/627/1268/1400/1809/1996/2258/221914/57498/3897/57689/4131/4137/23413/22854/5997/6092/11075/347733,19
M2,GO:0031346,positive regulation of cell projection organization,16/134,360/18805,0.044444444444444446,6.237147595356551,8.499638697045295,6.118120579824119e-9,4.523330482016632e-6,3.831875521047738e-6,53335/627/1268/1809/1996/221914/2823/3320/57498/3897/4131/4137/5997/6092/11075/347733,16
M2,GO:0001764,neuron migration,11/134,191/18805,0.05759162303664921,8.082167695553645,8.334062744822305,1.2346195774157756e-7,6.845965556770475e-5,5.799463014966209e-5,885/1641/2258/2823/3320/4131/4929/22854/7846/7280/347733,11
M2,GO:0010976,positive regulation of neuron projection development,10/134,165/18805,0.06060606060606061,8.5052012663952965,8.20304496684852,2.947159239792667e-7,1.3073598387720273e-4,1.1075114195852445e-4,53335/627/1268/1809/1996/221914/57498/5997/11075/347733,10
M2,GO:0050803,regulation of synapse structure or activity,13/134,321/18805,0.040498442367601244,5.683382154647323,7.1698135828562455,5.090773306776647e-7,1.466529140526511e-4,1.242349445133037e-4,627/10882/2823/2904/54674/4131/9379/6092/57084/6622/55638/7846/203068,13
M2,GO:0031110,regulation of microtubule polymerization or depolymerization,8/134,100/18805,0.08,11.226865671641791,8.686752067427554,5.781896998783066e-7,1.466529140526511e-4,1.242349445133037e-4,2258/4131/4137/6622/3925/11075/81551/10382,8
M2,GO:0007416,synapse assembly,12/134,273/18805,0.04395604395604396,6.168607511891095,7.287649266978133,6.026837938943385e-7,1.466529140526511e-4,1.242349445133037e-4,43/627/2258/2596/2823/54674/4131/4137/9379/27253/6092/6622,12
M2,GO:0046785,microtubule polymerization,8/134,101/18805,0.07920792079207921,11.115708585783953,8.635420307336712,6.241957425565202e-7,1.466529140526511e-4,1.242349445133037e-4,2258/4131/4137/6622/3925/11075/7846/10382,8
M2,GO:0031111,negative regulation of microtubule polymerization or depolymerization,6/134,44/18805,0.13636363636363635,19.136702849389415,10.203529280483806,6.611943825638012e-7,1.466529140526511e-4,1.242349445133037e-4,2258/4131/6622/3925/11075/10382,6
M2,GO:0031109,microtubule polymerization or depolymerization,9/134,142/18805,0.06338028169014084,8.894523859575363,7.999689245018222,8.112461647880959e-7,1.5958159892662387e-4,1.3518729727304049e-4,2258/4131/4137/6622/3925/11075/81551/7846/10382,9
M2,GO:0048588,developmental cell growth,11/134,232/18805,0.047413793103448273,6.653853576942871,7.340763813442981,8.633810582143762e-7,1.5958159892662387e-4,1.3518729727304049e-4,53335/627/2258/3897/9355/4131/4137/51299/10439/5997/6857,11
M2,GO:1990090,cellular response to nerve growth factor stimulus,6/134,51/18805,0.11764705882352941,16.510096575943813,9.396072631345733,1.619373342932909e-6,2.7629000574039937e-4,2.3405517547653784e-4,627/11151/1996/57498/4137/11075,6
M2,GO:1990089,response to nerve growth factor,6/134,53/18805,0.11320754716981132,15.887074063644045,9.194269247529505,2.0403507959786063e-6,3.2324986182003917e-4,2.738365541971288e-4,627/11151/1996/57498/4137/11075,6
M2,GO:0031115,negative regulation of microtubule polymerization,4/134,14/18805,0.2857142857142857,40.095948827292105,12.396941736592696,2.334593285592485e-6,3.452085271629421e-4,2.924385273531639e-4,6622/3925/11075/10382,4
M2,GO:0070507,regulation of microtubule cytoskeleton organization,9/134,166/18805,0.05421686746987952,7.608568602769286,7.245091481423989,2.9761164907029663e-6,4.125641485236987e-4,3.494978905200523e-4,2258/4131/4137/6622/3925/11075/81551/55521/10382,9
M2,GO:0031113,regulation of microtubule polymerization,6/134,65/18805,0.09230769230769231,12.9540757749713,8.17864994731784,6.845083391981959e-6,8.477447375271756e-4,7.181549791115792e-4,4131/4137/6622/3925/11075/10382,6
M2,GO:0061387,regulation of extent of cell growth,7/134,99/18805,0.0707070707070707,9.922734810794513,7.540824769214141,6.879804001573111e-6,8.477447375271756e-4,7.181549791115792e-4,53335/627/2258/3897/4131/4137/10439,7
M2,GO:0060560,developmental growth involved in morphogenesis,10/134,238/18805,0.04201680672268908,5.896463062837076,6.440117979600954,8.080130806783576e-6,9.43248954181367e-4,7.990600271528356e-4,53335/627/2258/3897/9355/4131/4137/51299/10439/6857,10
M2,GO:0050770,regulation of axonogenesis,8/134,143/18805,0.055944055944055944,7.85095501513412,6.96680689536822,8.545951233439428e-6,9.477459917884326e-4,8.02869629036283e-4,53335/627/2258/3897/57689/4131/4137/6092,8
M2,GO:0050772,positive regulation of axonogenesis,6/134,74/18805,0.08108108108108109,11.378580072609925,7.578217213272985,1.4568107464501506e-5,0.0015386696360125875,0.001303462246823819,53335/627/3897/4131/4137/6092,6
M2,GO:0050807,regulation of synapse organization,11/134,315/18805,0.03492063492063492,4.900615967780148,5.914441582205053,1.6149223922048473e-5,0.0016281353935956142,0.001379251899562513,627/10882/2823/2904/54674/4131/9379/6092/6622/7846/203068,11
M2,GO:0060563,neuroepithelial cell differentiation,5/134,46/18805,0.10869565217391304,15.253893575600259,8.199763320174663,1.84803092340848e-5,0.0017821446035304386,0.0015097186262169964,4131/3175/6664/6659/203068,5
M2,GO:0051494,negative regulation of cytoskeleton organization,8/134,162/18805,0.04938271604938271,6.930163994840611,6.421848298158681,2.120474403337561e-5,0.0018978012588905075,0.0016076955280335799,11151/2258/4131/6622/3925/11075/23671/10382,8
M2,GO:0048638,regulation of developmental growth,11/134,327/18805,0.03363914373088685,4.720776849696471,5.750078189810033,2.2816433686391893e-5,0.0018978012588905075,0.0016076955280335799,10409/53335/627/2258/3897/4131/4137/10439/5950/5997/6857,11
M2,GO:0032886,regulation of microtubule-based process,10/134,269/18805,0.03717472118959108,5.216945014703435,5.901464497517896,2.3337439891039265e-5,0.0018978012588905075,0.0016076955280335799,50632/2258/4131/4137/6622/3925/11075/81551/55521/10382,10
M2,GO:0014059,regulation of dopamine secretion,4/134,24/18805,0.16666666666666666,23.389303482587064,9.297808104664668,2.3448940958240832e-5,0.0018978012588905075,0.0016076955280335799,1268/6622/6623/6857,4
M2,GO:0007626,locomotory behavior,9/134,215/18805,0.04186046511627907,5.874522735161402,6.0898327631413505,2.3957815711872954e-5,0.0018978012588905075,0.0016076955280335799,10882/1996/2775/4045/4929/6622/6623/7846/7345,9
M2,GO:1902904,negative regulation of supramolecular fiber organization,8/134,167/18805,0.04790419161676647,6.722674054875324,6.292907143178033,2.6390959806864907e-5,0.002018453408676771,0.00170990429238671,11151/2258/4131/6622/3925/11075/23671/10382,8
M2,GO:0001919,regulation of receptor recycling,4/134,25/18805,0.16,22.453731343283582,9.093242627367404,2.7761577117306446e-5,0.0020525059348728567,0.0017387514089260356,43/302/27065/6622,4
M2,GO:1990138,neuron projection extension,8/134,169/18805,0.047337278106508875,6.6431157820365625,6.242803904650381,2.8743723253851604e-5,0.0020565670379691244,0.0017421917150466932,53335/3897/9355/4131/4137/51299/10439/6857,8
M2,GO:0007019,microtubule depolymerization,5/134,51/18805,0.09803921568627451,13.758413813286507,7.729093256346143,3.0779238389096554e-5,0.0021333859608442547,0.0018072677804124126,2258/4131/3925/11075/81551,5
M2,GO:0051258,protein polymerization,10/134,282/18805,0.03546099290780142,4.976447549486609,5.699777204690862,3.4879290263332714e-5,0.0023443110849718776,0.0019859500197782743,11151/2258/3320/4131/4137/6622/3925/11075/7846/10382,10
M2,GO:0001654,eye development,12/134,415/18805,0.02891566265060241,4.057903254810286,5.336428020507694,4.245499661549439e-5,0.0026493584145597642,0.002244366555924816,43/56853/1641/2823/9355/4081/118427/5950/57084/6664/6659/7020,12
M2,GO:0008361,regulation of cell size,8/134,179/18805,0.0446927374301676,6.27199199533061,6.003924044091601,4.3311986715212384e-5,0.0026493584145597642,0.002244366555924816,53335/627/2258/3320/3897/4131/4137/10439,8
M2,GO:0034643,"establishment of mitochondrion localization, microtubule-mediated",4/134,28/18805,0.14285714285714285,20.047974413646052,8.544928685568037,4.419578960266514e-5,0.0026493584145597642,0.002244366555924816,4131/4137/55638/7345,4
M2,GO:0047497,mitochondrion transport along microtubule,4/134,28/18805,0.14285714285714285,20.047974413646052,8.544928685568037,4.419578960266514e-5,0.0026493584145597642,0.002244366555924816,4131/4137/55638/7345,4
M2,GO:0150063,visual system development,12/134,419/18805,0.028639618138424822,4.01916432159014,5.294730568924715,4.6572055654488926e-5,0.0027183373537278013,0.002302801089841073,43/56853/1641/2823/9355/4081/118427/5950/57084/6664/6659/7020,12
M2,GO:0014046,dopamine secretion,4/134,29/18805,0.13793103448275862,19.356664951106534,8.38079027501386,5.098482745947797e-5,0.0027592191827764067,0.0023374335538208376,1268/6622/6623/6857,4
M2,GO:0016049,cell growth,13/134,492/18805,0.026422764227642278,3.708060308215023,5.156498152210496,5.100791929629839e-5,0.0027592191827764067,0.0023374335538208376,53335/627/1032/2258/3488/3897/9355/4131/4137/51299/10439/5997/6857,13
M2,GO:0007411,axon guidance,9/134,238/18805,0.037815126050420166,5.306816756553368,5.664580263913023,5.2990989179042685e-5,0.0027592191827764067,0.0023374335538208376,627/2596/3798/3897/9355/56956/4684/6092/347733,9
M2,GO:0072384,organelle transport along microtubule,6/134,93/18805,0.06451612903225806,9.05392392874338,6.59603002865137,5.3671680557902054e-5,0.0027592191827764067,0.0023374335538208376,3798/4131/4137/55638/7846/7345,6
M2,GO:0048880,sensory system development,12/134,426/18805,0.028169014084507043,3.953121715366828,5.222986926613378,5.461370103932714e-5,0.0027592191827764067,0.0023374335538208376,43/56853/1641/2823/9355/4081/118427/5950/57084/6664/6659/7020,12
M2,GO:0097485,neuron projection guidance,9/134,239/18805,0.03765690376569038,5.284612502341847,5.647354612400394,5.473653924353557e-5,0.0027592191827764067,0.0023374335538208376,627/2596/3798/3897/9355/56956/4684/6092/347733,9
M2,GO:0043010,camera-type eye development,11/134,366/18805,0.030054644808743168,4.217743250958323,5.2664380464292035,6.347015607852969e-5,0.0031283734707150857,0.002650157394156152,43/56853/1641/2823/9355/4081/5950/57084/6664/6659/7020,11
M2,GO:0032271,regulation of protein polymerization,8/134,199/18805,0.04020100502512563,5.641641041026025,5.5765462999533755,9.121105024374426e-5,0.004397958900883147,0.0037256687570957326,11151/3320/4131/4137/6622/3925/11075/10382,8
M2,GO:0042416,dopamine biosynthetic process,3/134,13/18805,0.23076923076923078,32.385189437428245,9.589669936145643,9.603373163394233e-5,0.004474969483615619,0.0037909071844022028,1644/4929/6622,3
M2,GO:0051654,establishment of mitochondrion localization,4/134,34/18805,0.11764705882352941,16.510096575943813,7.668386371223835,9.684334319817391e-5,0.004474969483615619,0.0037909071844022028,4131/4137/55638/7345,4
M2,GO:0031338,regulation of vesicle fusion,4/134,35/18805,0.11428571428571428,16.038379530916842,7.543912768854915,1.0873792349540174e-4,0.00485025498999241,0.004108824999827465,302/11151/6622/6857,4
M2,GO:0030534,adult behavior,7/134,152/18805,0.046052631578947366,6.462833857030636,5.728740792018053,1.093384803875656e-4,0.00485025498999241,0.004108824999827465,4929/9379/27253/6622/6623/7846/7345,7
M2,GO:0030705,cytoskeleton-dependent intracellular transport,8/134,207/18805,0.03864734299516908,5.42360660465787,5.421535174896607,1.1989198618349742e-4,0.004994116247432408,0.00423069503187644,50632/3798/4131/4137/55638/7846/203068/7345,8
M2,GO:0042391,regulation of membrane potential,12/134,463/18805,0.02591792656587473,3.6372135005318977,4.86750237677904,1.202340835381467e-4,0.004994116247432408,0.00423069503187644,288/478/56853/1268/2258/2742/2891/2893/2904/4137/10962/6622,12
M2,GO:0001921,positive regulation of receptor recycling,3/134,14/18805,0.21428571428571427,30.071961620469082,9.218433755617761,1.2158804209258341e-4,0.004994116247432408,0.00423069503187644,302/27065/6622,3
M2,GO:0038180,nerve growth factor signaling pathway,3/134,14/18805,0.21428571428571427,30.071961620469082,9.218433755617761,1.2158804209258341e-4,0.004994116247432408,0.00423069503187644,627/11151/57498,3
M2,GO:0098930,axonal transport,5/134,69/18805,0.07246376811594203,10.169262383733507,6.464191859409513,1.3290779880904078e-4,0.005359809050153681,0.0045404865239069446,50632/3798/4137/55638/7345,5
M2,GO:0048675,axon extension,6/134,110/18805,0.05454545454545454,7.654681139755767,5.9299985860557065,1.3663726012432822e-4,0.005411811481352857,0.004584539648908381,53335/3897/9355/4131/4137/10439,6
M2,GO:0035249,"synaptic transmission, glutamatergic",6/134,111/18805,0.05405405405405406,7.585720048406616,5.895319767245918,1.4360949142150586e-4,0.005588172841629825,0.004733941683977617,1268/2891/2893/2904/57084/6857,6
M2,GO:0001558,regulation of cell growth,11/134,410/18805,0.026829268292682926,3.765107389879869,4.795653164457698,1.7263678555105988e-4,0.006601868799176737,0.005592679894893682,53335/627/1032/2258/3488/3897/4131/4137/10439/5997/6857,11
M2,GO:0007611,learning or memory,9/134,282/18805,0.031914893617021274,4.478802794537948,4.986461061326526,1.921497985837887e-4,0.007223529716251582,0.0061193111591804255,10882/55450/1268/1996/2258/2904/4137/9379/7846,9
M2,GO:0050433,regulation of catecholamine secretion,4/134,42/18805,0.09523809523809523,13.365316275764037,6.79629882401332,2.2365348745056172e-4,0.008238116275131342,0.006978803830434934,1268/6622/6623/6857,4
M2,GO:0048639,positive regulation of developmental growth,7/134,171/18805,0.04093567251461988,5.744741206249453,5.280210910441498,2.2656676861271952e-4,0.008238116275131342,0.006978803830434934,10409/53335/627/3897/4131/4137/6857,7
M2,GO:0023061,signal release,12/134,497/18805,0.02414486921529175,3.388390041742995,4.571478959079812,2.3157962592374847e-4,0.00828457435965926,0.007018160140473531,116/1268/2775/9379/5950/6622/6623/6664/6659/55638/6857/7425,12
M2,GO:0060041,retina development in camera-type eye,7/134,175/18805,0.04,5.613432835820896,5.1943418763589735,2.609387161302661e-4,0.009154578917962997,0.007755172212312634,43/56853/1641/2823/9355/5950/7020,7
M2,GO:0019896,axonal transport of mitochondrion,3/134,18/18805,0.16666666666666666,23.389303482587064,8.050852110712746,2.6693997774588496e-4,0.009154578917962997,0.007755172212312634,4137/55638/7345,3
M2,GO:0015872,dopamine transport,4/134,44/18805,0.09090909090909091,12.757801899592945,6.6148228238002815,2.682811675687984e-4,0.009154578917962997,0.007755172212312634,1268/6622/6623/6857,4
M2,GO:1903532,positive regulation of secretion by cell,9/134,297/18805,0.030303030303030304,4.252600633197648,4.786553885451556,2.819716396645198e-4,0.009475956011756137,0.008027422277530588,43/116/302/5950/6622/6664/6659/55638/6857,9
M2,GO:0030516,regulation of axon extension,5/134,82/18805,0.06097560975609756,8.557062249726973,5.809863622868384,2.9969739870628075e-4,0.009921325825828815,0.008404711024205987,53335/3897/4131/4137/10439,5
M2,GO:0008088,axo-dendritic transport,5/134,83/18805,0.060240963855421686,8.453965114188096,5.765593408589887,3.1710313083895713e-4,0.010294569504748009,0.008720899134343504,50632/3798/4137/55638/7345,5
M2,GO:0010970,transport along microtubule,7/134,181/18805,0.03867403314917127,5.427352189329595,5.0703811554636875,3.202548673704295e-4,0.010294569504748009,0.008720899134343504,50632/3798/4131/4137/55638/7846/7345,7
M2,GO:0008344,adult locomotory behavior,5/134,84/18805,0.05952380952380952,8.353322672352522,5.722060905260847,3.352641628990232e-4,0.010397135012006927,0.00880778605497241,4929/6622/6623/7846/7345,5
M2,GO:0051952,regulation of amine transport,5/134,84/18805,0.05952380952380952,8.353322672352522,5.722060905260847,3.352641628990232e-4,0.010397135012006927,0.00880778605497241,1268/5997/6622/6623/6857,5
M2,GO:0050767,regulation of neurogenesis,10/134,372/18805,0.026881720430107527,3.772468303643075,4.575449634760678,3.375084404258335e-4,0.010397135012006927,0.00880778605497241,302/53335/627/2258/3897/9355/4131/4137/6092/6664,10
M2,GO:0048268,clathrin coat assembly,3/134,20/18805,0.15,21.050373134328357,7.600209928699565,3.6906223024307696e-4,0.011124676790168419,0.009424112795050368,50632/27065/51617,3
M2,GO:0001881,receptor recycling,4/134,48/18805,0.08333333333333333,11.694651741293532,6.28491353591178,3.761725695503297e-4,0.011124676790168419,0.009424112795050368,43/302/27065/6622,4
M2,GO:0008038,neuron recognition,4/134,48/18805,0.08333333333333333,11.694651741293532,6.28491353591178,3.761725695503297e-4,0.011124676790168419,0.009424112795050368,1268/2596/50863/6092,4
M2,GO:0050432,catecholamine secretion,4/134,49/18805,0.08163265306122448,11.455985379226318,6.20849915345443,4.073637217748688e-4,0.0118262617367037,0.010018450571883681,1268/6622/6623/6857,4
M2,GO:0051960,regulation of nervous system development,11/134,454/18805,0.024229074889867842,3.4002071142086923,4.385716032587304,4.121305793927293e-4,0.0118262617367037,0.010018450571883681,302/53335/627/2258/3897/9355/54674/4131/4137/6092/6664,11
M2,GO:0035418,protein localization to synapse,5/134,88/18805,0.056818181818181816,7.97362618724559,5.554891885356884,4.1589198172357466e-4,0.0118262617367037,0.010018450571883681,3798/4137/9379/27065/10439,5
M2,GO:0048670,regulation of collateral sprouting,3/134,21/18805,0.14285714285714285,20.047974413646052,7.398746330344789,4.2833455821906694e-4,0.01202589936873279,0.010187570771765951,53335/627/2258,3
M2,GO:0031340,positive regulation of vesicle fusion,3/134,22/18805,0.13636363636363635,19.136702849389415,7.210758153853407,4.933891999311053e-4,0.013426809026932742,0.011374331599390131,302/6622/6857,3
M2,GO:1902307,positive regulation of sodium ion transmembrane transport,3/134,22/18805,0.13636363636363635,19.136702849389415,7.210758153853407,4.933891999311053e-4,0.013426809026932742,0.011374331599390131,288/2258/53822,3
M2,GO:0051047,positive regulation of secretion,9/134,321/18805,0.028037383177570093,3.9346491839866093,4.492669375567889,4.963923986512556e-4,0.013426809026932742,0.011374331599390131,43/116/302/5950/6622/6664/6659/55638/6857,9
M2,GO:0051646,mitochondrion localization,4/134,53/18805,0.07547169811320754,10.59138270909603,5.923645889482586,5.507573043408125e-4,0.014717827723227975,0.012467999850961958,4131/4137/55638/7345,4
M2,GO:0009713,catechol-containing compound biosynthetic process,3/134,23/18805,0.13043478260869565,18.30467229072031,7.034773356556452,5.644502176031607e-4,0.014728830384044829,0.012477320599648817,1644/4929/6622,3
M2,GO:0042423,catecholamine biosynthetic process,3/134,23/18805,0.13043478260869565,18.30467229072031,7.034773356556452,5.644502176031607e-4,0.014728830384044829,0.012477320599648817,1644/4929/6622,3
M2,GO:0050890,cognition,9/134,329/18805,0.02735562310030395,3.83897382388967,4.40097692387826,5.92313565328644e-4,0.015276180091848054,0.012941000172724966,10882/55450/1268/1996/2258/2904/4137/9379/7846,9
M2,GO:0015837,amine transport,5/134,97/18805,0.05154639175257732,7.2338052008001235,5.214577716469643,6.501251289841277e-4,0.016574454437779256,0.014040814945392234,1268/5997/6622/6623/6857,5
M2,GO:0030073,insulin secretion,7/134,207/18805,0.033816425120772944,4.745655779075635,4.590644325815657,7.141677399088484e-4,0.018000273262702565,0.015248677221737972,116/1268/2775/5950/6659/55638/7425,7
M2,GO:0060078,regulation of postsynaptic membrane potential,6/134,150/18805,0.04,5.613432835820896,4.805802689962693,7.234823179434703e-4,0.018030154844928283,0.015273990982011761,56853/2742/2891/2893/2904/6622,6
M2,GO:0030900,forebrain development,10/134,413/18805,0.024213075060532687,3.397961765024755,4.174423741445276,7.604566610048375e-4,0.018741031934541443,0.015876200466592223,1996/2258/9355/4808/4929/6092/6752/7846/7280/347733,10
M2,GO:0051953,negative regulation of amine transport,3/134,26/18805,0.11538461538461539,16.192594718714123,6.567137759644291,8.158292459386703e-4,0.01988471722518649,0.01684505730480655,1268/5997/6622,3
M2,GO:0035235,ionotropic glutamate receptor signaling pathway,3/134,27/18805,0.1111111111111111,15.592868988391375,6.42823328423077,9.130464155389769e-4,0.022012358148537508,0.018647458257861255,2891/2893/2904,3
M2,GO:0032535,regulation of cellular component size,9/134,353/18805,0.025495750708215296,3.5779671049849897,4.1422540584281675,9.749803737166698e-4,0.02325275773014595,0.019698245241474312,53335/627/11151/2258/3320/3897/4131/4137/10439,9
M2,GO:0051962,positive regulation of nervous system development,8/134,285/18805,0.028070175438596492,3.939251112856769,4.235769912002149,0.00101303026898774,0.023903203581008586,0.02024926125580197,53335/627/3897/54674/4131/4137/6092/6664,8
M2,GO:0043254,regulation of protein-containing complex assembly,10/134,431/18805,0.02320185614849188,3.256051528898431,4.014019933676083,0.0010509913462749669,0.024537882168819754,0.02078692025596472,53335/50632/11151/3320/4131/4137/6622/3925/11075/10382,10
M2,GO:0010639,negative regulation of organelle organization,9/134,362/18805,0.024861878453038673,3.4890121217118826,4.050972031597879,0.0011621607476044503,0.026850755606111155,0.022746238316600262,11151/2258/4131/4137/6622/3925/11075/23671/10382,9
M2,GO:0099111,microtubule-based transport,7/134,226/18805,0.030973451327433628,4.346684718002906,4.287968474893616,0.0011919047868166601,0.026983847982207293,0.022858985642940543,50632/3798/4131/4137/55638/7846/7345,7
M2,GO:0051937,catecholamine transport,4/134,65/18805,0.06153846153846154,8.636050516647533,5.2243757971197615,0.0011922529766710166,0.026983847982207293,0.022858985642940543,1268/6622/6623/6857,4
M2,GO:0030307,positive regulation of cell growth,6/134,166/18805,0.03614457831325301,5.072379068512857,4.464621716425558,0.0012237407522449738,0.027416737257367194,0.023225701677376698,53335/627/3897/4131/4137/6857,6
M2,GO:0048668,collateral sprouting,3/134,30/18805,0.1,14.033582089552239,6.052407727590657,0.0012477298846678337,0.02767464884193255,0.023444187832969296,53335/627/2258,3
M2,GO:0051963,regulation of synapse assembly,6/134,169/18805,0.03550295857988166,4.9823368365274225,4.405535685063383,0.001341397034933254,0.029457610133484725,0.024954598304907333,627/54674/4131/9379/6092/6622,6
M2,GO:0007026,negative regulation of microtubule depolymerization,3/134,31/18805,0.0967741935483871,13.580885893115068,5.938918896823924,0.0013742578249046336,0.029883371133710562,0.025315275721927464,2258/4131/11075,3
M2,GO:0009306,protein secretion,9/134,372/18805,0.024193548387096774,3.395221473278767,3.9528730412115647,0.0014032274697107563,0.030217073085616095,0.02559796661659377,43/116/1268/2775/5950/6623/6659/55638/7425,9
M2,GO:0002065,columnar/cuboidal epithelial cell differentiation,5/134,116/18805,0.04310344827586207,6.048957797220793,4.620951753293751,0.0014530588530364,0.03075062596797808,0.02604995840389202,4131/3175/6664/6659/203068,5
M2,GO:0050769,positive regulation of neurogenesis,7/134,234/18805,0.029914529914529916,4.198080112259217,4.1703581461218215,0.0014557329696292599,0.03075062596797808,0.02604995840389202,53335/627/3897/4131/4137/6092/6664,7
M2,GO:0035592,establishment of protein localization to extracellular region,9/134,375/18805,0.024,3.368059701492537,3.924093478632957,0.001482923013989359,0.031029464575739605,0.02628617259156908,43/116/1268/2775/5950/6623/6659/55638/7425,9
M2,GO:0099072,regulation of postsynaptic membrane neurotransmitter receptor levels,5/134,119/18805,0.04201680672268908,5.896463062837076,4.539327553026736,0.0016268064960664331,0.033722026245564,0.028567138174899986,50632/3320/27065/51617/10439,5
M2,GO:0099560,synaptic membrane adhesion,3/134,33/18805,0.09090909090909091,12.757801899592945,5.7269259396551275,0.0016508326044324074,0.03390321033917666,0.028720625720388374,57689/22854/27253,3
M2,GO:0071692,protein localization to extracellular region,9/134,383/18805,0.02349869451697128,3.297708585012275,3.8487497693420383,0.001713403570411381,0.03486540476304994,0.02953573513456606,43/116/1268/2775/5950/6623/6659/55638/7425,9
M2,GO:1902414,protein localization to cell junction,5/134,121/18805,0.04132231404958678,5.799000863451338,4.486444657548894,0.0017508191608346735,0.03530288089755733,0.029906336862104237,3798/4137/9379/27065/10439,5
M2,GO:0051261,protein depolymerization,5/134,122/18805,0.040983606557377046,5.751468069488622,4.4604446494889665,0.0018153614574849067,0.036009107267878704,0.03050460655553295,2258/4131/3925/11075/81551,5
M2,GO:0032272,negative regulation of protein polymerization,4/134,73/18805,0.0547945205479452,7.689634021672459,4.851381696970452,0.0018345487471912955,0.036009107267878704,0.03050460655553295,6622/3925/11075/10382,4
M2,GO:0071901,negative regulation of protein serine/threonine kinase activity,4/134,73/18805,0.0547945205479452,7.689634021672459,4.851381696970452,0.0018345487471912955,0.036009107267878704,0.03050460655553295,2950/5569/5997/7345,4
M2,GO:0071248,cellular response to metal ion,6/134,182/18805,0.03296703296703297,4.6264556339183205,4.164731157545209,0.0019540518287713277,0.03780028874616477,0.032021980642543836,288/2742/6622/6857/7020/7846,6
M2,GO:0043407,negative regulation of MAP kinase activity,3/134,35/18805,0.08571428571428572,12.028784648187633,5.532523578179789,0.001959888731203313,0.03780028874616477,0.032021980642543836,2950/5997/7345,3
M2,GO:0043112,receptor metabolic process,4/134,75/18805,0.05333333333333334,7.484577114427861,4.766911984022883,0.0020263505546127165,0.03841406436009406,0.03254193198365901,43/302/27065/6622,4
M2,GO:2000379,positive regulation of reactive oxygen species metabolic process,4/134,75/18805,0.05333333333333334,7.484577114427861,4.766911984022883,0.0020263505546127165,0.03841406436009406,0.03254193198365901,1645/2950/4137/6622,4
M2,GO:0046879,hormone secretion,8/134,320/18805,0.025,3.5083955223880596,3.8340256104041646,0.0021041715583842873,0.03931406219597563,0.033304352436911634,116/1268/2775/5950/6664/6659/55638/7425,8
M2,GO:0030072,peptide hormone secretion,7/134,250/18805,0.028,3.9294029850746264,3.950138978227999,0.0021188171227060296,0.03931406219597563,0.033304352436911634,116/1268/2775/5950/6659/55638/7425,7
M2,GO:0010765,positive regulation of sodium ion transport,3/134,36/18805,0.08333333333333333,11.694651741293532,5.441154541319273,0.002127000659836373,0.03931406219597563,0.033304352436911634,288/2258/53822,3
M2,GO:1902903,regulation of supramolecular fiber organization,9/134,396/18805,0.022727272727272728,3.189450474898236,3.7304510959905857,0.0021485518229453025,0.03938419787845191,0.03336376688958125,11151/2258/4131/4137/6622/3925/11075/23671/10382,9
M2,GO:0048672,positive regulation of collateral sprouting,2/134,10/18805,0.2,28.067164179104477,7.252960681690746,0.002184631861437261,0.03971732351367086,0.033645969565707604,53335/627,2
M2,GO:0015844,monoamine transport,4/134,77/18805,0.05194805194805195,7.290172514053111,4.685500081425908,0.002231589492801449,0.04024118288645214,0.03408974963329556,1268/6622/6623/6857,4
M2,GO:0031345,negative regulation of cell projection organization,6/134,188/18805,0.031914893617021274,4.478802794537948,4.061136776490752,0.0022994108120298127,0.04046641337215375,0.034280550457640564,53335/1400/1809/2258/2904/11075,6
M2,GO:0031114,regulation of microtubule depolymerization,3/134,37/18805,0.08108108108108109,11.378580072609925,5.353324085051358,0.002302707718301157,0.04046641337215375,0.034280550457640564,2258/4131/11075,3
M2,GO:0045773,positive regulation of axon extension,3/134,37/18805,0.08108108108108109,11.378580072609925,5.353324085051358,0.002302707718301157,0.04046641337215375,0.034280550457640564,3897/4131/4137,3
M2,GO:0007613,memory,5/134,129/18805,0.03875968992248062,5.439372902927224,4.286159026573083,0.0023170579342937448,0.04046641337215375,0.034280550457640564,55450/1268/2258/4137/7846,5
M2,GO:0021987,cerebral cortex development,5/134,130/18805,0.038461538461538464,5.3975315729047075,4.262300530433619,0.0023961887708877855,0.04152145854553991,0.03517431707265376,2258/9355/7846/7280/347733,5
M2,GO:0002790,peptide secretion,7/134,257/18805,0.027237354085603113,3.822376444625123,3.859461276972098,0.0024734972288381744,0.04211082387932277,0.03567358958976373,116/1268/2775/5950/6659/55638/7425,7
M2,GO:0010977,negative regulation of neuron projection development,5/134,131/18805,0.03816793893129771,5.356329041813832,4.23868728396179,0.002477267738360428,0.04211082387932277,0.03567358958976373,53335/1400/1809/2258/11075,5
M2,GO:0031112,positive regulation of microtubule polymerization or depolymerization,3/134,38/18805,0.07894736842105263,11.07914375490966,5.268800343674088,0.0024871586691574766,0.04211082387932277,0.03567358958976373,4131/4137/11075,3
M2,GO:0099003,vesicle-mediated transport in synapse,7/134,258/18805,0.027131782945736434,3.807561032049057,3.8467676391236334,0.0025276868815869652,0.04247279926787795,0.0359802319268958,50632/27065/27253/57084/6622/6623/6857,7
M2,GO:0045927,positive regulation of growth,7/134,259/18805,0.02702702702702703,3.792860024203308,3.834137248808652,0.002582786867409606,0.04290257676407649,0.03634431186174199,10409/53335/627/3897/4131/4137/6857,7
M2,GO:0009914,hormone transport,8/134,331/18805,0.02416918429003021,3.3918023177165533,3.7192257550321477,0.002591950084033476,0.04290257676407649,0.03634431186174199,116/1268/2775/5950/6664/6659/55638/7425,8
M2,GO:0003357,noradrenergic neuron differentiation,2/134,11/18805,0.18181818181818182,25.51560379918589,6.890060832437305,0.002657664246705402,0.043027002183887456,0.03644971709849514,6664/6659,2
M2,GO:0060900,embryonic camera-type eye formation,2/134,11/18805,0.18181818181818182,25.51560379918589,6.890060832437305,0.002657664246705402,0.043027002183887456,0.03644971709849514,6664/7020,2
M2,GO:1904181,positive regulation of membrane depolarization,2/134,11/18805,0.18181818181818182,25.51560379918589,6.890060832437305,0.002657664246705402,0.043027002183887456,0.03644971709849514,288/10962,2
M2,GO:0042401,biogenic amine biosynthetic process,3/134,39/18805,0.07692307692307693,10.795063145809415,5.187372299652934,0.0026804978356702396,0.043082204344323125,0.036496480828919736,1644/4929/6622,3
M2,GO:0046883,regulation of hormone secretion,7/134,262/18805,0.026717557251908396,3.749430329269682,3.7966196973200446,0.0027536502351495798,0.043939541162314875,0.037222761603498675,116/1268/2775/5950/6664/6659/55638,7
M2,GO:0009309,amine biosynthetic process,3/134,40/18805,0.075,10.525186567164178,5.1088474292139,0.0028828651695642616,0.04534890032690449,0.0384166803111027,1644/4929/6622,3
M2,GO:0038179,neurotrophin signaling pathway,3/134,40/18805,0.075,10.525186567164178,5.1088474292139,0.0028828651695642616,0.04534890032690449,0.0384166803111027,627/11151/57498,3
M2,GO:0006469,negative regulation of protein kinase activity,5/134,136/18805,0.03676470588235294,5.159405179982441,4.124144615247663,0.002912858397214457,0.04549802764099764,0.03854301140865683,2950/5569/5997/6622/7345,5
M2,GO:1990806,ligand-gated ion channel signaling pathway,3/134,41/18805,0.07317073170731707,10.26847469967237,5.0330496652382974,0.0030943963179666024,0.0475722826991949,0.04030018728017792,2891/2893/2904,3
M2,GO:0048671,negative regulation of collateral sprouting,2/134,12/18805,0.16666666666666666,23.389303482587064,6.572443785781565,0.003174345283805611,0.0475722826991949,0.04030018728017792,53335/2258,2
M2,GO:0048755,branching morphogenesis of a nerve,2/134,12/18805,0.16666666666666666,23.389303482587064,6.572443785781565,0.003174345283805611,0.0475722826991949,0.04030018728017792,53335/2258,2
M2,GO:0099519,dense core granule cytoskeletal transport,2/134,12/18805,0.16666666666666666,23.389303482587064,6.572443785781565,0.003174345283805611,0.0475722826991949,0.04030018728017792,3798/55638,2
M2,GO:1901950,dense core granule transport,2/134,12/18805,0.16666666666666666,23.389303482587064,6.572443785781565,0.003174345283805611,0.0475722826991949,0.04030018728017792,3798/55638,2
M2,GO:2000651,positive regulation of sodium ion transmembrane transporter activity,2/134,12/18805,0.16666666666666666,23.389303482587064,6.572443785781565,0.003174345283805611,0.0475722826991949,0.04030018728017792,288/2258,2
M2,GO:0042417,dopamine metabolic process,3/134,42/18805,0.07142857142857142,10.023987206823026,4.959817628106168,0.0033152226895447594,0.04902109283606851,0.04152752632166593,1644/4929/6622,3
M2,GO:2001259,positive regulation of cation channel activity,3/134,42/18805,0.07142857142857142,10.023987206823026,4.959817628106168,0.0033152226895447594,0.04902109283606851,0.04152752632166593,288/2258/389816,3
M4,GO:0048511,rhythmic process,11/104,303/18805,0.036303630363036306,6.56432470170094,7.2817173420232875,9.353574699844984e-7,0.0016303280701829806,0.0013626681457458377,9607/1081/1364/2662/3397/3398/3399/5798/5176/7054/7166,11
M4,GO:0035270,endocrine system development,7/104,139/18805,0.050359712230215826,9.105907581627006,7.153075237476487,1.211405726960207e-5,0.0070894894745050716,0.0059255690024549446,429/1081/4760/190/2908/5122/9095,7
M4,GO:0008217,regulation of blood pressure,8/104,194/18805,0.041237113402061855,7.456383822363203,6.740850988445021,1.2278620310742098e-5,0.0070894894745050716,0.0059255690024549446,796/9607/1113/2784/3398/10631/6863/255061,8
M4,GO:0015837,amine transport,6/104,97/18805,0.061855670103092786,11.184575733544806,7.499365219789542,1.6269625873792476e-5,0.0070894894745050716,0.0059255690024549446,9607/1113/5865/6570/6571/7054,6
M4,GO:0051937,catecholamine transport,5/104,65/18805,0.07692307692307693,13.909023668639055,7.774539204773242,2.9806536768135516e-5,0.010390558717372041,0.008684683555178855,9607/1113/5865/6570/6571,5
M4,GO:0016486,peptide hormone processing,4/104,35/18805,0.11428571428571428,20.66483516483516,8.683635232732394,4.050839149095992e-5,0.011767687728123857,0.009835721723419042,1363/5122/5126/6447,4
M4,GO:0042445,hormone metabolic process,8/104,240/18805,0.03333333333333333,6.02724358974359,5.845174068041847,5.624865331265543e-5,0.011791832584543475,0.009855902585987964,216/1081/1363/2784/2908/5122/5126/6447,8
M4,GO:2001198,regulation of dendritic cell differentiation,3/104,14/18805,0.21428571428571427,38.746565934065934,10.536003212042658,5.722132171904578e-5,0.011791832584543475,0.009855902585987964,3106/55365/28959,3
M4,GO:0140448,signaling receptor ligand precursor processing,4/104,39/18805,0.10256410256410256,18.545364891518737,8.179339371245229,6.256219278111738e-5,0.011791832584543475,0.009855902585987964,1363/5122/5126/6447,4
M4,GO:0015844,monoamine transport,5/104,77/18805,0.06493506493506493,11.741383616383615,7.043187745434144,6.765251052520639e-5,0.011791832584543475,0.009855902585987964,9607/1113/5865/6570/6571,5
M4,GO:0002428,antigen processing and presentation of peptide antigen via MHC class Ib,3/104,16/18805,0.1875,33.90324519230769,9.818751477139223,8.732675212683297e-5,0.012684210746422488,0.010601774117854108,567/3106/3107,3
M4,GO:1901142,insulin metabolic process,3/104,16/18805,0.1875,33.90324519230769,9.818751477139223,8.732675212683297e-5,0.012684210746422488,0.010601774117854108,1363/5122/5126,3
M4,GO:0023061,signal release,11/104,497/18805,0.022132796780684104,4.001992725584275,5.057975877953079,9.584123961877737e-5,0.012850098511963764,0.01074042717671157,9607/1081/1113/1363/4760/9378/5798/6447/6571/6861/6844,11
M4,GO:0019098,reproductive behavior,4/104,46/18805,0.08695652173913043,15.72324414715719,7.455674919239502,1.2049126133117405e-4,0.01500116203573117,0.012538338773108637,54738/2908/6863/7054,4
M4,GO:0006836,neurotransmitter transport,7/104,211/18805,0.03317535545023697,5.998678454247175,5.445269654844954,1.715466269642228e-4,0.019933718053242688,0.016661089945156797,9378/5865/6570/6571/6861/7054/6844,7
M4,GO:0050965,detection of temperature stimulus involved in sensory perception of pain,3/104,21/18805,0.14285714285714285,25.831043956043953,8.490239905073688,2.0327078946306097e-4,0.022143811627132207,0.01850834030374187,796/6863/255061,3
M4,GO:0099504,synaptic vesicle cycle,7/104,222/18805,0.03153153153153153,5.7014466389466385,5.2548395610772225,2.3420184208134036e-4,0.022699848980937323,0.018973089947529824,9378/5865/6570/6571/6861/7054/6844,7
M4,GO:0019885,antigen processing and presentation of endogenous peptide antigen via MHC class I,3/104,22/18805,0.13636363636363635,24.656905594405593,8.279348693221598,2.3442184834014448e-4,0.022699848980937323,0.018973089947529824,567/3106/3107,3
M4,GO:0002475,antigen processing and presentation via MHC class Ib,3/104,23/18805,0.13043478260869565,23.584866220735783,8.082019577177308,2.685037569881696e-4,0.023400102421518982,0.019558378930085617,567/3106/3107,3
M4,GO:0016338,calcium-independent cell-cell adhesion via plasma membrane cell-adhesion molecules,3/104,23/18805,0.13043478260869565,23.584866220735783,8.082019577177308,2.685037569881696e-4,0.023400102421518982,0.019558378930085617,1364/1366/9080,3
M4,GO:0002483,antigen processing and presentation of endogenous peptide antigen,3/104,24/18805,0.125,22.60216346153846,7.896831810041686,3.056308318355051e-4,0.025367359042346924,0.02120266021355083,567/3106/3107,3
M4,GO:0003085,negative regulation of systemic arterial blood pressure,3/104,25/18805,0.12,21.698076923076922,7.722565185121776,3.459152832287359e-4,0.026214362550768984,0.021910606498332746,796/6863/255061,3
M4,GO:0050961,detection of temperature stimulus involved in sensory perception,3/104,25/18805,0.12,21.698076923076922,7.722565185121776,3.459152832287359e-4,0.026214362550768984,0.021910606498332746,796/6863/255061,3
M4,GO:0046879,hormone secretion,8/104,320/18805,0.025,4.5204326923076925,4.736643323225288,4.0287247899377295e-4,0.029255233777876845,0.0244522411743706,9607/1081/1113/1363/4760/5798/6447/6571,8
M4,GO:0007218,neuropeptide signaling pathway,5/104,114/18805,0.043859649122807015,7.93058367071525,5.534970922759325,4.2772374621667897e-4,0.029255233777876845,0.0244522411743706,796/9607/1363/6447/6863,5
M4,GO:0035902,response to immobilization stress,3/104,27/18805,0.1111111111111111,20.090811965811966,7.402714334856321,4.3639476662352155e-4,0.029255233777876845,0.0244522411743706,190/7054/7166,3
M4,GO:0016048,detection of temperature stimulus,3/104,28/18805,0.10714285714285714,19.373282967032967,7.255411549262991,4.868038981677363e-4,0.030280530348181473,0.02530920916863433,796/6863/255061,3
M4,GO:0030325,adrenal gland development,3/104,28/18805,0.10714285714285714,19.373282967032967,7.255411549262991,4.868038981677363e-4,0.030280530348181473,0.02530920916863433,429/190/2908,3
M4,GO:0009914,hormone transport,8/104,331/18805,0.02416918429003021,4.3702068324424825,4.61316998571371,5.038068732629161e-4,0.030280530348181473,0.02530920916863433,9607/1081/1113/1363/4760/5798/6447/6571,8
M4,GO:1902106,negative regulation of leukocyte differentiation,5/104,120/18805,0.041666666666666664,7.534054487179487,5.354713010039808,5.409453213674701e-4,0.03142892317145001,0.026269064027108022,796/9607/3398/55365/28959,5
M4,GO:0099003,vesicle-mediated transport in synapse,7/104,258/18805,0.027131782945736434,4.905895945140132,4.71089106935839,5.782256970265951e-4,0.03195263517901235,0.02670679535450258,9378/5865/6570/6571/6861/7054/6844,7
M4,GO:0062149,detection of stimulus involved in sensory perception of pain,3/104,30/18805,0.1,18.08173076923077,6.9825154101554325,5.984810515106114e-4,0.03195263517901235,0.02670679535450258,796/6863/255061,3
M4,GO:0031644,regulation of nervous system process,5/104,124/18805,0.04032258064516129,7.291020471464019,5.241327011131325,6.280461139363467e-4,0.03195263517901235,0.02670679535450258,9607/2257/9378/6863/255061,5
M4,GO:1900046,regulation of hemostasis,4/104,71/18805,0.056338028169014086,10.186890574214518,5.783514592550831,6.454010131281481e-4,0.03195263517901235,0.02670679535450258,928/2152/7166/7103,4
M4,GO:0019883,antigen processing and presentation of endogenous antigen,3/104,31/18805,0.0967741935483871,17.498449131513645,6.855749458409977,6.599511568814943e-4,0.03195263517901235,0.02670679535450258,567/3106/3107,3
M4,GO:0050951,sensory perception of temperature stimulus,3/104,31/18805,0.0967741935483871,17.498449131513645,6.855749458409977,6.599511568814943e-4,0.03195263517901235,0.02670679535450258,796/6863/255061,3
M4,GO:0010038,response to metal ion,8/104,347/18805,0.023054755043227664,4.168698736422079,4.442861173732898,6.863959221946827e-4,0.03210660260090138,0.026835485098075016,567/4519/9378/5066/5122/5176/6649/7054,8
M4,GO:1903707,negative regulation of hemopoiesis,5/104,127/18805,0.03937007874015748,7.118791641429437,5.159548693567493,6.999718295090375e-4,0.03210660260090138,0.026835485098075016,796/9607/3398/55365/28959,5
M4,GO:0009636,response to toxic substance,7/104,272/18805,0.025735294117647058,4.653386595022624,4.5260213251201344,7.894460737957942e-4,0.03459113957969702,0.028912121978621662,216/2878/4519/5444/6571/6649/7054,7
M4,GO:0042698,ovulation cycle,4/104,75/18805,0.05333333333333334,9.643589743589745,5.593263303878336,7.938299387193808e-4,0.03459113957969702,0.028912121978621662,1081/2662/5798/5176,4
M4,GO:0048732,gland development,9/104,451/18805,0.019955654101995565,3.608327647961794,4.181137288383995,8.905360147221673e-4,0.03782100383887849,0.03161172166138711,429/1081/3398/190/2908/5122/5176/9095/7166,9
M4,GO:0031646,positive regulation of nervous system process,3/104,35/18805,0.08571428571428572,15.498626373626374,6.402330950090138,9.456420925827553e-4,0.03782100383887849,0.03161172166138711,9607/6863/255061,3
M4,GO:0098810,neurotransmitter reuptake,3/104,35/18805,0.08571428571428572,15.498626373626374,6.402330950090138,9.456420925827553e-4,0.03782100383887849,0.03161172166138711,5865/6570/6571,3
M4,GO:0019731,antibacterial humoral response,4/104,79/18805,0.05063291139240506,9.155306718597858,5.416773938420398,9.64880273307366e-4,0.03782100383887849,0.03161172166138711,567/796/6863/10406,4
M4,GO:0007623,circadian rhythm,6/104,207/18805,0.028985507246376812,5.2410813823857305,4.575494451981213,0.001025764490846596,0.03782100383887849,0.03161172166138711,9607/1364/3398/3399/7054/7166,6
M4,GO:0002474,antigen processing and presentation of peptide antigen via MHC class I,3/104,36/18805,0.08333333333333333,15.068108974358974,6.300511125939862,0.0010274842055564687,0.03782100383887849,0.03161172166138711,567/3106/3107,3
M4,GO:0010765,positive regulation of sodium ion transport,3/104,36/18805,0.08333333333333333,15.068108974358974,6.300511125939862,0.0010274842055564687,0.03782100383887849,0.03161172166138711,2257/5349/55800,3
M4,GO:0009749,response to glucose,6/104,208/18805,0.028846153846153848,5.215883875739645,4.559405698647311,0.0010515675561784115,0.03782100383887849,0.03161172166138711,4760/5122/5798/5176/7054/6844,6
M4,GO:0043433,negative regulation of DNA-binding transcription factor activity,5/104,140/18805,0.03571428571428571,6.457760989010988,4.833635630185336,0.0010849398691588782,0.03782100383887849,0.03161172166138711,55502/3397/3398/3399/190,5
M4,GO:0061041,regulation of wound healing,5/104,140/18805,0.03571428571428571,6.457760989010988,4.833635630185336,0.0010849398691588782,0.03782100383887849,0.03161172166138711,928/1364/2152/51330/7103,5
M4,GO:0009746,response to hexose,6/104,213/18805,0.028169014084507043,5.093445287107259,4.48048587122465,0.0011881542209047052,0.04036717915694768,0.03373987737610025,4760/5122/5798/5176/7054/6844,6
M4,GO:0001916,positive regulation of T cell mediated cytotoxicity,3/104,38/18805,0.07894736842105263,14.275050607287447,6.1085753101430695,0.0012042990913145608,0.04036717915694768,0.03373987737610025,567/3106/3107,3
M4,GO:0034284,response to monosaccharide,6/104,220/18805,0.02727272727272727,4.931381118881119,4.374058438820269,0.0014017564247683367,0.04609927261077756,0.03853090152689927,4760/5122/5798/5176/7054/6844,6
M5,GO:0098813,nuclear chromosome segregation,17/29,322/18805,0.052795031055900624,34.23484686228314,23.64057132545532,2.6424772246147642e-23,1.8444491027811055e-20,9.846704605406596e-21,9212/332/891/9133/991/983/1063/2177/4751/51203/5347/9232/10051/147841/7153/22974/11065,17
M5,GO:0007059,chromosome segregation,18/29,431/18805,0.04176334106728538,27.081366509320745,21.527306939304445,5.880439482636058e-23,2.0522733794399845e-20,1.0956187246595605e-20,9212/332/891/9133/991/983/1063/2177/4288/4751/51203/5347/9232/10051/147841/7153/22974/11065,18
M5,GO:0000280,nuclear division,18/29,448/18805,0.04017857142857143,26.05372536945813,21.092742337375284,1.1848156258352828e-22,2.756671022776758e-20,1.4716657247217197e-20,9212/332/891/9133/991/983/1063/2177/4288/4751/51203/5347/9232/10051/147841/7153/22974/11065,18
M5,GO:0048285,organelle fission,18/29,498/18805,0.03614457831325301,23.437889488990443,19.943926603303524,8.0116563525585165e-22,1.398034033521461e-19,7.463490391593986e-20,9212/332/891/9133/991/983/1063/2177/4288/4751/51203/5347/9232/10051/147841/7153/22974/11065,18
M5,GO:0000819,sister chromatid segregation,14/29,234/18805,0.05982905982905983,38.79605069260242,22.864372579464796,9.486690806636655e-20,1.3243420366064769e-17,7.070081148525002e-18,9212/332/891/991/983/1063/4751/51203/5347/10051/147841/7153/22974/11065,14
M5,GO:0000070,mitotic sister chromatid segregation,13/29,193/18805,0.06735751295336788,43.67786314096838,23.421104988527738,5.477913748770308e-19,6.372639661069458e-17,3.4020727492362964e-17,9212/332/891/991/983/1063/4751/51203/5347/10051/147841/22974/11065,13
M5,GO:0140014,mitotic nuclear division,14/29,282/18805,0.04964539007092199,32.19246759598924,20.741549882797205,1.335569294743623e-18,1.331753382472927e-16,7.109647072770565e-17,9212/332/891/991/983/1063/4288/4751/51203/5347/10051/147841/22974/11065,14
M5,GO:0007088,regulation of mitotic nuclear division,11/29,121/18805,0.09090909090909091,58.94984326018809,25.132321309304903,1.5435089999567837e-17,1.3467116024622939e-15,7.189502447167125e-16,9212/332/891/991/1063/4288/4751/51203/5347/147841/11065,11
M5,GO:0051983,regulation of chromosome segregation,11/29,137/18805,0.08029197080291971,52.065190032720864,23.575391951105818,6.310373945245145e-17,4.894045570867901e-15,2.612716229961148e-15,9212/332/891/991/983/1063/4288/5347/10051/147841/11065,11
M5,GO:0051783,regulation of nuclear division,11/29,147/18805,0.07482993197278912,48.52334037063101,22.732943058229367,1.3972177808457153e-16,9.752580110303092e-15,5.2064746780987706e-15,9212/332/891/991/1063/4288/4751/51203/5347/147841/11065,11
M5,GO:1905818,regulation of chromosome separation,9/29,77/18805,0.11688311688311688,75.79265562024182,25.845277402539246,1.871324873364507e-15,1.1874406923712962e-13,6.339224929866369e-14,9212/332/891/991/1063/5347/10051/147841/11065,9
M5,GO:0051304,chromosome separation,9/29,84/18805,0.10714285714285714,69.47660098522167,24.71951230105752,4.241725711969504e-15,2.4672704557955944e-13,1.3171674579273725e-13,9212/332/891/991/1063/5347/10051/147841/11065,9
M5,GO:0033047,regulation of mitotic sister chromatid segregation,8/29,58/18805,0.13793103448275862,89.44114149821641,26.51093398800684,2.0213313698436648e-14,1.0852994585775985e-12,5.79393769169763e-13,9212/332/891/991/983/1063/5347/147841,8
M5,GO:0010965,regulation of mitotic sister chromatid separation,8/29,62/18805,0.12903225806451613,83.67074527252502,25.62422427734515,3.5513216754184524e-14,1.770587521030057e-12,9.452390023294227e-13,9212/332/891/991/1063/5347/147841/11065,8
M5,GO:0033044,regulation of chromosome organization,11/29,244/18805,0.045081967213114756,29.233323911814587,17.445315190315284,3.9440375655707094e-14,1.8352921471789033e-12,9.797819636575658e-13,9212/332/891/991/983/1063/4751/5347/10051/147841/11065,11
M5,GO:0033045,regulation of sister chromatid segregation,9/29,108/18805,0.08333333333333333,54.03735632183908,21.723528293215995,4.403979049806628e-14,1.9212358604781412e-12,1.0256635418628592e-12,9212/332/891/991/983/1063/5347/147841/11065,9
M5,GO:0051306,mitotic sister chromatid separation,8/29,65/18805,0.12307692307692308,79.80901856763926,25.01326510867288,5.2856853116283354e-14,2.1702402044215166e-12,1.1585960373476353e-12,9212/332/891/991/1063/5347/147841/11065,8
M5,GO:0007093,mitotic cell cycle checkpoint signaling,9/29,137/18805,0.06569343065693431,42.59879184495344,19.205016603459946,3.9224610270161645e-13,1.5210432204762682e-11,8.120182476980832e-12,9212/332/891/991/983/1063/2177/5347/147841,9
M5,GO:0007094,mitotic spindle assembly checkpoint signaling,7/29,49/18805,0.14285714285714285,92.63546798029556,25.24143910815648,7.791832689787874e-13,2.5898567702247317e-11,1.3826109133758934e-11,9212/332/891/991/1063/5347/147841,7
M5,GO:0071173,spindle assembly checkpoint signaling,7/29,49/18805,0.14285714285714285,92.63546798029556,25.24143910815648,7.791832689787874e-13,2.5898567702247317e-11,1.3826109133758934e-11,9212/332/891/991/1063/5347/147841,7
M5,GO:0071174,mitotic spindle checkpoint signaling,7/29,49/18805,0.14285714285714285,92.63546798029556,25.24143910815648,7.791832689787874e-13,2.5898567702247317e-11,1.3826109133758934e-11,9212/332/891/991/1063/5347/147841,7
M5,GO:0031577,spindle checkpoint signaling,7/29,50/18805,0.14,90.78275862068966,24.982850840053246,9.050980379621058e-13,2.7093132683639456e-11,1.4463834972113358e-11,9212/332/891/991/1063/5347/147841,7
M5,GO:0030071,regulation of mitotic metaphase/anaphase transition,8/29,93/18805,0.08602150537634409,55.78049684835002,20.81277161912242,1.0371643512945674e-12,2.7093132683639456e-11,1.4463834972113358e-11,9212/332/891/991/1063/5347/147841/11065,8
M5,GO:0033046,negative regulation of sister chromatid segregation,7/29,51/18805,0.13725490196078433,89.00270453008791,24.731857377849526,1.0480151611149933e-12,2.7093132683639456e-11,1.4463834972113358e-11,9212/332/891/991/1063/5347/147841,7
M5,GO:0033048,negative regulation of mitotic sister chromatid segregation,7/29,51/18805,0.13725490196078433,89.00270453008791,24.731857377849526,1.0480151611149933e-12,2.7093132683639456e-11,1.4463834972113358e-11,9212/332/891/991/1063/5347/147841,7
M5,GO:0045841,negative regulation of mitotic metaphase/anaphase transition,7/29,51/18805,0.13725490196078433,89.00270453008791,24.731857377849526,1.0480151611149933e-12,2.7093132683639456e-11,1.4463834972113358e-11,9212/332/891/991/1063/5347/147841,7
M5,GO:2000816,negative regulation of mitotic sister chromatid separation,7/29,51/18805,0.13725490196078433,89.00270453008791,24.731857377849526,1.0480151611149933e-12,2.7093132683639456e-11,1.4463834972113358e-11,9212/332/891/991/1063/5347/147841,7
M5,GO:1902099,regulation of metaphase/anaphase transition of cell cycle,8/29,96/18805,0.08333333333333333,54.03735632183908,20.47456950914759,1.346391802855335e-12,3.239809276130667e-11,1.7295920430557326e-11,9212/332/891/991/1063/5347/147841/11065,8
M5,GO:1902100,negative regulation of metaphase/anaphase transition of cell cycle,7/29,53/18805,0.1320754716981132,85.64411190631098,24.25121334412778,1.3924681702567337e-12,3.239809276130667e-11,1.7295920430557326e-11,9212/332/891/991/1063/5347/147841,7
M5,GO:1905819,negative regulation of chromosome separation,7/29,53/18805,0.1320754716981132,85.64411190631098,24.25121334412778,1.3924681702567337e-12,3.239809276130667e-11,1.7295920430557326e-11,9212/332/891/991/1063/5347/147841,7
M5,GO:0007091,metaphase/anaphase transition of mitotic cell cycle,8/29,97/18805,0.08247422680412371,53.48027017419125,20.365300870396645,1.4659540013705786e-12,3.300760945021496e-11,1.76213146514494e-11,9212/332/891/991/1063/5347/147841/11065,8
M5,GO:0051985,negative regulation of chromosome segregation,7/29,54/18805,0.12962962962962962,84.0581098339719,24.02090073289568,1.598216388118038e-12,3.4861094965824705e-11,1.8610809256374523e-11,9212/332/891/991/1063/5347/147841,7
M5,GO:0044784,metaphase/anaphase transition of cell cycle,8/29,100/18805,0.08,51.87586206896552,20.047282338806745,1.881963789366055e-12,3.9806385605378985e-11,2.125088298040139e-11,9212/332/891/991/1063/5347/147841/11065,8
M5,GO:1902850,microtubule cytoskeleton organization involved in mitosis,9/29,169/18805,0.05325443786982249,34.53274841869007,17.209122813723617,2.6492210755220456e-12,5.4386950315129055e-11,2.9034806833894868e-11,9212/332/891/991/983/4751/51203/5347/22974,9
M5,GO:0045839,negative regulation of mitotic nuclear division,7/29,59/18805,0.11864406779661017,76.93454120397429,22.957979020136573,3.062895040818171e-12,6.108287824260238e-11,3.260946900600399e-11,9212/332/891/991/1063/5347/147841,7
M5,GO:0051784,negative regulation of nuclear division,7/29,65/18805,0.1076923076923077,69.83289124668435,21.84693310794188,6.212140645903205e-12,1.188568907026092e-10,6.345247972963905e-11,9212/332/891/991/1063/5347/147841,7
M5,GO:0000075,cell cycle checkpoint signaling,9/29,186/18805,0.04838709677419355,31.376529477196883,16.362099608374105,6.3004368997085105e-12,1.188568907026092e-10,6.345247972963905e-11,9212/332/891/991/983/1063/2177/5347/147841,9
M5,GO:0010948,negative regulation of cell cycle process,10/29,315/18805,0.031746031746031744,20.585659551176793,13.776776226873784,2.2796363831960627e-11,4.1873320933443465e-10,2.2354329076216237e-10,9212/332/891/991/983/1063/2177/4751/5347/147841,10
M5,GO:0044772,mitotic cell cycle phase transition,11/29,457/18805,0.024070021881838075,15.608164189240174,12.42458689269935,3.613625766031497e-11,6.467463550487141e-10,3.4526950639005397e-10,9212/332/891/9133/991/983/1063/5347/6241/147841/11065,11
M5,GO:1901987,regulation of cell cycle phase transition,11/29,468/18805,0.023504273504273504,15.241305629236663,12.261149075796546,4.661636690005267e-11,8.134556024059191e-10,4.3426826006891174e-10,9212/332/891/991/983/1063/2177/5347/6241/147841/11065,11
M5,GO:0045930,negative regulation of mitotic cell cycle,9/29,246/18805,0.036585365853658534,23.723717409587888,14.099127222086908,7.728076119954672e-11,1.3156578370069173e-9,7.023720016595517e-10,9212/332/891/991/983/1063/2177/5347/147841,9
M5,GO:1901990,regulation of mitotic cell cycle phase transition,10/29,358/18805,0.027932960893854747,18.113080331342708,12.847819021005431,8.012802305843783e-11,1.331651430828324e-9,7.109102797665913e-10,9212/332/891/991/983/1063/5347/6241/147841/11065,10
M5,GO:2001251,negative regulation of chromosome organization,7/29,98/18805,0.07142857142857142,46.31773399014778,17.676722024276877,1.1933186682326435e-10,1.9370614661078725e-9,1.0341121384439555e-9,9212/332/891/991/1063/5347/147841,7
M5,GO:0051310,metaphase chromosome alignment,7/29,103/18805,0.06796116504854369,44.06930030130565,17.225228204081485,1.700300613183169e-10,2.6972950636405725e-9,1.4399675049445976e-9,9212/332/891/983/1063/4751/147841,7
M5,GO:0008608,attachment of spindle microtubules to kinetochore,6/29,54/18805,0.1111111111111111,72.04980842911877,20.548028347607076,1.9008259329529068e-10,2.930224361108351e-9,1.5643182383235655e-9,9212/332/891/983/4751/147841,6
M5,GO:1901988,negative regulation of cell cycle phase transition,9/29,273/18805,0.03296703296703297,21.377415687760514,13.328824957573167,1.9507533581847336e-10,2.930224361108351e-9,1.5643182383235655e-9,9212/332/891/991/983/1063/2177/5347/147841,9
M5,GO:0051988,regulation of attachment of spindle microtubules to kinetochore,5/29,23/18805,0.21739130434782608,140.96701649175412,26.39619251796313,2.0014641481108434e-10,2.930224361108351e-9,1.5643182383235655e-9,9212/332/891/983/4751,5
M5,GO:0090068,positive regulation of cell cycle process,9/29,274/18805,0.032846715328467155,21.29939592247672,13.30244737428308,2.015054001908322e-10,2.930224361108351e-9,1.5643182383235655e-9,9212/332/891/991/983/51203/6241/10051/11065,9
M5,GO:0045786,negative regulation of cell cycle,10/29,405/18805,0.024691358024691357,16.01106853980417,12.001976993709205,2.672338042937686e-10,3.806718273409193e-9,2.0322398865734495e-9,9212/332/891/991/983/1063/2177/4751/5347/147841,10
M5,GO:1901991,negative regulation of mitotic cell cycle phase transition,8/29,192/18805,0.041666666666666664,27.01867816091954,14.241319725918517,3.6451518754252113e-10,5.0828135308010404e-9,2.7134911625751296e-9,9212/332/891/991/983/1063/5347/147841,8
M5,GO:0051303,establishment of chromosome localization,7/29,115/18805,0.06086956521739131,39.47076461769115,16.26288794123079,3.713803582676978e-10,5.0828135308010404e-9,2.7134911625751296e-9,9212/332/891/983/1063/4751/147841,7
M5,GO:0050000,chromosome localization,7/29,123/18805,0.056910569105691054,36.903560414914494,15.700047695022478,5.971068064170283e-10,8.015010593828572e-9,4.278862539911498e-9,9212/332/891/983/1063/4751/147841,7
M5,GO:0007051,spindle organization,8/29,206/18805,0.038834951456310676,25.1824573150318,13.715505693063227,6.376429695018894e-10,8.397637598345638e-9,4.483130311890146e-9,9212/332/891/9133/991/4751/5347/22974,8
M5,GO:0051984,positive regulation of chromosome segregation,5/29,30/18805,0.16666666666666666,108.07471264367815,23.06641779401614,8.413407990582576e-10,1.0875108847086366e-8,5.8057435256651696e-9,9212/332/891/983/10051,5
M5,GO:0007052,mitotic spindle organization,7/29,135/18805,0.05185185185185185,33.62324393358876,14.950112152603777,1.1495146810625156e-9,1.4588386316029745e-8,7.788099465954652e-9,9212/332/891/991/4751/5347/22974,7
M5,GO:1905820,positive regulation of chromosome separation,5/29,32/18805,0.15625,101.32004310344827,22.32124637396665,1.1863740324235284e-9,1.4787304904136121e-8,7.894293373645283e-9,9212/332/991/10051/11065,5
M5,GO:0051225,spindle assembly,7/29,136/18805,0.051470588235294115,33.37601419878296,14.892063867026652,1.2106455151836822e-9,1.4825097712249301e-8,7.914469295937646e-9,9212/332/9133/991/4751/5347/22974,7
M5,GO:0090307,mitotic spindle assembly,6/29,75/18805,0.08,51.87586206896552,17.349865250356206,1.449622709786518e-9,1.7445459507430856e-8,9.313365503891603e-9,9212/332/991/4751/5347/22974,6
M5,GO:0045787,positive regulation of cell cycle,9/29,344/18805,0.02616279069767442,16.965216519647154,11.744891385211917,1.4994206839188853e-9,1.773890910805732e-8,9.470025372119277e-9,9212/332/891/991/983/51203/6241/10051/11065,9
M5,GO:0044839,cell cycle G2/M phase transition,7/29,160/18805,0.04375,28.369612068965516,13.663753584699329,3.773329450298805e-9,4.389639927180943e-8,2.343436184922416e-8,9212/332/891/9133/983/1063/5347,7
M5,GO:0030261,chromosome condensation,5/29,47/18805,0.10638297872340426,68.98385913426266,18.339355069098726,8.893742557950433e-9,1.0176774271228528e-7,5.4329333313450445e-8,983/51203/5347/10051/7153,5
M5,GO:0051321,meiotic cell cycle,8/29,293/18805,0.027303754266211604,17.705072378486527,11.326039787664836,1.0200444771872494e-8,1.1483726533495163e-7,6.130657808561737e-8,9133/991/2177/4751/5347/9232/10051/7153,8
M5,GO:1901992,positive regulation of mitotic cell cycle phase transition,6/29,105/18805,0.05714285714285714,37.05418719211822,14.559690308426546,1.1226216031266794e-8,1.2437934587022575e-7,6.640067627516199e-8,332/891/991/983/6241/11065,6
M5,GO:0140013,meiotic nuclear division,7/29,197/18805,0.03553299492385787,23.041309294591283,12.222026897203516,1.5979897193240695e-8,1.7428075376378134e-7,9.304084878959221e-8,9133/991/2177/5347/9232/10051/7153,7
M5,GO:1901970,positive regulation of mitotic sister chromatid separation,4/29,21/18805,0.19047619047619047,123.51395730706075,22.076171420039294,2.6800599303478135e-8,2.87797204828119e-7,1.5364230207985848e-7,9212/332/991/11065,4
M5,GO:0051656,establishment of organelle localization,9/29,487/18805,0.018480492813141684,11.983643701763082,9.6514923674245,3.0743528051364854e-8,3.251360996947374e-7,1.7357590000292118e-7,9212/332/891/983/1063/4751/51203/5347/147841,9
M5,GO:1901989,positive regulation of cell cycle phase transition,6/29,126/18805,0.047619047619047616,30.878489326765187,13.224817237469969,3.36054610243974e-8,3.500986835079013e-7,1.8690232839963363e-7,332/891/991/983/6241/11065,6
M5,GO:1903046,meiotic cell cycle process,7/29,220/18805,0.031818181818181815,20.632445141065826,11.511370500718598,3.4191249353132286e-8,3.509631183600932e-7,1.8736381224471874e-7,9133/991/2177/5347/9232/10051/7153,7
M5,GO:0010639,negative regulation of organelle organization,8/29,362/18805,0.022099447513812154,14.330348637835778,10.064740734016288,5.263475873192491e-8,5.290764509782879e-7,2.824507067505865e-7,9212/332/891/991/1063/5347/147841/22974,8
M5,GO:0045931,positive regulation of mitotic cell cycle,6/29,136/18805,0.04411764705882353,28.6080121703854,12.698915868973256,5.305924293478532e-8,5.290764509782879e-7,2.824507067505865e-7,332/891/991/983/6241/11065,6
M5,GO:0061982,meiosis I cell cycle process,6/29,140/18805,0.04285714285714286,27.79064039408867,12.504193842300086,6.307733379597507e-8,6.201123801350788e-7,3.3105079560823087e-7,9133/991/2177/5347/9232/7153,6
M5,GO:0000086,G2/M transition of mitotic cell cycle,6/29,143/18805,0.04195804195804196,27.20761996624066,12.363433310911773,7.157346711212179e-8,6.938650006147363e-7,3.704240841767707e-7,9212/332/891/983/1063/5347,6
M5,GO:0140694,membraneless organelle assembly,8/29,427/18805,0.01873536299765808,12.148913833481386,9.158407318180915,1.8697222014947325e-7,1.7877617762237305e-6,9.54407583747852e-7,9212/332/9133/991/1063/4751/5347/22974,8
M5,GO:0045132,meiotic chromosome segregation,5/29,96/18805,0.052083333333333336,33.773347701149426,12.651840741887462,3.3636879484883136e-7,3.172775929790328e-6,1.6938058801776145e-6,9133/2177/5347/9232/10051,5
M5,GO:1902423,regulation of attachment of mitotic spindle microtubules to kinetochore,3/29,10/18805,0.3,194.5344827586207,24.05801398467543,3.9282218799103573e-7,3.655865162903239e-6,1.9517060287554616e-6,9212/332/983,3
M5,GO:0051987,positive regulation of attachment of spindle microtubules to kinetochore,3/29,11/18805,0.2727272727272727,176.84952978056424,22.927173874971288,5.395704312560634e-7,4.955528434430688e-6,2.645539233582361e-6,9212/332/891,3
M5,GO:0010389,regulation of G2/M transition of mitotic cell cycle,5/29,109/18805,0.045871559633027525,29.74533375514078,11.82847718918928,6.340645321856817e-7,5.7477538112416345e-6,3.0684736075698063e-6,9212/891/983/1063/5347,5
M5,GO:0006310,DNA recombination,7/29,352/18805,0.019886363636363636,12.895278213166144,8.853908444952234,8.304574810269908e-7,7.431529766113328e-6,3.967367723124895e-6,2177/3148/3838/253714/64710/5347/7153,7
M5,GO:1902749,regulation of cell cycle G2/M phase transition,5/29,122/18805,0.040983606557377046,26.57574901074053,11.138008671051812,1.1095339837405491e-06,9.80322431203675e-6,5.233511395658286e-6,9212/891/983/1063/5347,5
M5,GO:0090235,regulation of metaphase plate congression,3/29,15/18805,0.2,129.68965517241378,19.595143964530095,1.4817449311710481e-6,1.2928224524467395e-5,6.901811916244093e-6,9212/332/983,3
M5,GO:0007127,meiosis I,5/29,130/18805,0.038461538461538464,24.94031830238727,10.764500274369441,1.5191403581835305e-6,1.3090863827309928e-5,6.988637905093825e-6,9133/2177/5347/9232/7153,5
M5,GO:0007080,mitotic metaphase chromosome alignment,4/29,63/18805,0.06349206349206349,41.171319102353586,12.551654687335118,2.550755148978142e-6,2.1712525536423696e-5,1.159136486185189e-5,9212/332/891/983,4
M5,GO:0007076,mitotic chromosome condensation,3/29,19/18805,0.15789473684210525,102.38656987295825,17.376513958877474,3.1425621901532444e-6,2.6113195341987674e-5,1.3940689414965519e-5,51203/5347/10051,3
M5,GO:1904666,regulation of ubiquitin protein ligase activity,3/29,19/18805,0.15789473684210525,102.38656987295825,17.376513958877474,3.1425621901532444e-6,2.6113195341987674e-5,1.3940689414965519e-5,991/5347/11065,3
M5,GO:0051443,positive regulation of ubiquitin-protein transferase activity,3/29,20/18805,0.15,97.26724137931035,16.928189302418836,3.6932992542239304e-6,3.0328504464097684e-5,1.6191058030901195e-5,991/5347/11065,3
M5,GO:0031145,anaphase-promoting complex-dependent catabolic process,3/29,24/18805,0.125,81.05603448275862,15.422789115249863,6.530079217764162e-6,5.179540106817483e-5,2.765129238144155e-5,991/5347/11065,3
M5,GO:0090266,regulation of mitotic cell cycle spindle assembly checkpoint,3/29,24/18805,0.125,81.05603448275862,15.422789115249863,6.530079217764162e-6,5.179540106817483e-5,2.765129238144155e-5,9212/332/891,3
M5,GO:1903504,regulation of mitotic spindle checkpoint,3/29,24/18805,0.125,81.05603448275862,15.422789115249863,6.530079217764162e-6,5.179540106817483e-5,2.765129238144155e-5,9212/332/891,3
M5,GO:0090231,regulation of spindle checkpoint,3/29,25/18805,0.12,77.81379310344828,15.103722703356368,7.412852897996439e-6,5.8136756435972075e-5,3.103666381893246e-5,9212/332/891,3
M5,GO:0051315,attachment of mitotic spindle microtubules to kinetochore,3/29,26/18805,0.11538461538461539,74.8209549071618,14.803100363335158,8.371061075004591e-6,6.492222922614672e-5,3.465913006493129e-5,9212/332/983,3
M5,GO:0000281,mitotic cytokinesis,4/29,98/18805,0.04081632653061224,26.467276565798734,9.93381462248035,1.4902895266879813e-5,1.1431011973936385e-4,6.102515817785372e-5,9212/332/51203/5347,4
M5,GO:2001252,positive regulation of chromosome organization,4/29,105/18805,0.0380952380952381,24.70279146141215,9.571850872256555,1.9575039375500485e-5,1.4851497265325368e-4,7.928562859184407e-5,9212/983/4751/10051,4
M5,GO:0051438,regulation of ubiquitin-protein transferase activity,3/29,36/18805,0.08333333333333333,54.03735632183908,12.51800536684398,2.2751090533624444e-5,1.7075549669322434e-4,9.11588686916022e-5,991/5347/11065,3
M5,GO:0007143,female meiotic nuclear division,3/29,41/18805,0.07317073170731707,47.447434819175776,11.700745469343154,3.379170449169044e-5,2.5092138016170136e-4,1.3395591702193072e-4,9133/5347/7153,3
M5,GO:0061640,cytoskeleton-dependent cytokinesis,4/29,126/18805,0.031746031746031744,20.585659551176793,8.669004821726164,4.008150617572551e-5,2.9449359274375165e-4,1.5721720981946627e-4,9212/332/51203/5347,4
M5,GO:0034502,protein localization to chromosome,4/29,131/18805,0.030534351145038167,19.79994735456699,8.48586631380826,4.6670250254713076e-5,3.393316112269763e-4,1.8115426085710997e-4,9212/983/253714/5347,4
M5,GO:0045840,positive regulation of mitotic nuclear division,3/29,47/18805,0.06382978723404255,41.3903154805576,10.895708869482883,5.108212122940431e-5,3.6758062492911556e-4,1.962351699968435e-4,991/51203/11065,3
M5,GO:1901976,regulation of cell cycle checkpoint,3/29,49/18805,0.061224489795918366,39.7009148486981,10.660356815042604,5.792095152361953e-5,4.125390220763921e-4,2.2023648592224825e-4,9212/332/891,3
M5,GO:0006265,DNA topological change,2/29,10/18805,0.2,129.68965517241378,15.997239766736518,1.0254590486081322e-4,7.23000420129774e-4,3.8597820649365105e-4,3148/7153,2
M5,GO:0051785,positive regulation of nuclear division,3/29,62/18805,0.04838709677419355,31.376529477196883,9.41536212749936,1.1730679493730186e-4,8.188014286623671e-4,4.3712216218741955e-4,991/51203/11065,3
M5,GO:0006302,double-strand break repair,5/29,323/18805,0.015479876160990712,10.03789900715277,6.438976560862134,1.226569580321016e-4,8.476688782812566e-4,4.5253322713250624e-4,2177/3148/253714/64710/5347,5
M5,GO:0051256,mitotic spindle midzone assembly,2/29,11/18805,0.18181818181818182,117.89968652037618,15.241322749778137,1.2521397917849254e-4,8.568564457508607e-4,4.5743806634867244e-4,9212/332,2
M5,GO:0035825,homologous recombination,3/29,67/18805,0.04477611940298507,29.034997426659803,9.034391083934922,1.4781993787126252e-4,9.792420659356278e-4,5.227743799445214e-4,2177/64710/7153,3
M5,GO:0045143,homologous chromosome segregation,3/29,67/18805,0.04477611940298507,29.034997426659803,9.034391083934922,1.4781993787126252e-4,9.792420659356278e-4,5.227743799445214e-4,2177/5347/9232,3
M5,GO:0000022,mitotic spindle elongation,2/29,12/18805,0.16666666666666666,108.07471264367815,14.581495414472514,1.5011303876090568e-4,9.792420659356278e-4,5.227743799445214e-4,9212/332,2
M5,GO:0051081,nuclear membrane disassembly,2/29,12/18805,0.16666666666666666,108.07471264367815,14.581495414472514,1.5011303876090568e-4,9.792420659356278e-4,5.227743799445214e-4,983/5347,2
M5,GO:0090267,positive regulation of mitotic cell cycle spindle assembly checkpoint,2/29,12/18805,0.16666666666666666,108.07471264367815,14.581495414472514,1.5011303876090568e-4,9.792420659356278e-4,5.227743799445214e-4,9212/332,2
M5,GO:0044773,mitotic DNA damage checkpoint signaling,3/29,70/18805,0.04285714285714286,27.79064039408867,8.82526689306888,1.6838656329897522e-4,0.0010882761220618953,5.809828792186865e-4,983/2177/5347,3
M5,GO:0030397,membrane disassembly,2/29,13/18805,0.15384615384615385,99.76127320954907,13.998916926234788,1.7723662455195366e-4,0.0011145149904257987,5.949906599468146e-4,983/5347,2
M5,GO:0090232,positive regulation of spindle checkpoint,2/29,13/18805,0.15384615384615385,99.76127320954907,13.998916926234788,1.7723662455195366e-4,0.0011145149904257987,5.949906599468146e-4,9212/332,2
M5,GO:1903490,positive regulation of mitotic cytokinesis,2/29,13/18805,0.15384615384615385,99.76127320954907,13.998916926234788,1.7723662455195366e-4,0.0011145149904257987,5.949906599468146e-4,9212/332,2
M5,GO:0010972,negative regulation of G2/M transition of mitotic cell cycle,3/29,73/18805,0.0410958904109589,26.648559282002832,8.62888960035206,1.9072853804943748e-4,0.0011886474960581014,6.345667525329029e-4,9212/983/5347,3
M5,GO:0044774,mitotic DNA integrity checkpoint signaling,3/29,74/18805,0.04054054054054054,26.288443616029824,8.566039274096994,1.9858172163896265e-4,0.0012266375372035037,6.548479688886147e-4,983/2177/5347,3
M5,GO:0051231,spindle elongation,2/29,14/18805,0.14285714285714285,92.63546798029556,13.479545704551612,2.0657829093391274e-4,0.001232786395256365,6.581305744544613e-4,9212/332,2
M5,GO:0051255,spindle midzone assembly,2/29,14/18805,0.14285714285714285,92.63546798029556,13.479545704551612,2.0657829093391274e-4,0.001232786395256365,6.581305744544613e-4,9212/332,2
M5,GO:0071103,DNA conformation change,2/29,14/18805,0.14285714285714285,92.63546798029556,13.479545704551612,2.0657829093391274e-4,0.001232786395256365,6.581305744544613e-4,3148/7153,2
M5,GO:1902750,negative regulation of cell cycle G2/M phase transition,3/29,75/18805,0.04,25.93793103448276,8.504420868278167,2.066418456232016e-4,0.001232786395256365,6.581305744544613e-4,9212/983/5347,3
M5,GO:0000910,cytokinesis,4/29,194/18805,0.020618556701030927,13.370067543547812,6.806293352006311,2.1311050423701466e-4,0.0012606028131986122,6.729805396958357e-4,9212/332/51203/5347,4
M5,GO:0009263,deoxyribonucleotide biosynthetic process,2/29,15/18805,0.13333333333333333,86.45977011494253,13.012673756366674,2.3813160570356558e-4,0.0013513484616348682,7.214256604113154e-4,6241/7298,2
M5,GO:0009265,2'-deoxyribonucleotide biosynthetic process,2/29,15/18805,0.13333333333333333,86.45977011494253,13.012673756366674,2.3813160570356558e-4,0.0013513484616348682,7.214256604113154e-4,6241/7298,2
M5,GO:0034501,protein localization to kinetochore,2/29,15/18805,0.13333333333333333,86.45977011494253,13.012673756366674,2.3813160570356558e-4,0.0013513484616348682,7.214256604113154e-4,9212/983,2
M5,GO:0046385,deoxyribose phosphate biosynthetic process,2/29,15/18805,0.13333333333333333,86.45977011494253,13.012673756366674,2.3813160570356558e-4,0.0013513484616348682,7.214256604113154e-4,6241/7298,2
M5,GO:1903083,protein localization to condensed chromosome,2/29,15/18805,0.13333333333333333,86.45977011494253,13.012673756366674,2.3813160570356558e-4,0.0013513484616348682,7.214256604113154e-4,9212/983,2
M5,GO:0048308,organelle inheritance,2/29,16/18805,0.125,81.05603448275862,12.589973438750455,2.718901500483724e-4,0.0015061851169346342,8.04086158037793e-4,983/5347,2
M5,GO:0048313,Golgi inheritance,2/29,16/18805,0.125,81.05603448275862,12.589973438750455,2.718901500483724e-4,0.0015061851169346342,8.04086158037793e-4,983/5347,2
M5,GO:1902412,regulation of mitotic cytokinesis,2/29,16/18805,0.125,81.05603448275862,12.589973438750455,2.718901500483724e-4,0.0015061851169346342,8.04086158037793e-4,9212/332,2
M5,GO:0044771,meiotic cell cycle phase transition,2/29,17/18805,0.11764705882352941,76.28803245436106,12.204857538401736,3.0784751852267855e-4,0.0016787309994439814,8.962008351729293e-4,9133/991,2
M5,GO:0045842,positive regulation of mitotic metaphase/anaphase transition,2/29,17/18805,0.11764705882352941,76.28803245436106,12.204857538401736,3.0784751852267855e-4,0.0016787309994439814,8.962008351729293e-4,991/11065,2
M5,GO:1902101,positive regulation of metaphase/anaphase transition of cell cycle,2/29,18/18805,0.1111111111111111,72.04980842911877,11.852037803907903,3.459973190239626e-4,0.001872140532393224,9.994536999957794e-4,991/11065,2
M5,GO:1901978,positive regulation of cell cycle checkpoint,2/29,19/18805,0.10526315789473684,68.25771324863884,11.527213067486041,3.863331727691164e-4,0.0020743119584064862,0.001107384155143864,9212/332,2
M5,GO:0032465,regulation of cytokinesis,3/29,95/18805,0.031578947368421054,20.477313974591652,7.479568707198852,4.149007624409437e-4,0.0022106926120899137,0.001180191803166686,9212/332/5347,3
M5,GO:0007096,regulation of exit from mitosis,2/29,20/18805,0.1,64.84482758620689,11.226844270951366,4.2884871427077177e-4,0.0022677000194015052,0.0012106255570323223,332/11065,2
M5,GO:0051383,kinetochore organization,2/29,21/18805,0.09523809523809523,61.756978653530375,10.94798915324649,4.735375913136552e-4,0.0024851822461423407,0.001326729777008579,1063/10051,2
M5,GO:0000082,G1/S transition of mitotic cell cycle,4/29,240/18805,0.016666666666666666,10.807471264367816,6.009492123874833,4.7817961060017195e-4,0.0024908161805889555,0.0013297374874505958,891/9133/983/6241,4
M5,GO:0022411,cellular component disassembly,5/29,456/18805,0.010964912280701754,7.110178463399879,5.191019950810088,6.020944652282835e-4,0.00311305138318031,0.0016619215648406424,9212/983/5347/7153/22974,5
M5,GO:0031398,positive regulation of protein ubiquitination,3/29,110/18805,0.02727272727272727,17.684952978056426,6.897332726368371,6.369594094253269e-4,0.003269100498374104,0.0017452293416142857,991/5347/11065,3
M5,GO:0051347,positive regulation of transferase activity,4/29,263/18805,0.015209125475285171,9.862331191818539,5.68813825428529,6.743752725347835e-4,0.00343586817685605,0.001834259289107287,991/5347/22974/11065,4
M5,GO:0000077,DNA damage checkpoint signaling,3/29,114/18805,0.02631578947368421,17.06442831215971,6.76120359447468,7.067617538360305e-4,0.003574780465054705,0.0019084184657357345,983/2177/5347,3
M5,GO:0044843,cell cycle G1/S phase transition,4/29,271/18805,0.014760147601476014,9.571192263646775,5.585523521612861,7.543192130988583e-4,0.0037878763362805975,0.0020221810029306766,891/9133/983/6241,4
M5,GO:0010971,positive regulation of G2/M transition of mitotic cell cycle,2/29,28/18805,0.07142857142857142,46.31773399014778,9.430976882022001,8.466823159390513e-4,0.0042179424448146215,0.0022517744314045785,891/983,2
M5,GO:0006260,DNA replication,4/29,280/18805,0.014285714285714285,9.263546798029555,5.4750612267405625,8.520485454424952e-4,0.0042179424448146215,0.0022517744314045785,983/374393/253714/64710,4
M5,GO:0031570,DNA integrity checkpoint signaling,3/29,123/18805,0.024390243902439025,15.815811606391927,6.478715374539681,8.812098672509522e-4,0.004331580896768765,0.00231244101561777,983/2177/5347,3
M5,GO:0019058,viral life cycle,4/29,295/18805,0.013559322033898305,8.792518994739918,5.301615778207174,0.0010343525543738325,0.005034188170484898,0.002687532215882452,983/3838/64710/7153,4
M5,GO:1902751,positive regulation of cell cycle G2/M phase transition,2/29,31/18805,0.06451612903225806,41.83537263626251,8.942553459543001,0.0010385717715613544,0.005034188170484898,0.002687532215882452,891/983,2
M5,GO:1903322,positive regulation of protein modification by small protein conjugation or removal,3/29,133/18805,0.022556390977443608,14.626652838994037,6.1978658907251765,0.001104677019326831,0.005317686617173297,0.0028388795995767566,991/5347/11065,3
M5,GO:1901875,positive regulation of post-translational protein modification,3/29,134/18805,0.022388059701492536,14.517498713329902,6.171454458690149,0.0011288073748657785,0.005396627038741873,0.0028810224275593772,991/5347/11065,3
M5,GO:0010458,exit from mitosis,2/29,33/18805,0.06060606060606061,39.29989550679206,8.65409918124025,0.0011770300953050548,0.005588891200836247,0.002983663829129892,332/11065,2
M5,GO:0007098,centrosome cycle,3/29,143/18805,0.02097902097902098,13.60380998312033,5.945841873105605,0.0013611084220320872,0.0064192816120161944,0.0034269728406782283,983/4751/5347,3
M5,GO:0007095,mitotic G2 DNA damage checkpoint signaling,2/29,37/18805,0.05405405405405406,35.05125815470643,8.147936013479777,0.0014790009281237056,0.006882284318868976,0.003674149674075732,983/5347,2
M5,GO:0031114,regulation of microtubule depolymerization,2/29,37/18805,0.05405405405405406,35.05125815470643,8.147936013479777,0.0014790009281237056,0.006882284318868976,0.003674149674075732,9212/22974,2
M5,GO:0006997,nucleus organization,3/29,154/18805,0.01948051948051948,12.632109270040305,5.696267220392454,0.0016833266837254096,0.007781205465167787,0.0041540442386810384,983/3148/5347,3
M5,GO:0031023,microtubule organizing center organization,3/29,156/18805,0.019230769230769232,12.470159151193634,5.653619164834042,0.0017465953901637072,0.008020549883778077,0.004281819723808535,983/4751/5347,3
M5,GO:0071459,"protein localization to chromosome, centromeric region",2/29,41/18805,0.04878048780487805,31.631623212783854,7.7165257440145405,0.0018140497106032085,0.008275860771248623,0.004418119006216277,9212/983,2
M5,GO:0009394,2'-deoxyribonucleotide metabolic process,2/29,42/18805,0.047619047619047616,30.878489326765187,7.618241282041763,0.0019029345279676078,0.008514412182829424,0.004545471139679712,6241/7298,2
M5,GO:0036297,interstrand cross-link repair,2/29,42/18805,0.047619047619047616,30.878489326765187,7.618241282041763,0.0019029345279676078,0.008514412182829424,0.004545471139679712,2177/64710,2
M5,GO:0040001,establishment of mitotic spindle localization,2/29,42/18805,0.047619047619047616,30.878489326765187,7.618241282041763,0.0019029345279676078,0.008514412182829424,0.004545471139679712,51203/5347,2
M5,GO:0009262,deoxyribonucleotide metabolic process,2/29,43/18805,0.046511627906976744,30.16038492381716,7.523336659406517,0.0019938562426055914,0.008808301628725966,0.0047023658220011946,6241/7298,2
M5,GO:0019692,deoxyribose phosphate metabolic process,2/29,43/18805,0.046511627906976744,30.16038492381716,7.523336659406517,0.0019938562426055914,0.008808301628725966,0.0047023658220011946,6241/7298,2
M5,GO:0070507,regulation of microtubule cytoskeleton organization,3/29,166/18805,0.018072289156626505,11.718944744495221,5.451516789183213,0.0020852836090097322,0.009103703394893468,0.004860067865770303,9212/5347/22974,3
M5,GO:0060236,regulation of mitotic spindle organization,2/29,44/18805,0.045454545454545456,29.474921630094045,7.431619504863389,0.002086808801121712,0.009103703394893468,0.004860067865770303,5347/22974,2
M5,GO:0042770,signal transduction in response to DNA damage,3/29,171/18805,0.017543859649122806,11.376285541439806,5.356850250889996,0.0022689163777671337,0.009836668519760616,0.005251365790974602,983/2177/5347,3
M5,GO:0007292,female gamete generation,3/29,172/18805,0.01744186046511628,11.310144346431436,5.33838828777809,0.002306809734626601,0.00993921725166276,0.005306112060154754,9133/5347/7153,3
M5,GO:0071763,nuclear membrane organization,2/29,47/18805,0.0425531914893617,27.593543653705062,7.173885769674963,0.00237779119658729,0.010182197884772568,0.005435828760683892,983/5347,2
M5,GO:0090224,regulation of spindle organization,2/29,48/18805,0.041666666666666664,27.01867816091954,7.093274071087513,0.0024788068506398885,0.010550043791138062,0.0056322055528018,5347/22974,2
M5,GO:0007019,microtubule depolymerization,2/29,51/18805,0.0392156862745098,25.429344151453687,6.865505538884732,0.0027938345187374083,0.011677224515441382,0.006233957892423842,9212/22974,2
M5,GO:0031297,replication fork processing,2/29,51/18805,0.0392156862745098,25.429344151453687,6.865505538884732,0.0027938345187374083,0.011677224515441382,0.006233957892423842,253714/64710,2
M5,GO:0032467,positive regulation of cytokinesis,2/29,51/18805,0.0392156862745098,25.429344151453687,6.865505538884732,0.0027938345187374083,0.011677224515441382,0.006233957892423842,9212/332,2
M5,GO:0000724,double-strand break repair via homologous recombination,3/29,188/18805,0.015957446808510637,10.3475788701394,5.062275717460645,0.0029674083623116923,0.012328875219604532,0.006581845615653755,253714/64710/5347,3
M5,GO:0051302,regulation of cell division,3/29,190/18805,0.015789473684210527,10.238656987295826,5.030100995915902,0.003057326036330537,0.012627299250643284,0.00674116111405176,9212/332/5347,3
M5,GO:0001701,in utero embryonic development,4/29,403/18805,0.009925558312655087,6.436211174809618,4.335497206917542,0.003229344806621484,0.013157188128052454,0.007024045539632889,891/9133/4751/6241,4
M5,GO:0044818,mitotic G2/M transition checkpoint,2/29,55/18805,0.03636363636363636,23.579937304075234,6.5906162123056635,0.0032416040529602355,0.013157188128052454,0.007024045539632889,983/5347,2
M5,GO:0000725,recombinational repair,3/29,194/18805,0.015463917525773196,10.02755065766086,4.967164310932675,0.0032421724327006047,0.013157188128052454,0.007024045539632889,253714/64710/5347,3
M5,GO:0031396,regulation of protein ubiquitination,3/29,201/18805,0.014925373134328358,9.678332475553267,4.861314624791924,0.0035819405365412585,0.014433450391232857,0.007705385972698585,991/5347/11065,3
M5,GO:0006998,nuclear envelope organization,2/29,58/18805,0.034482758620689655,22.360285374554103,6.402915045383171,0.003598023449963492,0.014433450391232857,0.007705385972698585,983/5347,2
M5,GO:0007131,reciprocal meiotic recombination,2/29,59/18805,0.03389830508474576,21.981297486849794,6.343466094361957,0.0037207208522129533,0.014672673191212663,0.007833096530974639,2177/7153,2
M5,GO:0045005,DNA-templated DNA replication maintenance of fidelity,2/29,59/18805,0.03389830508474576,21.981297486849794,6.343466094361957,0.0037207208522129533,0.014672673191212663,0.007833096530974639,253714/64710,2
M5,GO:0140527,reciprocal homologous recombination,2/29,59/18805,0.03389830508474576,21.981297486849794,6.343466094361957,0.0037207208522129533,0.014672673191212663,0.007833096530974639,2177/7153,2
M5,GO:0016032,viral process,4/29,421/18805,0.009501187648456057,6.161028749283315,4.209009465825889,0.0037756560567936796,0.014805662514842631,0.00790409369665856,983/3838/64710/7153,4
M5,GO:0007623,circadian rhythm,3/29,207/18805,0.014492753623188406,9.397801099450275,4.774635438781921,0.0038899383739608656,0.015168586508517788,0.008097842895513945,983/7153/7298,3
M5,GO:0051293,establishment of spindle localization,2/29,61/18805,0.03278688524590164,21.260599208592424,6.228861109462935,0.003971916927110342,0.015402211195127883,0.00822256486664948,51203/5347,2
M5,GO:0007062,sister chromatid cohesion,2/29,62/18805,0.03225806451612903,20.917686318131256,6.173589697530202,0.004100403931516108,0.015725724968122218,0.008395274677598048,991/5347,2
M5,GO:0071168,protein localization to chromatin,2/29,62/18805,0.03225806451612903,20.917686318131256,6.173589697530202,0.004100403931516108,0.015725724968122218,0.008395274677598048,253714/5347,2
M5,GO:0048524,positive regulation of viral process,2/29,64/18805,0.03125,20.264008620689655,6.066844344421065,0.004363126796014614,0.016641871604471038,0.008884365175663926,3838/7153,2
M5,GO:0070192,chromosome organization involved in meiotic cell cycle,2/29,65/18805,0.03076923076923077,19.952254641909814,6.015273104286888,0.004497351061675104,0.01706060348396317,0.009107907756481617,2177/10051,2
M5,GO:0031100,animal organ regeneration,2/29,66/18805,0.030303030303030304,19.64994775339603,5.964842264429257,0.004633476173747217,0.01738799123266429,0.009282685713109876,983/7298,2
M5,GO:0051653,spindle localization,2/29,66/18805,0.030303030303030304,19.64994775339603,5.964842264429257,0.004633476173747217,0.01738799123266429,0.009282685713109876,51203/5347,2
M5,GO:0051338,regulation of transferase activity,4/29,463/18805,0.008639308855291577,5.602144931853728,3.9404881364380846,0.005288969062872814,0.019741713400455742,0.010539234721401497,991/5347/22974/11065,4
M5,GO:0018107,peptidyl-threonine phosphorylation,2/29,71/18805,0.028169014084507043,18.26614861583293,5.728382021540583,0.005342413025545486,0.019835129211865688,0.010589105324989374,983/5347,2
M5,GO:0006303,double-strand break repair via nonhomologous end joining,2/29,72/18805,0.027777777777777776,18.012452107279692,5.6839739540800664,0.005489822543593551,0.020274582727133856,0.01082371027809589,3148/5347,2
M5,GO:0032206,positive regulation of telomere maintenance,2/29,75/18805,0.02666666666666667,17.291954022988506,5.5559394075854875,0.0059431927969630215,0.021833413538316783,0.011655901662741882,9212/4751,2
M5,GO:1903320,regulation of protein modification by small protein conjugation or removal,3/29,243/18805,0.012345679012345678,8.005534269902085,4.31971004619156,0.00607677840386101,0.022168811607464225,0.01183495597804605,991/5347/11065,3
M5,GO:0032481,positive regulation of type I interferon production,2/29,76/18805,0.02631578947368421,17.06442831215971,5.514896395548992,0.006098011215806778,0.022168811607464225,0.01183495597804605,3148/3838,2
M5,GO:1901873,regulation of post-translational protein modification,3/29,248/18805,0.012096774193548387,7.844132369299221,4.263958202838435,0.006428084433954888,0.023247683600520788,0.012410918405345132,991/5347/11065,3
M5,GO:0018210,peptidyl-threonine modification,2/29,81/18805,0.024691358024691357,16.01106853980417,5.320805491480775,0.00689956203643354,0.024696893853490314,0.013184588182982312,983/5347,2
M5,GO:0032436,positive regulation of proteasomal ubiquitin-dependent protein catabolic process,2/29,81/18805,0.024691358024691357,16.01106853980417,5.320805491480775,0.00689956203643354,0.024696893853490314,0.013184588182982312,991/5347,2
M5,GO:0032886,regulation of microtubule-based process,3/29,269/18805,0.011152416356877323,7.231765158313037,4.045775594671431,0.00803536089670885,0.028615724009708045,0.01527667968547225,9212/5347/22974,3
M5,GO:1901879,regulation of protein depolymerization,2/29,93/18805,0.021505376344086023,13.945124212087505,4.918245165851655,0.009006590191956064,0.031911674893326566,0.0170362432698501,9212/22974,2
M5,GO:1900182,positive regulation of protein localization to nucleus,2/29,94/18805,0.02127659574468085,13.796771826852531,4.888081469262377,0.009193641832641377,0.032409909086786266,0.01730222864835219,983/5347,2
M5,GO:0051054,positive regulation of DNA metabolic process,3/29,293/18805,0.010238907849829351,6.639402141932447,3.8235148936215495,0.01013973262211599,0.035440493255693976,0.018920124585304884,9212/983/4751,3
M5,GO:0051781,positive regulation of cell division,2/29,99/18805,0.020202020202020204,13.099965168930687,4.743881525640411,0.01015486912770601,0.035440493255693976,0.018920124585304884,9212/332,2
M5,GO:0031110,regulation of microtubule polymerization or depolymerization,2/29,100/18805,0.02,12.96896551724138,4.71628826067495,0.010352270616496677,0.03594967607121732,0.01919195495281395,9212/22974,2
M5,GO:0042773,ATP synthesis coupled electron transport,2/29,101/18805,0.019801980198019802,12.840559918060773,4.689086688555341,0.010551378239512842,0.03628010842945795,0.019368358292909237,891/983,2
M5,GO:0042775,mitochondrial ATP synthesis coupled electron transport,2/29,101/18805,0.019801980198019802,12.840559918060773,4.689086688555341,0.010551378239512842,0.03628010842945795,0.019368358292909237,891/983,2
M5,GO:0048511,rhythmic process,3/29,303/18805,0.009900990099009901,6.4202799590303865,3.7381461453149,0.011102823325485761,0.037989071966613046,0.02028069895367368,983/7153/7298,3
M5,GO:2000060,positive regulation of ubiquitin-dependent protein catabolic process,2/29,106/18805,0.018867924528301886,12.234873129473,4.5586315953614855,0.011572321437662729,0.039402343236529684,0.021035182484891432,991/5347,2
M5,GO:0051851,host-mediated perturbation of symbiont process,2/29,109/18805,0.01834862385321101,11.898133502056313,4.4844956274254,0.012205020179266054,0.041354874199649054,0.022077553109147594,64710/286827,2
M5,GO:0048144,fibroblast proliferation,2/29,110/18805,0.01818181818181818,11.789968652037617,4.460426349302007,0.012419243526855684,0.0418774491871752,0.022356532969778346,891/983,2
M5,GO:0032204,regulation of telomere maintenance,2/29,112/18805,0.017857142857142856,11.579433497536945,4.413209081393136,0.012852644356023927,0.04313050846396491,0.02302548634631817,9212/4751,2
M5,GO:0042752,regulation of circadian rhythm,2/29,113/18805,0.017699115044247787,11.476960634726884,4.390047604182775,0.013071811371524343,0.04345942242303049,0.023201079079705617,983/7153,2
M5,GO:0034504,protein localization to nucleus,3/29,322/18805,0.009316770186335404,6.04144356393232,3.5860735766366685,0.013075184396613758,0.04345942242303049,0.023201079079705617,983/3838/5347,3
M5,GO:1901800,positive regulation of proteasomal protein catabolic process,2/29,115/18805,0.017391304347826087,11.27736131934033,4.344586782429348,0.013515052523429785,0.04449767293091505,0.023755355478123855,991/5347,2
M5,GO:1903900,regulation of viral life cycle,2/29,115/18805,0.017391304347826087,11.27736131934033,4.344586782429348,0.013515052523429785,0.04449767293091505,0.023755355478123855,3838/7153,2
M5,GO:0022904,respiratory electron transport chain,2/29,117/18805,0.017094017094017096,11.084585912172122,4.300234807797683,0.013964801859340549,0.04576259013060893,0.02443063927949866,891/983,2
M5,GO:0001824,blastocyst development,2/29,118/18805,0.01694915254237288,10.990648743424897,4.278460066932053,0.014192104146737843,0.046290134086088855,0.02471227185413279,4751/6241,2
M5,GO:0006275,regulation of DNA replication,2/29,121/18805,0.01652892561983471,10.718153320034197,4.214674933210422,0.014883659596033258,0.048319973944331227,0.025795914305976858,983/64710,2
M5,GO:0051261,protein depolymerization,2/29,122/18805,0.01639344262295082,10.630299604296212,4.193908864699651,0.015117377147720596,0.04885152430143044,0.026079685722675883,9212/22974,2
M5,GO:0044829,positive regulation by host of viral genome replication,1/29,10/18805,0.1,64.84482758620689,7.936465548797606,0.015318490790603101,0.048932304187543754,0.02612281056008217,64710,1
M5,GO:0055015,ventricular cardiac muscle cell development,1/29,10/18805,0.1,64.84482758620689,7.936465548797606,0.015318490790603101,0.048932304187543754,0.02612281056008217,983,1
M5,GO:0035821,modulation of process of another organism,2/29,123/18805,0.016260162601626018,10.543874404261285,4.173382294418983,0.015352685697811005,0.048932304187543754,0.02612281056008217,64710/286827,2
M5,GO:0019079,viral genome replication,2/29,124/18805,0.016129032258064516,10.458843159065628,4.1530904393884525,0.01558958014132646,0.04946148608475395,0.026405317559950084,64710/7153,2
M6,GO:0070098,chemokine-mediated signaling pathway,3/23,83/18805,0.03614457831325301,29.552121529596647,9.122616755677802,1.3776153068292062e-4,0.030926887417354294,0.02282638277720023,1236/643/7032,3
M6,GO:1990868,response to chemokine,3/23,92/18805,0.03260869565217391,26.661153119092624,8.63408846506166,1.8694170398532293e-4,0.030926887417354294,0.02282638277720023,1236/643/7032,3
M6,GO:1990869,cellular response to chemokine,3/23,92/18805,0.03260869565217391,26.661153119092624,8.63408846506166,1.8694170398532293e-4,0.030926887417354294,0.02282638277720023,1236/643/7032,3
M6,GO:0050862,positive regulation of T cell receptor signaling pathway,2/23,19/18805,0.10526315789473684,86.06407322654462,12.981471893090093,2.4161630794808042e-4,0.030926887417354294,0.02282638277720023,1236/3783,2
M6,GO:0022600,digestive system process,3/23,112/18805,0.026785714285714284,21.900232919254655,7.763163904610093,3.339210291790763e-4,0.03419351338793741,0.025237399889534398,3783/6690/7032,3
M6,GO:0050857,positive regulation of antigen receptor-mediated signaling pathway,2/23,28/18805,0.07142857142857142,58.40062111801242,10.636546070543941,5.305348189551164e-4,0.04374889471186429,0.03228999424662681,1236/3783,2
M6,GO:0060326,cell chemotaxis,4/23,325/18805,0.012307692307692308,10.062876254180601,5.767330881368862,5.981294198887697e-4,0.04374889471186429,0.03228999424662681,51411/1236/643/3689,4
M6,GO:0007586,digestion,3/23,144/18805,0.020833333333333332,17.03351449275362,6.758660622648524,6.960197856264148e-4,0.04454526628009055,0.03287777671577407,3783/6690/7032,3
M7,GO:0048704,embryonic skeletal system morphogenesis,8/17,96/18805,0.08333333333333333,92.1813725490196,26.941747435943917,8.017024030075836e-15,4.3372100002710275e-12,2.7257881702257845e-12,3200/3202/3212/3214/3215/3216/3218/3219,8
M7,GO:0009952,anterior/posterior pattern specification,9/17,219/18805,0.0410958904109589,45.45930701047542,19.906783180310775,7.494019462718252e-14,2.0271322646652873e-11,1.273983308662103e-11,3206/3200/3202/3212/3214/3215/3216/3218/3219,9
M7,GO:0048706,embryonic skeletal system development,8/17,135/18805,0.05925925925925926,65.55119825708061,22.641663931397506,1.316986102577119e-13,2.3749649383140712e-11,1.4925842495874018e-11,3200/3202/3212/3214/3215/3216/3218/3219,8
M7,GO:0048705,skeletal system morphogenesis,8/17,233/18805,0.034334763948497854,37.980308003029535,17.0855299166629,1.0877701881012499e-11,1.4712091794069404e-9,9.246046598860625e-10,3200/3202/3212/3214/3215/3216/3218/3219,8
M7,GO:0003002,regionalization,9/17,430/18805,0.020930232558139535,23.15253077975376,13.978263042739119,3.2513055463956124e-11,3.517912601200053e-9,2.2108877715490167e-9,3206/3200/3202/3212/3214/3215/3216/3218/3219,9
M7,GO:0048568,embryonic organ development,9/17,457/18805,0.019693654266958426,21.784656970009014,13.53056406085267,5.593487235880369e-11,5.0434609910187994e-9,3.169642766998876e-9,3200/3202/3212/3214/3215/3216/3218/3219/3586,9
M7,GO:0007389,pattern specification process,9/17,476/18805,0.018907563025210083,20.915101334651506,13.238107929039701,8.036277206832972e-11,5.849384282306407e-9,3.6761379962738978e-9,3206/3200/3202/3212/3214/3215/3216/3218/3219,9
M7,GO:0048562,embryonic organ morphogenesis,8/17,302/18805,0.026490066225165563,29.30268796260226,14.914867053592296,8.649736461820936e-11,5.849384282306407e-9,3.6761379962738978e-9,3200/3202/3212/3214/3215/3216/3218/3219,8
M7,GO:1903706,regulation of hemopoiesis,5/17,436/18805,0.011467889908256881,12.685509983810038,7.4260430837406926,3.218204268954395e-5,0.0019344983438936974,0.0012157660571605491,3059/3202/3218/3586/7535,5
M7,GO:0048732,gland development,5/17,451/18805,0.011086474501108648,12.263597234902832,7.282983498813354,3.783429422118496e-5,0.0020468353173661064,0.001286366003520289,3206/3200/3202/3219/3586,5
M7,GO:0034101,erythrocyte homeostasis,3/17,149/18805,0.020134228187919462,22.27200947493091,7.841545948897963,3.0555641211143034e-4,0.014657326633328369,0.009211628568080676,3059/3202/3216,3
M7,GO:0021602,cranial nerve morphogenesis,2/17,31/18805,0.06451612903225806,71.36622390891841,11.794403795224792,3.5220932760308466e-4,0.014657326633328369,0.009211628568080676,3200/3212,2
M7,GO:0030878,thyroid gland development,2/17,31/18805,0.06451612903225806,71.36622390891841,11.794403795224792,3.5220932760308466e-4,0.014657326633328369,0.009211628568080676,3200/3202,2
M7,GO:0009954,proximal/distal pattern formation,2/17,34/18805,0.058823529411764705,65.06920415224914,11.247458235939929,4.242464566191243e-4,0.016394095216496162,0.010303128232178735,3206/3219,2
M7,GO:0002262,myeloid cell homeostasis,3/17,183/18805,0.01639344262295082,18.13404050144648,7.0061830361908095,5.575356090063931e-4,0.02010845096483058,0.012637473804144914,3059/3202/3216,3
M7,GO:1902107,positive regulation of leukocyte differentiation,3/17,195/18805,0.015384615384615385,17.018099547511312,6.763389729155805,6.707359674411467e-4,0.021345185787391786,0.013414719348822936,3059/3586/7535,3
M7,GO:1903708,positive regulation of hemopoiesis,3/17,195/18805,0.015384615384615385,17.018099547511312,6.763389729155805,6.707359674411467e-4,0.021345185787391786,0.013414719348822936,3059/3586/7535,3
M7,GO:0002520,immune system development,3/17,202/18805,0.01485148514851485,16.42836342457775,6.631524191780727,7.430802228141706e-4,0.022333688919025905,0.014035959764267669,3200/3214/3586,3
M7,GO:0045637,regulation of myeloid cell differentiation,3/17,220/18805,0.013636363636363636,15.084224598930481,6.320803743018358,9.515044263590617e-4,0.027092836561065915,0.017026921313793738,3059/3202/3218,3
M7,GO:0002011,morphogenesis of an epithelial sheet,2/17,65/18805,0.03076923076923077,34.036199095022624,8.025484605063157,0.001547268902110644,0.039860594097231354,0.02505102031988662,3212/3214,2
M7,GO:0021545,cranial nerve development,2/17,65/18805,0.03076923076923077,34.036199095022624,8.025484605063157,0.001547268902110644,0.039860594097231354,0.02505102031988662,3200/3212,2
M8,GO:1900226,negative regulation of NLRP3 inflammasome complex assembly,1/4,15/18805,0.06666666666666667,313.4166666666667,17.655542883715434,0.0031870791736305915,0.04042093736916788,0.011538536983170138,4210,1
M8,GO:0032695,negative regulation of interleukin-12 production,1/4,19/18805,0.05263157894736842,247.43421052631578,15.675639998487206,0.004035678811091903,0.04042093736916788,0.011538536983170138,4210,1
M8,GO:0141086,negative regulation of inflammasome-mediated signaling pathway,1/4,19/18805,0.05263157894736842,247.43421052631578,15.675639998487206,0.004035678811091903,0.04042093736916788,0.011538536983170138,4210,1
M8,GO:0032682,negative regulation of chemokine production,1/4,32/18805,0.03125,146.9140625,12.049525370458564,0.00678988610213116,0.04042093736916788,0.011538536983170138,4210,1
M8,GO:0070269,pyroptotic inflammatory response,1/4,40/18805,0.025,117.53125,10.761250934582726,0.008481941179445118,0.04042093736916788,0.011538536983170138,4210,1
M8,GO:1900016,negative regulation of cytokine production involved in inflammatory response,1/4,41/18805,0.024390243902439025,114.66463414634147,10.627208880711592,0.008693295948178581,0.04042093736916788,0.011538536983170138,4210,1
M8,GO:0006346,DNA methylation-dependent constitutive heterochromatin formation,1/4,43/18805,0.023255813953488372,109.3313953488372,10.373221254857103,0.009115904114651463,0.04042093736916788,0.011538536983170138,284428,1
M8,GO:1900225,regulation of NLRP3 inflammasome complex assembly,1/4,43/18805,0.023255813953488372,109.3313953488372,10.373221254857103,0.009115904114651463,0.04042093736916788,0.011538536983170138,4210,1
M8,GO:0032691,negative regulation of interleukin-1 beta production,1/4,44/18805,0.022727272727272728,106.8465909090909,10.252738097498666,0.009327157519594342,0.04042093736916788,0.011538536983170138,4210,1
M8,GO:0044546,NLRP3 inflammasome complex assembly,1/4,46/18805,0.021739130434782608,102.20108695652173,10.023603831195663,0.009749562990901683,0.04042093736916788,0.011538536983170138,4210,1
M8,GO:0007602,phototransduction,1/4,48/18805,0.020833333333333332,97.94270833333333,9.808864163924293,0.010171833368111782,0.04042093736916788,0.011538536983170138,2793,1
M8,GO:0140632,canonical inflammasome complex assembly,1/4,48/18805,0.020833333333333332,97.94270833333333,9.808864163924293,0.010171833368111782,0.04042093736916788,0.011538536983170138,4210,1
M8,GO:0141085,regulation of inflammasome-mediated signaling pathway,1/4,48/18805,0.020833333333333332,97.94270833333333,9.808864163924293,0.010171833368111782,0.04042093736916788,0.011538536983170138,4210,1
M8,GO:0032692,negative regulation of interleukin-1 production,1/4,52/18805,0.019230769230769232,90.40865384615385,9.416954961582842,0.011015968955464972,0.04042093736916788,0.011538536983170138,4210,1
M8,GO:0141084,inflammasome-mediated signaling pathway,1/4,53/18805,0.018867924528301886,88.70283018867924,9.325935086557925,0.01122691846349999,0.04042093736916788,0.011538536983170138,4210,1
M8,GO:0039532,negative regulation of cytoplasmic pattern recognition receptor signaling pathway,1/4,59/18805,0.01694915254237288,79.6822033898305,8.829027203433569,0.012491906922938667,0.04042093736916788,0.011538536983170138,4210,1
M8,GO:0032731,positive regulation of interleukin-1 beta production,1/4,62/18805,0.016129032258064516,75.82661290322581,8.607896199237647,0.013123945793263037,0.04042093736916788,0.011538536983170138,4210,1
M8,GO:0140719,constitutive heterochromatin formation,1/4,62/18805,0.016129032258064516,75.82661290322581,8.607896199237647,0.013123945793263037,0.04042093736916788,0.011538536983170138,284428,1
M8,GO:0032615,interleukin-12 production,1/4,65/18805,0.015384615384615385,72.32692307692308,8.402141998345154,0.013755681220200877,0.04042093736916788,0.011538536983170138,4210,1
M8,GO:0032655,regulation of interleukin-12 production,1/4,65/18805,0.015384615384615385,72.32692307692308,8.402141998345154,0.013755681220200877,0.04042093736916788,0.011538536983170138,4210,1
M8,GO:0009583,detection of light stimulus,1/4,68/18805,0.014705882352941176,69.13602941176471,8.210051698625845,0.014387113300890264,0.04042093736916788,0.011538536983170138,2793,1
M8,GO:0032732,positive regulation of interleukin-1 production,1/4,74/18805,0.013513513513513514,63.53040540540541,7.8612437872312855,0.015649067811998263,0.04156994983748019,0.011866533405881946,4210,1
M8,GO:0002534,cytokine production involved in inflammatory response,1/4,80/18805,0.0125,58.765625,7.552108123237964,0.016909810103381773,0.04156994983748019,0.011866533405881946,4210,1
M8,GO:1900015,regulation of cytokine production involved in inflammatory response,1/4,80/18805,0.0125,58.765625,7.552108123237964,0.016909810103381773,0.04156994983748019,0.011866533405881946,4210,1
M8,GO:0032602,chemokine production,1/4,105/18805,0.009523809523809525,44.773809523809526,6.560740077606271,0.022149871963027312,0.04761577398562587,0.013592370807671972,4210,1
M8,GO:0032642,regulation of chemokine production,1/4,105/18805,0.009523809523809525,44.773809523809526,6.560740077606271,0.022149871963027312,0.04761577398562587,0.013592370807671972,4210,1
M8,GO:0002532,production of molecular mediator involved in inflammatory response,1/4,107/18805,0.009345794392523364,43.93691588785046,6.4966549275459275,0.022568170010798805,0.04761577398562587,0.013592370807671972,4210,1
M8,GO:0032611,interleukin-1 beta production,1/4,111/18805,0.009009009009009009,42.3536036036036,6.37365237448547,0.023404363484460178,0.04761577398562587,0.013592370807671972,4210,1
M8,GO:0032651,regulation of interleukin-1 beta production,1/4,111/18805,0.009009009009009009,42.3536036036036,6.37365237448547,0.023404363484460178,0.04761577398562587,0.013592370807671972,4210,1
M8,GO:0034341,response to type II interferon,1/4,121/18805,0.008264462809917356,38.853305785123965,6.09293031525218,0.02549249988070934,0.049304844449256285,0.014074531867762722,4210,1
M8,GO:0039531,regulation of cytoplasmic pattern recognition receptor signaling pathway,1/4,129/18805,0.007751937984496124,36.4437984496124,5.89193331733512,0.02716059653860292,0.049304844449256285,0.014074531867762722,4210,1
M8,GO:0032612,interleukin-1 production,1/4,131/18805,0.007633587786259542,35.88740458015267,5.84453918156909,0.027577285878397584,0.049304844449256285,0.014074531867762722,4210,1
M8,GO:0032652,regulation of interleukin-1 production,1/4,131/18805,0.007633587786259542,35.88740458015267,5.84453918156909,0.027577285878397584,0.049304844449256285,0.014074531867762722,4210,1
M9,GO:0006119,oxidative phosphorylation,10/12,151/18805,0.06622516556291391,103.780353200883,32.04278683334127,5.363486701119765e-20,1.0887878003273123e-17,5.871606493857428e-18,4508/4512/4513/4514/4535/4536/4537/4538/4539/4540,10
M9,GO:0019646,aerobic electron transport chain,9/12,93/18805,0.0967741935483871,151.65322580645162,36.80251450636422,2.5846823816105167e-19,2.29984809417021e-17,1.2402603152382775e-17,4512/4513/4514/4535/4536/4537/4538/4539/4540,9
M9,GO:0042773,ATP synthesis coupled electron transport,9/12,101/18805,0.0891089108910891,139.64108910891088,35.30230711046095,5.605341017122933e-19,2.29984809417021e-17,1.2402603152382775e-17,4512/4513/4514/4535/4536/4537/4538/4539/4540,9
M9,GO:0042775,mitochondrial ATP synthesis coupled electron transport,9/12,101/18805,0.0891089108910891,139.64108910891088,35.30230711046095,5.605341017122933e-19,2.29984809417021e-17,1.2402603152382775e-17,4512/4513/4514/4535/4536/4537/4538/4539/4540,9
M9,GO:1902600,proton transmembrane transport,10/12,190/18805,0.05263157894736842,82.47807017543859,28.523558241834444,5.664650478251748e-19,2.29984809417021e-17,1.2402603152382775e-17,4508/4512/4513/4514/4535/4536/4537/4538/4539/4540,10
M9,GO:0009060,aerobic respiration,10/12,201/18805,0.04975124378109453,77.9643449419569,27.720568207150457,1.0068155323952066e-18,3.406392551270449e-17,1.8369967608614295e-17,4508/4512/4513/4514/4535/4536/4537/4538/4539/4540,10
M9,GO:0022904,respiratory electron transport chain,9/12,117/18805,0.07692307692307693,120.54487179487181,32.77631736695426,2.2116900916812417e-18,6.413901265875601e-17,3.4588837524037465e-17,4512/4513/4514/4535/4536/4537/4538/4539/4540,9
M9,GO:0022900,electron transport chain,9/12,127/18805,0.07086614173228346,111.05314960629921,31.44537936027717,4.739105503333545e-18,1.202548021470887e-16,6.485091741403799e-17,4512/4513/4514/4535/4536/4537/4538/4539/4540,9
M9,GO:0045333,cellular respiration,10/12,245/18805,0.04081632653061224,63.96258503401361,25.066534387039674,7.564178571985125e-18,1.706142500125534e-16,9.200872181128107e-17,4508/4512/4513/4514/4535/4536/4537/4538/4539/4540,10
M9,GO:0015980,energy derivation by oxidation of organic compounds,10/12,352/18805,0.028409090909090908,44.519412878787875,20.827567753042445,2.970037395463585e-16,6.029175912791078e-15,3.251409359244346e-15,4508/4512/4513/4514/4535/4536/4537/4538/4539/4540,10
M9,GO:0042776,proton motive force-driven mitochondrial ATP synthesis,7/12,68/18805,0.10294117647058823,161.3174019607843,33.46592100644111,4.592779671806218e-15,8.47576612160602e-14,4.5708046494530786e-14,4508/4535/4536/4537/4538/4539/4540,7
M9,GO:0006091,generation of precursor metabolites and energy,10/12,484/18805,0.02066115702479339,32.37775482093664,17.672079071558354,7.336921826930245e-15,1.2411626090556998e-13,6.693332192988995e-14,4508/4512/4513/4514/4535/4536/4537/4538/4539/4540,10
M9,GO:0015986,proton motive force-driven ATP synthesis,7/12,77/18805,0.09090909090909091,142.46212121212122,31.430950570798075,1.1368967283959802e-14,1.775307968187569e-13,9.573867186492466e-14,4508/4535/4536/4537/4538/4539/4540,7
M9,GO:0006754,ATP biosynthetic process,7/12,100/18805,0.07,109.69583333333334,27.53922584309935,7.527182360069719e-14,1.0914414422101093e-12,5.885917033437976e-13,4508/4535/4536/4537/4538/4539/4540,7
M9,GO:0009206,purine ribonucleoside triphosphate biosynthetic process,7/12,111/18805,0.06306306306306306,98.82507507507506,26.120305223208696,1.5929599583090205e-13,2.1553017894001192e-12,1.1623094949318767e-12,4508/4535/4536/4537/4538/4539/4540,7
M9,GO:0009145,purine nucleoside triphosphate biosynthetic process,7/12,112/18805,0.0625,97.94270833333333,26.001735992884836,1.6987600310542812e-13,2.1553017894001192e-12,1.1623094949318767e-12,4508/4535/4536/4537/4538/4539/4540,7
M9,GO:0009201,ribonucleoside triphosphate biosynthetic process,7/12,117/18805,0.05982905982905983,93.75712250712252,25.431763317757998,2.3228257358453107e-13,2.7737272022152827e-12,1.4958134769530175e-12,4508/4535/4536/4537/4538/4539/4540,7
M9,GO:0006120,"mitochondrial electron transport, NADH to ubiquinone",6/12,51/18805,0.11764705882352941,184.36274509803923,33.133470052165805,2.6783022190454945e-13,3.020529724812419e-12,1.6289089519341021e-12,4535/4536/4537/4538/4539/4540,6
M9,GO:0009142,nucleoside triphosphate biosynthetic process,7/12,125/18805,0.056,87.75666666666666,24.591618641506315,3.727761622838136e-13,3.982818997032324e-12,2.147851572161586e-12,4508/4535/4536/4537/4538/4539/4540,7
M9,GO:0009152,purine ribonucleotide biosynthetic process,7/12,157/18805,0.044585987261146494,69.86995753715499,21.896827575110333,1.890047834278528e-12,1.918398551792706e-11,1.0345524987629839e-11,4508/4535/4536/4537/4538/4539/4540,7
M9,GO:0009260,ribonucleotide biosynthetic process,7/12,173/18805,0.04046242774566474,63.40799614643546,20.837769959181134,3.761729907068858e-12,3.6363389101665624e-11,1.9610020568178507e-11,4508/4535/4536/4537/4538/4539/4540,7
M9,GO:0046390,ribose phosphate biosynthetic process,7/12,180/18805,0.03888888888888889,60.942129629629626,20.419164494736435,4.981515351535125e-12,4.596580074371047e-11,2.47884017492657e-11,4508/4535/4536/4537/4538/4539/4540,7
M9,GO:0006164,purine nucleotide biosynthetic process,7/12,198/18805,0.03535353535353535,55.40193602693603,19.445828853838503,9.772169198864923e-12,8.625001510302518e-11,4.651284195340742e-11,4508/4535/4536/4537/4538/4539/4540,7
M9,GO:0046034,ATP metabolic process,7/12,230/18805,0.030434782608695653,47.69384057971015,18.004322783713334,2.8100071193225343e-11,2.376797688426977e-10,1.2817576333751914e-10,4508/4535/4536/4537/4538/4539/4540,7
M9,GO:0009165,nucleotide biosynthetic process,7/12,234/18805,0.029914529914529916,46.87856125356126,17.845049670646105,3.172531802704709e-11,2.576095823796223e-10,1.3892349788685882e-10,4508/4535/4536/4537/4538/4539/4540,7
M9,GO:0009205,purine ribonucleoside triphosphate metabolic process,7/12,254/18805,0.027559055118110236,43.18733595800524,17.105390157022754,5.646935192438976e-11,4.4089532464042775e-10,2.3776569231322007e-10,4508/4535/4536/4537/4538/4539/4540,7
M9,GO:0009144,purine nucleoside triphosphate metabolic process,7/12,261/18805,0.02681992337164751,42.02905491698595,16.866607750181892,6.83477864326181e-11,4.955214516364812e-10,2.672244281576046e-10,4508/4535/4536/4537/4538/4539/4540,7
M9,GO:0009199,ribonucleoside triphosphate metabolic process,7/12,261/18805,0.02681992337164751,42.02905491698595,16.866607750181892,6.83477864326181e-11,4.955214516364812e-10,2.672244281576046e-10,4508/4535/4536/4537/4538/4539/4540,7
M9,GO:0072522,purine-containing compound biosynthetic process,7/12,264/18805,0.026515151515151516,41.55145202020202,16.767159028533978,7.405689180900356e-11,5.18398242663025e-10,2.7956140646593e-10,4508/4535/4536/4537/4538/4539/4540,7
M9,GO:0009141,nucleoside triphosphate metabolic process,7/12,277/18805,0.02527075812274368,39.601383874849574,16.354835320090864,1.0375636878732008e-10,7.020847621275326e-10,3.7861973171513296e-10,4508/4535/4536/4537/4538/4539/4540,7
M9,GO:1901293,nucleoside phosphate biosynthetic process,7/12,322/18805,0.021739130434782608,34.06702898550724,15.123578592634273,2.9765232884550654e-10,1.9491426695367043e-9,1.0511321629858298e-9,4508/4535/4536/4537/4538/4539/4540,7
M9,GO:0009150,purine ribonucleotide metabolic process,7/12,350/18805,0.02,31.34166666666667,14.478851627808503,5.328666490778553e-10,3.3803728050876447e-9,1.8229648521084525e-9,4508/4535/4536/4537/4538/4539/4540,7
M9,GO:0070482,response to oxygen levels,7/12,358/18805,0.019553072625698324,30.641294227188084,14.308479616347576,6.238667584061383e-10,3.837725816862002e-9,2.0696058333090398e-9,4508/4512/4513/4535/4536/4538/4540,7
M9,GO:0009259,ribonucleotide metabolic process,7/12,371/18805,0.018867924528301886,29.56761006289308,14.043286623937956,8.00012108718842e-10,4.7765428844095565e-9,2.5758903810142284e-9,4508/4535/4536/4537/4538/4539/4540,7
M9,GO:0019693,ribose phosphate metabolic process,7/12,379/18805,0.018469656992084433,28.943491644678982,13.886807997377531,9.282325225217451e-10,5.383748630626121e-9,2.903343829842451e-9,4508/4535/4536/4537/4538/4539/4540,7
M9,GO:0006163,purine nucleotide metabolic process,7/12,448/18805,0.015625,24.485677083333332,12.71331845363435,2.9701178545592477e-9,1.674816456876465e-8,9.031937335501807e-9,4508/4535/4536/4537/4538/4539/4540,7
M9,GO:0001666,response to hypoxia,6/12,316/18805,0.0189873417721519,29.75474683544304,13.026089739369391,1.8226140297479065e-8,9.999747244292569e-8,5.392656019737761e-8,4512/4513/4535/4536/4538/4540,6
M9,GO:0036293,response to decreased oxygen levels,6/12,330/18805,0.01818181818181818,28.49242424242424,12.73196601791242,2.3596913145641252e-8,1.2605719390960985e-7,6.798002679076706e-8,4512/4513/4535/4536/4538/4540,6
M9,GO:0010257,NADH dehydrogenase complex assembly,4/12,63/18805,0.06349206349206349,99.4973544973545,19.788121188981503,5.5479463534348493e-8,2.8155827743681863e-7,1.5183853177821693e-7,4535/4536/4538/4540,4
M9,GO:0032981,mitochondrial respiratory chain complex I assembly,4/12,63/18805,0.06349206349206349,99.4973544973545,19.788121188981503,5.5479463534348493e-8,2.8155827743681863e-7,1.5183853177821693e-7,4535/4536/4538/4540,4
M9,GO:0006123,"mitochondrial electron transport, cytochrome c to oxygen",3/12,24/18805,0.125,195.88541666666666,24.14033507082201,3.988029210410103e-7,1.9745608041786607e-6,1.0648396351287567e-6,4512/4513/4514,3
M9,GO:0033108,mitochondrial respiratory chain complex assembly,4/12,122/18805,0.03278688524590164,51.37978142076503,14.106867095558089,8.017617549335087e-7,3.875181815511959e-6,2.0898050755159127e-6,4535/4536/4538/4540,4
M9,GO:0006979,response to oxidative stress,4/12,408/18805,0.00980392156862745,15.363562091503269,7.412017241623997,9.414286389983533e-5,4.444418923643389e-4,2.3967828263360774e-4,4512/4535/4537/4540,4
M9,GO:0007005,mitochondrion organization,4/12,445/18805,0.008988764044943821,14.08614232209738,7.059484576844108,1.3169837748804982e-4,6.076084234107752e-4,3.276706042764876e-4,4535/4536/4538/4540,4
M9,GO:0021549,cerebellum development,2/12,108/18805,0.018518518518518517,29.02006172839506,7.379257898780936,0.002077337769530134,0.00937110149365816,0.005053640421780912,4512/4538,2
M9,GO:0022037,metencephalon development,2/12,118/18805,0.01694915254237288,26.560734463276834,7.038210099938941,0.002473023309722093,0.010913559388556192,0.005885455931604066,4512/4538,2
M9,GO:0030902,hindbrain development,2/12,161/18805,0.012422360248447204,19.46687370600414,5.9464046220994415,0.004544524184400558,0.01962847679645347,0.010585229903195029,4512/4538,2
M9,GO:2000347,positive regulation of hepatocyte proliferation,1/12,11/18805,0.09090909090909091,142.46212121212122,11.85890485580779,0.0069989113184762974,0.02959956245105601,0.01596242932284068,5764,1
M9,GO:0007406,negative regulation of neuroblast proliferation,1/12,12/18805,0.08333333333333333,130.59027777777777,11.34704231249756,0.007632944151517385,0.03098975325516058,0.016712130352795958,5764,1
M9,GO:0140059,dendrite arborization,1/12,12/18805,0.08333333333333333,130.59027777777777,11.34704231249756,0.007632944151517385,0.03098975325516058,0.016712130352795958,5764,1
M9,GO:0048680,positive regulation of axon regeneration,1/12,13/18805,0.07692307692307693,120.54487179487181,10.895165013481487,0.008266605869720167,0.03227155752986911,0.01740338077835825,5764,1
M9,GO:0070572,positive regulation of neuron projection regeneration,1/12,13/18805,0.07692307692307693,120.54487179487181,10.895165013481487,0.008266605869720167,0.03227155752986911,0.01740338077835825,5764,1
M9,GO:1900272,negative regulation of long-term synaptic potentiation,1/12,14/18805,0.07142857142857142,111.9345238095238,10.492367231919621,0.008899896670569118,0.03408828347406662,0.018383103351324495,5764,1
M9,GO:0044849,estrous cycle,1/12,15/18805,0.06666666666666667,104.47222222222223,10.130332572163962,0.009532816751456452,0.03583632963973444,0.019325788346032574,5764,1
M9,GO:0009642,response to light intensity,1/12,16/18805,0.0625,97.94270833333333,9.802593516757202,0.010165366309678237,0.0375194429248124,0.020233456386727976,4537,1
M9,GO:2000345,regulation of hepatocyte proliferation,1/12,17/18805,0.058823529411764705,92.18137254901961,9.504034358208402,0.010797545542435616,0.03914110259132911,0.021107983767167375,5764,1
M9,GO:1900006,positive regulation of dendrite development,1/12,18/18805,0.05555555555555555,87.06018518518518,9.230548287148366,0.011429354646837142,0.04070454374224456,0.0219511151111923,5764,1
M9,GO:0033194,response to hydroperoxide,1/12,20/18805,0.05,78.35416666666667,8.74602667087261,0.012691863258528002,0.043668614262392956,0.023549576786564004,4535,1
M9,GO:0055093,response to hyperoxia,1/12,20/18805,0.05,78.35416666666667,8.74602667087261,0.012691863258528002,0.043668614262392956,0.023549576786564004,4508,1
M9,GO:0002523,leukocyte migration involved in inflammatory response,1/12,21/18805,0.047619047619047616,74.62301587301587,8.529958117780447,0.013322563159561152,0.044335742973621535,0.023909345445976875,5764,1
M9,GO:2000738,positive regulation of stem cell differentiation,1/12,21/18805,0.047619047619047616,74.62301587301587,8.529958117780447,0.013322563159561152,0.044335742973621535,0.023909345445976875,5764,1
M9,GO:0072574,hepatocyte proliferation,1/12,24/18805,0.041666666666666664,65.29513888888889,7.964198772541043,0.015212447603884294,0.04901788672362717,0.026434328334235032,5764,1
M9,GO:0072575,epithelial cell proliferation involved in liver morphogenesis,1/12,24/18805,0.041666666666666664,65.29513888888889,7.964198772541043,0.015212447603884294,0.04901788672362717,0.026434328334235032,5764,1
